:020000040000FA
:1000000058080020893A0000F13A0000ADB900001C
:10001000CFB90000F1B9000035BA000013BA0000F2
:10002000D53A0000D53A0000D53A0000C955000085
:10003000F73A0000D53A0000FD3A0000033B00000B
:10004000D53A0000D53A0000D53A0000D53A000074
:10005000D53A0000D53A0000D53A0000D53A000064
:10006000D53A0000D53A0000D53A0000D53A000054
:10007000D53A0000D53A0000D53A0000D53A000044
:10008000D53A0000D53A0000D53A0000D53A000034
:10009000D53A0000D53A0000D53A0000D53A000024
:1000A000D53A0000D53A0000D53A0000D53A000014
:1000B000093B00000F3B0000153B00001B3B00000C
:1000C000D53A0000D53A0000D53A0000D53A0000F4
:1000D000D53A0000D53A0000D53A0000D53A0000E4
:1000E000D53A0000D53A0000D53A0000D53A0000D4
:1000F000D53A0000D53A0000D53A0000D53A0000C4
:10010000D53A0000D53A0000D53A0000D53A0000B3
:10011000D53A0000D53A0000D53A0000D53A0000A3
:10012000D53A0000D53A0000D53A0000D53A000093
:10013000D53A0000D53A0000D53A0000D53A000083
:10014000DF6000000D580000D53A0000D53A0000ED
:10015000D53A0000D53A0000213B0000273B0000C3
:1001600039EA0000D53A00002D3B0000333B000087
:10017000393B0000D53A0000D53A0000D53A0000DE
:10018000D53A0000D53A00003F3B0000453B000057
:10019000D53A00004B3B0000D53A0000D53A0000AC
:1001A000D53A0000D53A0000D53A0000D53A000013
:1001B000D53A0000D53A0000D53A0000D53A000003
:1001C000D53A0000D53A0000D53A0000D53A0000F3
:1001D000D53A0000D53A0000D53A0000D53A0000E3
:1001E000D53A0000D53A0000D53A0000D53A0000D3
:1001F000D53A0000D53A0000D53A0000D53A0000C3
:10020000D53A0000D53A0000D53A0000D53A0000B2
:10021000D53A0000D53A0000D53A0000D53A0000A2
:10022000D53A0000D53A0000D53A0000D53A000092
:10023000D53A0000D53A0000D53A0000D53A000082
:10024000FB600000D53A0000D53A0000D53A000026
:10025000D53A0000513B0000573B00005D3B0000D9
:10026000633B0000693B00006F3B0000753B0000F2
:10027000D53A0000D53A0000D53A0000D53A000042
:10028000D53A0000D53A0000D53A0000D53A000032
:10029000D53A0000D53A0000D53A0000D53A000022
:1002A000D53A0000D53A0000D53A0000D53A000012
:1002B000D53A0000D53A0000D53A0000D53A000002
:1002C000D53A0000D53A0000D53A0000D53A0000F2
:1002D000D53A0000D53A0000D53A0000D53A0000E2
:1002E000D53A0000D53A0000D53A0000D53A0000D2
:1002F000D53A0000D53A0000D53A0000D53A0000C2
:10030000D53A0000D53A0000D53A0000D53A0000B1
:10031000D53A0000D53A0000D53A0000D53A0000A1
:10032000D53A0000D53A0000D53A0000D53A000091
:10033000D53A0000D53A0000D53A0000D53A000081
:1003400017610000D53A0000D53A0000D53A000008
:10035000D53A0000D53A00007B3B0000813B00000D
:10036000873B00008D3B0000933B0000993B000061
:100370009F3B0000A53B0000AB3B0000D53A0000CE
:10038000D53A0000D53A0000B13B0000B73B000071
:10039000BD3B0000C33B0000C93B0000CF3B000059
:1003A000D53A0000D53A0000D53A0000D53B000010
:1003B000DB3B0000E13B0000D53A0000D53A0000ED
:1003C000E73B0000ED3B0000F33B0000F93B000081
:1003D000FF3B0000053C0000D53A0000D53A000084
:1003E000D53A0000D53A0000D53A0000D53A0000D1
:1003F000D53A0000D53A0000D53A0000D53A0000C1
:10040000D53A0000D53A0000D53A0000D53A0000B0
:10041000D53A0000D53A0000D53A0000D53A0000A0
:10042000D53A0000D53A0000D53A0000D53A000090
:10043000D53A0000D53A0000D53A0000D53A000080
:1004400033610000D53A0000D53A0000D53A0000EB
:100450000B3C0000113C0000173C0000D53A0000A6
:100460001D3C0000233C0000D53A0000D53A0000B6
:08047000D53A0000293C000010
:100480007FE97FE905F034BF7FE97FE905F042BFEE
:100490007FE97FE905F074BF7FE97FE905F062BF7E
:1004A0007FE97FE905F048BF000000000000000080
:1004B000000000000000000000000000000000003C
:1004C00001015F5F030100001F01000081120000B5
:1004D000000000000000000001000000010000001A
:1004E000000000000000000000000000000000000C
:1004F000021F00000000000000000000700000006B
:100500001605010080000000000F0000010000003F
:100510007106000001015F5F000100001F00000084
:10052000D1370000000000000000000003000000C0
:1005300001000000000000000000000000000000BA
:1005400000000000051F0000000000000000000087
:100550008000000070000000400000002105010044
:10056000600000000107000001000000652E00008F
:1005700001015F5F010100001F0100004B19000035
:10058000000000000000000000000000010000006A
:10059000000000000000000000000000000000005B
:1005A000011F000000000000000000003F050100E6
:1005B00070000000020F000001000000810D00002B
:1005C00001015F5F040100001F010000C929000054
:1005D000000000000000000000000000010000001A
:1005E000000000000000000000000000000000000B
:1005F000011F000000000000000000006405010071
:10060000400000000507000001000000B5270000C1
:1006100000015F5F02000000FE0B00005956000061
:10062000001E0000000000000000000000000000AC
:1006300000000000000000000100FFC3000000C433
:0C06400000FE0000E0530020000000005D
:10066000024B1B6803600020704700BFD831002098
:100670002DE9F04F04680646A3B0002C40F0EA8054
:10068000042702AD2022214628460EF013FC0DF16E
:100690004809202221460AA80EF00CFC40222146DF
:1006A00048460EF007FC06F1200353F8041D3A46B5
:1006B000013F09B1174601E0002FF6D14FF00408C1
:1006C00006F1300353F8041D424608F1FF3809B122
:1006D000904602E0B8F1000FF4D12FB96FF0830417
:1006E000204623B0BDE8F08F40234A4600217068C1
:1006F0000BF0F1F94028F1D1CDE902900124A9468F
:1007000006F1100AA74225D10DF128094C464FF0F9
:10071000000B06F11C0AD84529D1504BB26802994A
:100720001A600023CDE90033039B402B7ED10B8D53
:10073000180A032840D0012867D00968831ECDE934
:100740000012092B75D8DFE803F01F373C42484EF2
:10075000545A656B5AF8040FC9F80C0018B12146B9
:1007600070680BF0DAF949F8080F0134CAE75AF853
:10077000040F606018B1594670680BF0E6F944F850
:10078000080B0BF1010BC6E76A4628460AA901F0DF
:1007900026F804464FF0000AD0454DD14FF001082D
:1007A00047459DD055F838301BB1414670680BF075
:1007B000C0F908F10108F3E728460AA900F00AF990
:1007C000E7E76A4628460AA900F048FEE1E76A46DC
:1007D00028460AA900F062FDDBE76A4628460AA916
:1007E00000F0F3FED5E76A4628460AA900F0F1FFBB
:1007F000CFE76A4628460AA900F0EEFFC9E76A4635
:1008000028460AA900F0C8F9C3E728460AA901F05A
:1008100089F8BEE76A4628460AA901F090F8B8E7C9
:100820006A4628460AA901F08DF8B2E76FF0800405
:10083000B0E76FF08504ADE7D9F800302BB1514631
:10084000D9F8042070680BF08CF90AF1010A09F15B
:100850000809A1E76FF0850442E700BFD831002006
:1008600008B54FF4FA52002102480EF023FB002095
:1008700008BD00BF981200200023F7B50C6807469A
:100880000E461546019314BB22B3146001A8FFF76E
:10089000E7FEA8B94FF47A7C104A0CFB04F3D15858
:1008A000A646013471B94FF0010E02EB030C42F879
:1008B00003E0019910331344CCE9011734602B6035
:1008C00003B0F0BD082CE8D16FF08400F8E76FF0BA
:1008D0008800F5E76FF08600F2E700BF981200206D
:1008E0000023F7B505680193013D072D036004D986
:1008F0006FF08604204603B0F0BD01A8FFF7B0FEFC
:1009000004460028F6D14FF47A735D430A4E7359BA
:100910007719012BECD17A68019B9A42E8D105F155
:1009200010004FF47672214630440EF0C3FAC7E946
:1009300001447451DEE700BF98120020002373B514
:100940004C1E072C06461546019303D96FF088000C
:1009500002B070BDC2B101A8FFF782FE0028F7D136
:100960004FF47A7202FB04F1094B5C585A18012CBF
:10097000ECD19468B442E9D15468019A9442E5D12B
:10098000103119442960E3E76FF08600E0E700BF0B
:1009900098120020B0F5105F11D101F0FE43B3F1C1
:1009A000A06F094B08BF21F47E11994209D0074B73
:1009B000994206D006480B1A584258417047002009
:1009C00070470120704700BF00444004000240050A
:1009D0000002C00300232DE9F043D0F8008085B069
:1009E000B8F828900546A9F540720F460293082AE8
:1009F00050D8DFE802F0192A354F4F4F4F4F05000E
:100A00000A6812B96FF080040AE04B68032BF9D929
:100A1000D8F804305F49591A4B424B411360002407
:100A2000204605B0BDE8F0830B1D01934B68009391
:100A30000B68D0E90212D8F804000BF010FC044651
:100A40000028EDD000237B60EAE7436900938168CA
:100A5000D0E90323D8F804000BF014FC0446DFE7C8
:100A60000E68002ECED04B68032BCBD9D8F80830B7
:100A700031460320336002AAFFF7FEFE0446002839
:100A8000CED1D8F8041002980BF080FB0446002861
:100A9000C5D02BE00320D8F8081002AAFFF74EFFBC
:100AA0006FF441734B44022B04465DD83E68002E20
:100AB000A8D07B68032BA5D9D8F80830336000286C
:100AC00056D040F207339945A9D0A9E70298D5E955
:100AD00002120BF07BFBC1E7029807F10C03D7E988
:100AE00002120BF087FB044620B900243046FFF7C2
:100AF000F7FE95E70023FB6092E70298D5E9021222
:100B00000BF089FB044600288AD1EEE702980BF02F
:100B100032FB0446EAE700233E680393002E3FF4CD
:100B200071AF7B68032B7FF66DAFAB68002B3FF492
:100B300069AFEA68032A7FF665AF1B683146032078
:100B4000336003AAFFF798FE044600287FF468AFDD
:100B5000DDE902010BF0BFFB044600283FF460AF63
:100B6000C4E76FF085045BE700287FF459AF0646C1
:100B7000A9F20333042BF4D801A252F823F000BFEA
:100B8000CD0A0000170B0000D90A0000FB0A000084
:100B90000D0B00000900000200232DE9F047066854
:100BA0008EB0B6F828900DF1140807460D4692460F
:100BB000D2E900214046049300F0BCFEB9F5106F65
:100BC0000FD12B1D03936B6802932B680193FB6875
:100BD0000093BB68706898E806000BF0E3FF0446DA
:100BE00016E040F60113994516D12F68002F00F04A
:100BF00090806B68032B40F28C80B36839460420E8
:100C00003B6004AAFFF738FE0446002800F09280FB
:100C100020460EB0BDE8F0870420B16804AAFFF7B3
:100C20008DFE0446A8B140F60A139945F0D12F680D
:100C3000002F6ED06B68032B6BD9B3683B60002C20
:100C40007FD104980BF0D2FD04463846FFF748FEEA
:100C5000DEE7A9F60219B9F1080F68D801A353F825
:100C600029F000BF890C00009D0C0000A70C0000BB
:100C7000CF0C0000B50C0000190D0000C30C0000E3
:100C8000DD0C00002F0C00002968002941D06B68A2
:100C9000042B3ED104980BF0D7FDA0E7316B0498EC
:100CA0000BF0DBFD9BE7718D0498D7E902230BF075
:100CB0008AFE94E7718D0498D6E90C2306F082FC35
:100CC0008DE70498D5E900120BF0D8FD87E7718D08
:100CD000049898E80C000BF07FFE80E72E68C6B100
:100CE0006B68032B15D9B96899B1FA681C2A10D121
:100CF00007A80AF0B3FEDAF8040007A900F01DFE09
:100D00004246049907A80BF0CFFD059B04463360CB
:100D10007EE76FF080047BE7FB68718D0193BB6811
:100D20000498009398E80C0006F07EFC57E76FF0FB
:100D300085046DE77168049806F0EAFB0446002814
:100D400083D1002464E700BF08B514220249034898
:100D50000AF084FE014808BDFC2900009C520020D6
:100D600008B54FF40251044801F086FF034805F02E
:100D700077FB002008BD00BF1C3200202D190000A9
:100D80006FF47A72F0B50368044613448DB0032BF8
:100D900000F29380DFE803F0022E62800369082BE3
:100DA00002D06FF0800554E08569042DF9D100214F
:100DB000406808AA0AF08FFE0828F2D12B460221CB
:100DC000606806AA0AF087FE0428EAD165697DB149
:100DD000012160680AF0A1FE394B1860069BCDE93D
:100DE0000053DDE90823A06800F016F9054630E05D
:100DF0002846F1E70369082BD3D14569042DD0D1EA
:100E00000021406808AA0AF066FE0828C9D12B46CE
:100E10000121606806AA0AF05EFE0428C1D1266A94
:100E2000D6B1002160680AF090FE254B186005AB32
:100E3000CDE90163069B0093A068DDE9082300F07B
:100E40002BF9054628B926B10146059A60680AF0D3
:100E500088FE28460DB0F0BD3046E6E70369082B52
:100E60009FD1076A0C2F9CD10021406806AA0AF086
:100E700032FE082895D1DDE9062308AE0096A06869
:100E800000F046F905460028E3D101463B463246CC
:100E900060680AF02CFEDCE70369082B81D1002191
:100EA000406808AA0AF017FE08287FF47AAFDDE947
:100EB0000823A06800F03EF998E76FF08505C8E7C1
:100EC000DC310020014B1868704700BFDC31002086
:100ED0001FB5CDE90201084301921BD004220F483F
:100EE0000DEB02010AF0BAFD08220D480DEB0201DC
:100EF0000AF0B4FD01980B4BDFF82CC00B4AB0F59B
:100F0000807F08BF9C460549604600F00FFE05B093
:100F10005DF804FB6FF08600F9E700BFB0520020D7
:100F2000B4520020E0310020F831002010320020BF
:100F300030B5334B85B09D6AA8470369042B23D194
:100F4000A847304C8368A360A847037D01A8237697
:100F500003F0C0FEC0B9019BA26863609DF80C302D
:100F600021465343029A2848B2FBF3F22282274AD1
:100F7000E36000F082FD98B9234800F0BBFD30B972
:100F8000A8470369042B0DD06FF0800008E01E48CD
:100F900000F0CAFD20B91C4800F0ACFD0028EFD0DD
:100FA00005B030BDA8471A4C8368A360A847037DED
:100FB00001A8237603F080FE0028E5D1019BA268FA
:100FC00063609DF80C3021465343029A1148B2FBEE
:100FD000F3F222820D4AE36000F04FFD0028DFD1DA
:100FE0000C4800F087FD0028DAD00A4800F09CFD8C
:100FF0000028D5D1074805B0BDE8304000F07ABDE3
:10100000986100007C120020F8310020DC290000EB
:1010100060120020E031002019462DE9F04152EA2B
:1010200001030446DDE90665104626D0072D28D8C1
:101030002246FFF74DFF30B9134B9B68DB0705D500
:101040006FF084001BE010F18C0F18D10E4F45F4A7
:101050004035BD607E60FFF735FF00230B4D0790E4
:101060000B4806933A463346B4F5807F18BF2846AE
:10107000BDE8F041074900F06DBD6FF08600BDE8A6
:10108000F0816FF08500FAE710320020F83100207F
:10109000E0310020B05200202DE9F341194652EA18
:1010A00001030546089F10460A9E04D16FF0860092
:1010B00002B0BDE8F0812A46FFF70AFF0028F7D109
:1010C0000F4B1C68BC42F1D3099BE41B9C4228BF18
:1010D0001C460C4A0C4B3460B5F5807F14BF984613
:1010E0009046FFF7EFFE3B460090224640460749F8
:1010F00000F039FE0028DBD000233360D8E700BFC2
:1011000010320020E0310020F8310020B0520020E1
:1011100038B50546194610462A46049CFFF7D8FE06
:1011200028B9034B1A689B68C4E90022A36038BD44
:101130001032002010B50446194610462246FFF72B
:10114000C7FE80B9084B9B68DB070AD40748084BE9
:101150000849B4F5807F18BF1846BDE8104000F07C
:10116000F2BD6FF0840010BD10320020E03100208D
:10117000F8310020B0520020F8B51D46036804463F
:101180005B680E46174698470B4BC0F3410013F8B7
:10119000202063680699E0681D442368B1FBF2F2E1
:1011A00000FB065039469B6998470028B4BF6FF092
:1011B00091000020F8BD00BFF02900002DE9F74F95
:1011C0000C9C07469246002C55D0C26840681E18F9
:1011D0003B6802FB01665B689847284BC0F34100FF
:1011E00013F82080B6FBF8F908FB09F94E4540D00A
:1011F0003B680DF1040B0122594648465B6998474C
:10120000002804DA6FF0910003B0BDE8F08FA6EB80
:101210000901621890458EBF2546A8EB06054D448E
:101220002A46504659440AF019FC641B1FD0444515
:101230000FD3B4FBF8F93B684A465B690AEB05013A
:10124000A81998470028DDDB08FB09F3E41A0ED043
:101250001D443B6801225B6901A970199847002869
:10126000D0DB224601A90AEB05000AF0F7FB0020BB
:10127000CAE70025DBE72046C6E700BFF0290000EB
:1012800008B5FFF7EDFA40B9FFF75EFDFFF768FD1F
:1012900018B9BDE8084006F00DBC08BD134640F281
:1012A00009522DE9F04F0026D0F8008089B0B8F837
:1012B00028B0074693450D46059618D10A688368FD
:1012C0002AB96FF08004204609B0BDE8F08F496864
:1012D0000329F6D9002BF4D0C1680129F1D9D8F837
:1012E00004101888FFF756FB10600024EBE70DF19F
:1012F00018094846D3E9002100F01CFBBBF5A06F9C
:1013000013D12B1D03936B6802932B680193FB6829
:101310000093BB68D8F8042099E8030006F0EEF9C2
:1013200004460028CFD06E60CDE740F201539B45C4
:101330000FD12B1D03936B6802932B680193FB68FD
:101340000093BB68D8F8042099E8030005F08AFEF2
:10135000E6E7ABF2025A1FFA8AF3012B19D82E687E
:10136000002EAED06B68032BABD9D8F808303146CD
:101370000120336005AAFFF77FFA0446002CA2D1B2
:10138000BAF1060F67D8DFE80AF032411E2B495444
:1013900061000120D8F8081005AAFFF7CFFAABF2D8
:1013A0000753012B0446E9D82E68002E89D06B68BC
:1013B000032B86D9D8F8083033600028E0D0BBF57D
:1013C000A16F92D07FE705982B1DD5E900120BF095
:1013D0003CFB044600283FF476AF00236B6072E7C5
:1013E0000598D7E902120BF0C2F804466BE7D8F86B
:1013F0000430059899E806000BF0A1F8044600288F
:101400003FF473AF3046FFF76BFA5CE7D8F804306F
:10141000059899E806000BF09EF8EFE72B1D019365
:101420006B68059800932B68D7E902120BF0BDF8A2
:10143000CFE7059805F10C03D5E902120BF0CFF8C0
:1014400004460028DED00023EB603CE705980BF053
:1014500068F80446D6E76FF0850434E72DE9F04FCD
:101460000027D0F8009089B0B9F828B00DF118081D
:1014700006460D46D2E900214046059700F05AFA8B
:10148000BBF5806F15D12B1D03936B6802932B68FE
:101490000193F3680093B368D9F8042098E8030037
:1014A0000BF000F8044600B16F60204609B0BDE8BB
:1014B000F08F40F201439B450ED17369029333696B
:1014C0000193F3680093B368D9F8042098E8030007
:1014D0000AF0FDFF0446E8E7ABF2024A1FFA8AF37E
:1014E000012B1AD82F6817B96FF08004DDE76B68FD
:1014F000032BF9D9D9F80830394602203B6005AAF8
:10150000FFF7BAF90446002CCFD1BAF1050F59D82C
:10151000DFE80AF01F2D353B49530220D9F80810A7
:1015200005AAFFF70BFAABF20543022B0446EAD8F3
:101530002F68002FD8D06B68032BD5D9D9F8083085
:101540003B600028E1D040F207439B45ADD1002429
:10155000ABE7D9F80430059898E806000AF031FFA7
:1015600004460028F3D03846FFF7BAF99DE7D9F8CA
:101570000430059898E806000AF02FFFF0E7059878
:10158000D6E902120AF035FFA4E7059805F10C032D
:10159000D5E902120AF03FFF044608B90024E2E749
:1015A0000023EB6081E70598D6E902120AF060FF9C
:1015B000044600287FF479AFF0E705980AF0A5FE0D
:1015C0000446D0E76FF085046FE72DE9F04F4FF048
:1015D000000807688DB0B7F828B00DF12809064655
:1015E0000D46D2E900214846CDF8248000F0A2F94A
:1015F000BBF5C06F1ED12B1D07936B6806932B683C
:101600000593F3680493B368039373690293336992
:1016100001937B6A00937A6807F1140399E8030049
:1016200005F09CFD044608B1C5F8048020460DB0C5
:10163000BDE8F08F40F201639B4517D12B1D079346
:101640006B6806932B680593F3680493B368039360
:1016500073690293336901937B6A00937A6807F197
:10166000140399E8030005F0D3FDDBE7ABF2026A4F
:101670001FFA8AF3012B20D8D5F80080B8F1000FAB
:1016800002D16FF08004D1E76B68032BF9D9BB68F6
:1016900041460520C8F8003009AAFFF7EDF80446D6
:1016A000002CC3D1BAF1090F00F29080DFE80AF0F4
:1016B0002330525F66776C377D4D0520B96809AAE3
:1016C000FFF73CF96FF4C1635B44022B0446E7D893
:1016D000D5F80080B8F1000FD3D06B68032BD0D9B8
:1016E000BB68C8F800300028DCD040F20B639B4593
:1016F0009CD100249AE77B68099899E806000AF0D3
:1017000097FF04460028F4D04046FFF7E9F88DE73C
:101710007B68099899E806000AF096FFF1E705F161
:101720000C030293EB6809980193AB680093D5E929
:10173000041205F114030BF003F8044608B9002461
:10174000E2E70023EB606B6170E709980AF061FF44
:101750000446D9E709982B1DD5E900120BF0B8F91A
:10176000044600283FF462AF00236B605EE70998EF
:10177000D6E9021205F014FE044657E70998D7E9A6
:1017800003120AF06DFFF7E72B1D01936B680998B0
:1017900000932B68D6E902120AF0A6FFE0E7099849
:1017A000D6E902120AF078FFE6E7F3680998019398
:1017B000B3680093D5E9021205F10C030AF0F2FFB9
:1017C00004460028BBD00023EB602FE76FF08504B0
:1017D0002CE76FF0850070476FF0850070472DE9AA
:1017E000F0418EB003ACD0F8008006460D46174697
:1017F000D2E90021204600F09DF840F20322B8F81B
:101800002830934203D0A3F50273012B0ED8B168A0
:1018100011B96FF080043CE0F2681C2AF9D107A8E6
:101820000AF01CF9786807A900F087F8B8F82830A2
:10183000A3F50073092B72D8DFE803F01A71710564
:10184000142F3D464B63D6E904122E68002EE0D0DB
:101850006B68032BDDD9234607A805F0C3FA0446BD
:10186000039B4CE094E8030005F078FA044610E08E
:1018700094E8030007AA2E680AF045FB2B6804468B
:10188000002BC6D06A681C2AC3D8304607A90AF0C4
:10189000E5F820460EB0BDE8F0812B1D0093D5E998
:1018A000002394E803000AF068FB04460028F0D007
:1018B00000236B60EDE72B1D0093D5E9002394E82E
:1018C00003000AF083FBF0E794E803000BF0E5F96E
:1018D000CCE7002205A811462E6800F02BF82B68F3
:1018E000002B96D06B68032B93D994E8030005ABCB
:1018F00007AA0AF099FB04460028CAD1059B336069
:10190000C7E72E68002E84D06B68032B81D921464F
:1019100007A805F0A3FF04460028A1D0B9E76FF09F
:101920008504B6E7D1E9000105F0D6BE0FB400206A
:1019300004B07047C0E900217047886170476FF0BC
:10194000850070476FF085007047FFF7F1BA08B562
:10195000036800209B689847002818BF6FF091002B
:1019600008BD0020704770B504460E460025E368A8
:10197000AB4201D8002070BD606806FB03002368FD
:101980002844DB69984710B9A3681D44EFE76FF05E
:101990009100F0E72DE9F04F03688FB006AA0446E6
:1019A0000E46D3F80C8000F002FC00285FD10BA893
:1019B00000F0F4FE014600285CD1DDE9067A202221
:1019C00006A8099D0DF076FA3146204606AA00F0D9
:1019D00039FD00284BD1834681462368DB8A5B456D
:1019E00015D8002D35D12946204603AA00F067FC02
:1019F00000283CD12946204603AA00F082FEB0BB55
:101A0000204600F067FE78B36FF083002FE0B34507
:101A10001CD05946204606AA00F0C9FB38BB069BDD
:101A2000BB420DD10BA800F0B9FE48B9079B534546
:101A300006D9984528BF98465B1B0793099B994494
:101A40005946204606AA00F0FDFC80B90BF1010BB7
:101A5000C3E743462A4639462046CDE900A900F0AF
:101A6000A3F920B9002FCBD1204600F08BFB0FB09B
:101A7000BDE8F08F6FF08B00F9E7F8B50D4617461B
:101A8000064670B369B362B30B8ACA68C98A012B70
:101A90004FEA411112D9032B10D0022BA88A23D16F
:101AA000A2F114035B1A834234BF6FF08604002452
:101AB000824201D26FF08604012302E06FF08604B7
:101AC000023B0C20083100FB03118A4209D344B9C0
:101AD0001822214630460DF0EDF9C6E900572046A0
:101AE000F8BD6FF08604FAE7824234BF6FF08604D7
:101AF0000024E5E737B5054600F090FD044658B9E7
:101B00004FF08071284601AA00F0BBFB38B9284687
:101B10000199FFF73FFF0446204603B030BD10F1A6
:101B20008C0F18BF0446F7E700F09CBC10B58AB0D4
:101B3000144602AB01AA00F075FB40B9059B636037
:101B4000049B2360BDF81830A3600AB010BD6FF08D
:101B50008B00FAE72DE9F04393B00DF12808044615
:101B6000894615460021202240461F461A9E0DF048
:101B7000A1F94FF6FF73CDE9053325B96FF0860063
:101B800013B0BDE8F083AB68B3F1807FF6D2236871
:101B900049465A8A6B682046013B1344524213401F
:101BA0006B6005AA434600F03DFB002840F08580AD
:101BB000AB6805999A0306D50D9AD5F804C062451D
:101BC0006ED10C900E9306914FF6FF73069A9A42CF
:101BD0007CD121686B68898A8B42CFD807A9CDE96F
:101BE000028106A90191A9682046009105998A1AE7
:101BF00018BF0122494600F0C0FB0028C0D1002FC9
:101C00006CD120460A9907AA00F07BFD002851D12B
:101C100006994246204600F015FC0146002849D1AD
:101C2000DDE905539D4228BF1D4620462A4600F0A7
:101C3000DFFC00283ED14FF6FF72059B93420FD088
:101C4000069A93420CD09A4238BF1A462046691C25
:101C500000F0CEFC70BBDDE905539D4238BF1D4648
:101C600023682046DA8A691C00F0C2FC10BB0A9B7C
:101C7000002B62D1002F60D0204600F083FA0028AC
:101C80007FF47EAF4FF6FF73059999423FF478AF2A
:101C9000069B99423FF474AF2046FFF77BFE6FE747
:101CA0000E9B424643F0807320460E9300F0CAFB21
:101CB000002889D06FF0830062E710F18C0F7FF469
:101CC0005FAFAB68DB037FF55BAF7DE720460A992A
:101CD00007AA00F0F4FA002891D0EBE723685B8AAA
:101CE0005A1E3242E6D17D1E1D445B421D400C9BB4
:101CF0009E42DFD82A4631460D9800F043FD002869
:101D0000D8D11B9B4246CDE900532046334607A954
:101D100000F0C0F80028CDD10C9B3E440A999E42A9
:101D20002046079D88BF0C9600F027FA29460790A9
:101D30000A9A204600F083FB63E7204600F0CAFCC5
:101D4000002899D0B6E713B5002301AA044600F095
:101D500069FA28B920460199FFF71CFE02B010BDB0
:101D60006FF08B00FAE770B58CB015461C4603AADD
:101D700004AB064600F056FA98B92A462146069862
:101D800000F000FD58B9109B2246009330462B46C8
:101D900004A900F05EF8002818BF6FF083000CB0B3
:101DA00070BD6FF08B00FAE72DE9F04786B016465C
:101DB000DDE90E9703AA054688469A4600F07FFAA9
:101DC000044698B9059B414633442846059300F0E4
:101DD000D4F906467FB101464A462846CDE900A718
:101DE000039B00F0D7FB28B16FF08304204606B0B8
:101DF000BDE8F0870127049A4A450BD2A9EB0203FC
:101E0000CDE9002331462846039B00F0C3FB0028A0
:101E1000EAD1012742462846039900F010FB4146CB
:101E2000284603AA039600F06CFC044628B14246FB
:101E30003146284600F003FBD8E7B8F1000FD5D0B3
:101E4000002FD3D06B683146DB682868984704467A
:101E5000CCE72DE9FF410D461646096801AA044664
:101E60001F46DDF8288000F02AFA70B901994B1C52
:101E70000BD062686B680A9755684246AC4620688A
:101E8000334404B0BDE8F04160476FF0830004B014
:101E9000BDE8F0812DE9F3471546DDE90AA90F46B3
:101EA00098461168044600F068F96B687A689844AF
:101EB000A8EB0203CDE90023064601463B68204615
:101EC00000F068FB20BB6368CDF800A0D3F808A041
:101ED0004A46434631462068D047C8B9EB686A682D
:101EE000B9681A4423682046DB685B1A9B1ACDE95F
:101EF000002331463B6800F04DFB48B92B683BB1ED
:101F0000314663682068DB6802B0BDE8F0471847D7
:101F100002B0BDE8F08713B50C2404FB01F341685F
:101F200000948C68083341690068A04702B010BD76
:101F3000436810B5416904461B690068984750B969
:101F400023681A8A022A06D96268A1681846BDE881
:101F500010401269104710BD008A022814BF0338D0
:101F60000020704708B5FFF7F7FF0C2300FB033391
:101F700003EB4110083008BD2DE9F04F0024054661
:101F80000F46904626464FF00C098BB0D5F800A0BE
:101F90005046FFF7E1FF013086420ED300264FF096
:101FA0002009D5F800A0BAF816309E421DD30020B3
:101FB00088F800400BB0BDE8F08F09FB06F36A68B3
:101FC000CDF80090D2F804B039465046083302AA42
:101FD000D8470028EED102AB13F8012B01300C28B2
:101FE00084EA0204F8D10136D0E76B6831465046E6
:101FF000D3F804B0FFF7B6FF02AA034639465046AD
:10200000CDF80090D8470028D4D102AB13F8012BAB
:102010000130202884EA0204F8D10136C1E737B53F
:10202000837B01685A1CD2B28273097E04469142B6
:10203000416904BF02338373012900F10D020DD8F9
:10204000FFF79AFF40B90822636800929D686169B2
:102050000346A2182068A84703B030BD6FF0860081
:10206000FAE713B50C46114622790346012A09D135
:10207000036862791B7E9A420CBF6FF083000020D8
:1020800002B010BD022A04D11B68A2791B7E9A42BD
:1020900002D16FF08300F3E701290DD80DF107029B
:1020A000FFF76AFF0028EBD162799DF807309A426A
:1020B00018BF6FF09100E3E76FF08600E0E70822B9
:1020C000F0B5436887B000925C6800236A44054617
:1020D00019460068A0470246002834D000264FF079
:1020E000FF3408226B6800925F6801210023286892
:1020F00004AAB847002839D10122284604A9FFF7CD
:10210000B0FF002832D1002E35D02B689DF8162064
:102110001B7E9DF80E10B3FA83F35B0993421BD12B
:10212000002A0CBF01230223994203D191422CBF04
:102130000026012634462C61B4FA84F40020640998
:102140006C6107B0F0BD284602A9FFF78AFF04467C
:102150000028C3D10126C4E78B42E7D1002B0CBF76
:10216000012302239342E1D00646E3E7002EE2D1A9
:102170006FF08300E5E70124DDE709B940697047A6
:102180008068704710B50446FFF749FF70B963686F
:102190006169DB682068984740B9D4E90423204688
:1021A000C4E90432BDE81040FFF7C2BE10BDF7B568
:1021B000066805463046FFF7D5FE034620206968CD
:1021C00000904F68304629691446B847064640B922
:1021D0002868FFF7C1FE23680130834204D36FF003
:1021E0009706304603B0F0BD04F1140000F0D6FAB3
:1021F0000028F6D12D68E268AB8A9A42EFD8A3682E
:102200009A42ECD3D4E900372BB92846E98AFFF784
:10221000A9FEB842E3D83946E86800F0B3FA0028CE
:10222000DFD0DCE72DE9F0430746884691461C469F
:10223000002589B03B68DB8AAB4202D86FF08B0681
:1022400016E06A4629463846FFF7B1FFB0B90C22BE
:10225000414605A80CF0E8FD064668B9C9F80050EB
:1022600034B16D460FCD0FC495E80F0084E80F0020
:10227000304609B0BDE8F0830135DBE76FF0830637
:10228000F6E7F0B505460E461746002489B02B68E0
:10229000DB8AA34202D86FF08B0009E06A46214630
:1022A0002846FFF784FF38B9049B1E4202D03C60E9
:1022B00009B0F0BD0134EAE76FF08300F8E773B5C9
:1022C00006460C2000FB01F3716800904C683068F2
:1022D000316908331546A047044630B93368296888
:1022E0001A8A914204D36FF09704204602B070BD61
:1022F000D868D5E9011200F045FA04460028F2D169
:102300002B68012B03D83068C18AFFF72BFE6B685E
:102310008342EAD0E7E7F7B50C2606FB01F34168F4
:1023200000964F6808330169054600681446B847AF
:10233000034630B92B6821681A8A914204D36FF0A2
:102340009703184603B0F0BDD868D4E9011200F035
:1023500019FA03460028F2D12268012A09D82A680E
:102360001046FFF7F9FDD18A00FB066649010831E6
:10237000881962688242E4D0E1E72DE9F04F064611
:102380008B4691469846002789B0DDE9145A30689B
:10239000FFF7E2FD0130874202D36FF08D0421E0A8
:1023A000524639463046FFF78AFF0446002835D1A9
:1023B000DAF8082090452FD833685946DB682F603B
:1023C0009B1A6B600C22C5F80C8005F1140009F013
:1023D00045FB129BAC602B61DAF80830A3EB0803D5
:1023E000CAF8083000253368DB8A9D4205D26A4668
:1023F00029463046FFF7DBFE98B14FF6FF75139B79
:102400001D60CCB94FF6FF739D4208BF6FF08D047D
:10241000204609B0BDE8F08F0137B8E76FF08304BC
:10242000E0E705A800F0BAF920B1B9F1000FE6D154
:102430004FF001090135D6E76FF08D04E8E702B1EE
:102440008160704773B5056804462846FFF78AFD2A
:1024500003462020616800908E6828466169B04775
:1024600002B070BD70B58CB00546FFF728FE00289D
:1024700061D16E696B6831461B69286898470446CC
:10248000002878D1B6FA86F16B6828681B6949097B
:102490009847044600286ED12A680126137EB3FAB5
:1024A00083F35B09AB73138AC5E90406022B14BFDF
:1024B00002230123AB6002232B73D18A1046FFF75E
:1024C00051FDD36821461B1A029001AA28460393A6
:1024D0000196FFF720FD044600284CD106462B68E4
:1024E0000290DB6803932B681846FFF735FDB04276
:1024F00023D8002C4BD12B681846FFF72DFDA042A6
:1025000028D82022002104A80CF0D4FC00242B6839
:10251000DB8AA34232D82846FFF781FD48BB6B68AF
:102520006969DB6828689847044620BBD5E904231D
:10253000C5E904321FE000269CE7198A6A6802296F
:1025400014BF032100211846314412699047013617
:102550000443C8E71B8A2846022B14BF0323002329
:1025600023440134214601AA0193FFF7D4FC00283B
:10257000C1D06FF0830420460CB070BD21462846C0
:1025800004AAFFF75FFF0028F3D10134BFE76FF023
:102590009104F0E72DE9F04F044688461646994627
:1025A000C3B0DDE94CA51DB9284643B0BDE8F08FA6
:1025B000B5F5807F2F4628BF4FF48077636800977A
:1025C000D3F804B049465346206802AAD8470028E9
:1025D000EBD163680097D3F808B0414633462068D2
:1025E00002AAD8470028E0D13E44BA44ED1BDAE7FE
:1025F00073B5066804463046FFF7B4FC154602463C
:1026000029463046FFF7AEFC801ACDE9002020466F
:10261000D4E90431FFF7BEFF02B070BD2DE9F041EF
:10262000436805461B68006886B09847044628B989
:102630002846FFF744FD28B16FF08304204606B01A
:10264000BDE8F08108266B6805F108070096D3F80D
:1026500004803A46234629692868C0470028EBD100
:10266000394628462A69FFF7FCFC0028E4D12846B1
:10267000FFF75EFC04460028DED12B7B012B24D122
:10268000014603AA2846FFF746FE04460028D5D196
:10269000059B2A68C3F1FF23D26803F57F03F83353
:1026A0001344CDE90063324628462B696969FFF778
:1026B00071FF04460028C1D16B7B2846AB7302230F
:1026C0002B73FFF75FFD0446B8E7022B18BF6FF0CE
:1026D0008304B3E710B586B0002103AA0446FFF7D0
:1026E000EEFD60B92068049A059BD118C3682046A6
:1026F0005B1ACDE90023D4E90431FFF74BFF06B0A4
:1027000010BDF0B504460D4687B009B943691360A2
:1027100029462046FFF7FFFB0146C8B9D4E90476F5
:1027200085B90C2200212068FFF71CFC6A43143293
:10273000801ACDE900203B4631462046FFF72AFFAC
:1027400007B0F0BD204603AAFFF7B9FD014610B15E
:102750006FF08300F4E7204603AA0396FFF7DBFB44
:102760000028F5D1012DDCD00C2314226B430C3B47
:10277000019331463B4620460092FFF70BFF0028AD
:10278000CFD0DDE7814206D8401A904234BF6FF0C7
:102790008600002070476FF08600704700F10C0340
:1027A00010F8012B22B99842FAD16FF08B007047D4
:1027B000002070472DE9F04103680446A3F2F2338C
:1027C000A6B0032B00F2FD80DFE803F00D02919527
:1027D000042200F1200353F8040D1146013A0028A9
:1027E00052D00A4652E000230421169300F1200340
:1027F00053F8040D0A46013908B1114601E00029D9
:10280000F6D1042204F1300353F8045D1046013A76
:102810000DB1024601E0002AF6D12369042B03D052
:10282000012026B0BDE8F081206A0428F8D80129EB
:10283000F6D1012AF4D10021606806AA09F04BF90B
:102840000428EDD1A368002B16DB00220699A068AE
:1028500002F0BAFA0028E3D1216A069816AA02F01B
:1028600068FA05460028DBD1236A16AA00216068B1
:1028700009F03DF92846D4E7069806A902F0B9FA0E
:102880000028E2D00220CCE7002AA4D1042104F1E0
:10289000300353F8045D084601390DB1014601E0EB
:1028A0000029F6D12369042BBAD1012AB8D1002915
:1028B000B6D1606816AA09F00EF90428B0D1A36851
:1028C000002B0DDB00221699A06802F07DFA00288B
:1028D000A6D1169802F065FA003818BF0120A0E7CB
:1028E000169816A902F085FA0028EBD0CAE701F085
:1028F0003FFE002095E7002504260DF11808402230
:102900002946404616AFCDE90255CDE904550CF0F5
:10291000D1FA4022294638460CF0CCFA019504F150
:10292000200353F8041D3246013E59B13346164682
:10293000042504F1300252F8040D2946013D30B15E
:102940000D4606E0002EECD14FF0FF33F0E7002DEE
:10295000F1D12B43012B02D96FF0800061E70423F2
:10296000002160680DEB030209F0B5F80428F3D1EB
:10297000022E1FD16669402E20D8334642460121DF
:10298000606809F0A8F88642E6D1CDE9028602A97E
:1029900095B1236A402BDFD8CDE9047304AE3246EB
:1029A000019802F04BF90546002E3FF463AFDDE9D4
:1029B00004235BE70021EBE72E46F0E76FF0890088
:1029C0002FE76FF085002CE708B502F0B0F900287A
:1029D00014BF6FF09200002008BD00004F190000E6
:1029E000BD11000079110000631900006719000093
:1029F00001000000020000000400000054462D50B9
:102A000053412D43727970746F20312E312E300076
:102A100001680E4A0346914215D1C169A2F1102204
:102A2000A2F1EF1291420ED18268012A0BD8C2683E
:102A300012B101698A4206D0586928B19B691B1AF4
:102A40005842584170470120704700BF55AA00FF07
:102A50000E4B70B59E68B6B13046FFF7D9FF0446FD
:102A600018B9F3687BB935690DB9204670BD2846A1
:102A7000FFF7CEFF28B9EB68B34204D12E462D698B
:102A8000F2E70446F1E70124EFE700BFBC52002063
:102A9000394A2DE9F0411468D4B19468C4B10028D2
:102AA00068D0002966D001FB00F5B5FBF0F0884244
:102AB00060D1281D5ED8A9070DD025F0030104318F
:102AC000D46803E06068884207D2A469002CF9D179
:102AD0002046BDE8F0812946F2E7D4F80880B8F135
:102AE000000F02D0012008F0B6FF401A232804F19D
:102AF0002006D4E9057C1BD80123A360AFB1C7F839
:102B000018C0A36903B15F610023C4E905331369E9
:102B1000DB0703D5FFF79CFF0028E3D12A460021FD
:102B2000304634460CF0C6F9D2E7C2F80CC0E8E7EC
:102B300001F1200E04EB0E032038C3E901082069DF
:102B4000DFF83880DC60186144F80E80DFF830E090
:102B5000C3F81CE000B1C360C3E9057C47B1BB61A9
:102B6000986900B1436101202361C4E90110CBE7FA
:102B7000D360F5E70024ABE7BC52002055AA00FF64
:102B8000669911EEF8B5054600285DD0394F3B68CF
:102B9000002B59D0BA68002A56D0834203D87A68ED
:102BA0001344984202D3012008F055FFA0F12004FD
:102BB0002046FFF72DFF0028F5D155F8183C012BD2
:102BC000F1D155F8146C45F8180CB6B1B368002B68
:102BD0003BD155F81C3C03F1200273681344736029
:102BE00055F8103C336103B1DE60204620220021FD
:102BF0000CF060F9234634461E462069002830D088
:102C00008368002B2DD163684268203313446360CE
:102C10000369D4E905212361CAB9F1B9426981691F
:102C20006261A161DAB19461A26902B1546103B138
:102C3000DC60202200210CF03DF93B699B0703D5A5
:102C4000FFF706FF0028AED1F8BD0646D5E7916133
:102C5000A1690029E2D04A61E0E7F960F8E7FC6089
:102C6000E2E7002EE9D1FB68A36103B15C61FC607F
:102C7000E3E700BFBC52002038B50D461422002106
:102C8000044612480CF016F91149124803F0DEFB15
:102C9000232D1AD914F003031FBF043DED18C3F10F
:102CA0000403E4182A46002120460CF003F9074BE0
:102CB000094AC3E900459C602260A2F11022203D30
:102CC000A2F1EF126560E261DC6038BDBC52002009
:102CD000852B0000912A000055AA00FF000000008B
:102CE00008B54FF4CC7200210D480CF0E3F84FF416
:102CF00080730B498B6108A3D3E90023C1E9042346
:102D00000123A1F8903181F82830BDE8084000F097
:102D1000CBBA00BFAFF3008000BD40DFE143E14E1E
:102D2000A810002000000000002230B54C4C89B0F3
:102D300002AD04904FF4C87301200021CDE9004595
:102D4000CDE906220394ADF8142008F0BDFC10B1C3
:102D500001238DF81430049B0022009302204FF4CD
:102D6000C8730021019508F0AFFC10B101238DF864
:102D700015304FF4807238A1D1E90001039BC3E9FB
:102D800004019A61049BC3E904019A61002006A929
:102D900000F02DFE002858D12946012000F027FE22
:102DA000002852D1022007A900F021FE00284CD1B2
:102DB000079A029B9A429DF8143018BF0790012B86
:102DC00003D0002003A900F063FD9DF81530012B0E
:102DD00003D0012003A900F05BFD039B049993F845
:102DE0002830012B1CBF01238DF8143091F82830B6
:102DF000012B1CBF01238DF8153040F20113BDF8E3
:102E000014209A4225D09DF81430012B07D14FF49D
:102E1000C8721348A4F8903108F020FE07E09DF82E
:102E20001530022B13D04FF48073A4F8903194F82E
:102E300091010021013008F097FC10B110F18C0FC6
:102E400003D1074800F0A6FB002009B030BD0123E4
:102E5000DDE76FF08300F8E700BD40DFE143E14EBE
:102E6000A81000206FF47A72F0B5474B8DB018604F
:102E7000036804461344042B08D8DFE803F0032753
:102E80004867770003698668082B02D06FF08005D9
:102E900059E08569042DF9D10021406808AA08F09D
:102EA0001AFE0828F2D12B460221606806AA08F013
:102EB00012FE0428EAD1069B304601936369009311
:102EC000DDE9082300F092FC05463CE00369082B8D
:102ED000DCD14569042DD9D10021406808AA08F049
:102EE000FAFD0828D2D12B460121606805AA08F016
:102EF000F2FD0428CAD106AB0293236A0193059B15
:102F00000093A068DDE9082300F087FCDCE7036993
:102F1000082BBBD1076A0C2FB8D10021406806AA44
:102F200008F0D9FD0828B1D1DDE9062308AE0096E6
:102F3000A06800F086FC054628B901463B463246AB
:102F4000606808F0D4FD28460DB0F0BD0369082B79
:102F50009CD10021406808AA08F0BDFD082895D141
:102F6000DDE90823A06800F07CFCADE7056A042DCC
:102F70008CD100F089FC2B4608900021606808AADB
:102F800008F0B5FD0025DEE74012002038B5074BFC
:102F900002461D680C460B466868012108F09BFD3F
:102FA000844214BF6FF08000002038BD4012002022
:102FB0000B46044910B40C6802460021606810BC3E
:102FC00008F095BD4012002038B5084D2B4600F0A2
:102FD000FFF9044618B9BDE8384000F08DBA002169
:102FE000286808F0C1FB204638BD00BF441200200D
:102FF00008B50448FFF798FE024B034A383B53607C
:1030000008BD00BF98080020441200202DE9F347B6
:103010001F460023DFF864A001935346814688468B
:10302000164600F02BFA044608BB154DDAF80000EE
:10303000294601AAC5E90498AE6100F06FFC044678
:1030400078B9AE6ABE4216D30A9BF61B9E4228BFD1
:103050001E4605F1380031463844FFF7A9FF0B9BA7
:103060001E6040F64802002105480BF023FF204671
:1030700002B0BDE8F0876FF08604F2E7441200204A
:10308000600800202DE9F04F002585B0DDF838A05C
:103090000746BAF5006F0E4690469B46039571D8D9
:1030A000DFF8E8904B4600F0E9F9044600283AD1F1
:1030B000374DD9F80000294603AAC5E90476C5F8BA
:1030C000188000F02BFC044638BB2B6BDB074ED47A
:1030D000C5E90BAB4FF0010B5B46D9F800505146E8
:1030E0002C480193FFF752FF044698B9019B2749EA
:1030F000184600F041F9044660B9254BD9F80000A4
:103100001946C3F828A000F040FC0446F0B10DB108
:10311000C9F80050BBF1000F1FD042463846314677
:10312000FFF752FF19E010F18C0F1CD1184C40F63C
:103130004802294620460BF0BDFEC4E90BAB022332
:10314000AB46C4E90476C4F81880C8E7424638465E
:103150003146FFF739FF044660B140F648020021CE
:103160000B480BF0A7FE204605B0BDE8F08F6FF0CE
:103170008404D2E7002DF0D02146284608F0F4FA66
:103180000446EAE76FF08604EDE700BF4412002032
:1031900060080020980800202DE9F3471E46002310
:1031A000DFF84CA00193534681468846174600F04D
:1031B00065F90446B8B90F4DDAF80000294601AAAE
:1031C000C5E90498AF6100F0A9FB044628B9AB6AD1
:1031D0007360EB6A33602B6BB36040F648020021EA
:1031E00004480BF067FE204602B0BDE8F08700BF40
:1031F000441200206008002000232DE9F7431B4FF4
:1032000001933B4680460E46914600F037F904464E
:1032100020BB174D3868294601AAC5E90486C5F8C0
:10322000189000F07BFB044690B92B6BDB0719D498
:103230004A464046314600F037F9044640B900F0AE
:103240005BF9044620B92146386808F08DFA044637
:1032500040F64802002106480BF02CFE204603B041
:10326000BDE8F0836FF08404F2E700BF4412002051
:1032700060080020F0B500250A4CD4E910768E4293
:1032800008BF874205D1A66C964202D100201D607E
:10329000F0BD01350B2D04F12004EED16FF08B0051
:1032A000F6E700BFA81000200020F0B5DFB00290C4
:1032B00000F0A9FB02AD0246C0BB294600F097FB17
:1032C000024698BB2B4E029F304600F06BF9024637
:1032D00060BB03AC4FF4B47206F128012046C4F879
:1032E000687108F0BBFB4FF4B6722146304600F01F
:1032F00009FA0246D0B996F891714FF4C87200905D
:1033000033460021781C08F0C1F9024670B996F8DE
:103310009031206021460120029D86F8913186F887
:10332000907100F064FB68B16FF0830210465FB0EB
:10333000F0BD012000F067FB02460028F6D12368AB
:103340000133236023689D42F3D82146022000F018
:103350004EFB0028E8D123689D4201D80022E5E712
:10336000022000F050FB02460028DFD12368013321
:103370002360F0E7A810002070B50D4610B30023BD
:103380001C46124AD2E91016314308BF234604F105
:10339000010408BF00F1FF300B2C0ED020320028B2
:1033A000F0D1DC1C2046002108F0DEF910B110F14C
:1033B0008C0F01D100202C6070BD0028F1D06FF07F
:1033C0008D00F9E76FF08600F6E700BFA810002037
:1033D0002DE9F0471E4600238146884617468AB0ED
:1033E000244D02AC01930FCD0FC495E80F0084E883
:1033F0000F003A464846414601ABFFF73BFF1E4DE2
:10340000824668B9019C202205EB441430342146E1
:1034100002A808F023FB2022514620460BF04AFD6B
:1034200033687168DC1E05EB431343E9089805EB2C
:1034300044131C463034102220469F6408F00EFBD3
:10344000FFF732FF064688B1DDE90632134308D0A4
:10345000019B202205EB431502A905F1300008F07D
:10346000FDFA2022002120460BF024FD30460AB050
:10347000BDE8F087183A0000A810002037B51D46B7
:1034800001ABFFF7F7FE044648B9019B0549DA1C7A
:103490002A606868102201EB431108F0DFFA204629
:1034A00003B030BDD8100020002330B58BB001939D
:1034B00001ABFFF7DFFE0446C8B9019B0D4D20228A
:1034C00005EB4315294602A808F0C8FA2146202238
:1034D00028460BF0EFFCFFF7E7FE044620B1202260
:1034E000284602A908F0BAFA20460BB030BD6FF0AA
:1034F0008B04F9E7D8100020034B002193F89101C9
:10350000013008F031B900BFA810002030B589B0F3
:1035100004460D461822002102A80BF0CBFC002324
:103520004FF440710093194B6846CDE903134FF4F3
:103530001053ADF8043080234FF00821ADF8063069
:1035400008F030F800BB40F201116846104A07F05D
:10355000E3FFA0B90C232A4640F20121684608F097
:1035600045F860B92246694601A808F067F830B905
:10357000684607F0F5FF38B1206807F013FF68468A
:1035800007F0EEFF6FF0830009B030BD0002500578
:1035900002C0FF7F00F11C010C22014808F05EBA56
:1035A0004C1200201FB50822184904460DEB0200FA
:1035B00008F054FA042216490DEB020008F04EFA06
:1035C000029B039A013342F10002CDE90232134318
:1035D00014D008220D480DEB020108F03FFA042236
:1035E0000B480DEB020108F039FA0C22074904F1EF
:1035F0001C0008F033FA002004B010BD019B013319
:103600000193002BE5D16FF08300F5E74C12002009
:10361000541200202DE9F043994600238DB00E4648
:1036200009A904469046159F179D089300F05CF980
:1036300009A908A8FFF76AFF18BB169BCDE9006827
:10364000CDE90473149B1049CDE9029308980C232B
:10365000069504F11C0207F0C3FE28B1089807F094
:10366000A1FE6FF083000CE0296810221039296058
:103670002046394408F0F2F9089807F093FE002834
:10368000EFD10DB0BDE8F083000250052DE9F04107
:1036900004461D4600238CB0129E0F4609A9904691
:1036A000089300F021F921461022A81908F0D6F954
:1036B00009A908A8FFF72AFFC0B9159B1036069381
:1036C000149BCDE902560593139BCDE90078049332
:1036D0000B490C23089804F11C0207F0CFFE0346A7
:1036E000089833B107F05EFE6FF094000CB0BDE8AF
:1036F000F08107F057FE002818BF6FF08300F5E750
:1037000000025005002370B58EB00D460BA904468B
:1037100016460A9300F0E8F80BA90AA8FFF7F6FE90
:10372000F0B909AB06931023CDE90200CDE90443BB
:10373000CDE900560C230B490A9804F11C0207F04E
:103740004FFE03460A9813B9099B102B04D007F0CB
:1037500029FE6FF0830003E007F024FE0028F8D173
:103760000EB070BD00025005002370B58EB00D463E
:103770000BA9044616460A9300F0B6F80BA90AA84E
:10378000FFF7C4FEC0B909ABCDE9050310230490CF
:10379000CDE9024304F11C020C23CDE900560B498C
:1037A0000A9807F06BFE0346DDE90920134305D0B4
:1037B00007F0F8FD6FF094000EB070BD07F0F2FD59
:1037C000002818BF6FF08300F6E700BF0002500525
:1037D00000F000B808B5FFF70BFC30B100F056F868
:1037E00018B9BDE80840FFF703BC08BD30B419465E
:1037F00004461046DDE9022350EA010506D0072BF6
:1038000008D80292224630BCFFF73CBC6FF086001D
:1038100030BC70476FF08500FAE770B41946044673
:103820001046DDE9033250EA0106059D05D0CDE9D9
:103830000325224670BCFFF7E9BB6FF0860070BC21
:103840007047194610B40446104650EA0102019B25
:1038500003D0224610BCFFF79FBC6FF0860010BC5F
:103860007047194652EA010310B50446104608D0C5
:103870002246FFF7C1FC10F1950F08BF6FF08300DF
:1038800010BD6FF08600FBE700207047FFF728BAF5
:10389000F0B551F82070DDB0CB6801AD4FF4B472D3
:1038A00006460C46284607F128015B9308F0D6F837
:1038B0004FF4B67229463846FFF756FF80B12369A8
:1038C00083B14FF4B672294638465B93FFF74CFF3D
:1038D00000280CBF03230123344423725DB0F0BDE4
:1038E0000223F9E70123F7E71FB5D0E904230C46CB
:1038F000CDE90223042283690DEB020120460193E6
:1039000008F0ACF80822201D0DEB020108F0A6F823
:1039100004B010BD0F30000901307047F0B51546F6
:10392000002289B005AB019301F11C030F460093FF
:10393000114640F61C03064607F0C6FE00BB059C78
:103940000B2C1FD90C3CB4F5016F1BD820460696F2
:10395000FFF7E0FF07AB286003934FF4026307F122
:103960002806CDE90163042233463846009406A9AF
:10397000FFF78CFE10B9079B9C4201D06FF08300CB
:1039800009B0F0BD6FF09700FAE72DE9F04186B07D
:103990000490064608460D468F6AFFF703FE04466C
:1039A000B0B905AA03924FF4026207F1100805F1BD
:1039B0002803CDE9013228460422CDF8008004A96D
:1039C000FFF728FE10B9059B984505D06FF08304DA
:1039D000204606B0BDE8F08121460094304605F14E
:1039E0001C0307F11C0207F051FE0446F0E70A46EB
:1039F00008B511B96FF0830008BD042107F0E2FE9D
:103A00000028F9D0F6E708B507F0C4FE002814BF77
:103A10006FF08300002008BD0000000000000000DF
:103A20000000000000000000000000000000000096
:103A30000000000000000000000000000000000086
:103A400018060100E05200200B000000E005010014
:103A5000601200200E000000E00501006008002058
:103A6000000000000C530020E8090000981200201C
:103A700012100000600800208002000008B502F06B
:103A8000EBF800000000000008B572B60C4A0D4BC0
:103A90009A600D4B83F309880C4B83F30A8883F3F8
:103AA0000B880B4B04A1D1E90001C3E9000100F030
:103AB000E9F802F06FFC00BFA5EDF5FEA5EDF5FEFF
:103AC0000000000000ED00E0580800206000002029
:103AD00058080020EFF30880EFF309812DE9F00F7B
:103AE0006B46724600F074F908B0FFF7C7FFFEE7B7
:103AF00008B5FFF7EFFF08B5FFF7ECFF08B5FFF7D4
:103B0000E9FF08B5FFF7E6FF08B5FFF7E3FF08B5E3
:103B1000FFF7E0FF08B5FFF7DDFF08B5FFF7DAFFB5
:103B200008B5FFF7D7FF08B5FFF7D4FF08B5FFF7D3
:103B3000D1FF08B5FFF7CEFF08B5FFF7CBFF08B5FB
:103B4000FFF7C8FF08B5FFF7C5FF08B5FFF7C2FFCD
:103B500008B5FFF7BFFF08B5FFF7BCFF08B5FFF7D3
:103B6000B9FF08B5FFF7B6FF08B5FFF7B3FF08B513
:103B7000FFF7B0FF08B5FFF7ADFF08B5FFF7AAFFE5
:103B800008B5FFF7A7FF08B5FFF7A4FF08B5FFF7D3
:103B9000A1FF08B5FFF79EFF08B5FFF79BFF08B52B
:103BA000FFF798FF08B5FFF795FF08B5FFF792FFFD
:103BB00008B5FFF78FFF08B5FFF78CFF08B5FFF7D3
:103BC00089FF08B5FFF786FF08B5FFF783FF08B543
:103BD000FFF780FF08B5FFF77DFF08B5FFF77AFF15
:103BE00008B5FFF777FF08B5FFF774FF08B5FFF7D3
:103BF00071FF08B5FFF76EFF08B5FFF76BFF08B55B
:103C0000FFF768FF08B5FFF765FF08B5FFF762FF2C
:103C100008B5FFF75FFF08B5FFF75CFF08B5FFF7D2
:103C200059FF08B5FFF756FF08B5FFF753FF00002F
:103C3000064BD3F840231C2A05D1D3F84403431E76
:103C40005842584170470020704700BF00C0FF0035
:103C500003689A070CD50368DB070DD50922074BCB
:103C6000C3F80C250F22C3F8042501221A60FEE7D1
:103C7000034B0360EF3B0360704700BF00801050B0
:103C8000F000FA5008B50123424A4348C2F8003810
:103C9000424AD2F840231C2A04BF414AC2F80C34DD
:103CA000FFF7D6FF0830FFF7D3FF0830FFF7D0FF4C
:103CB0000830FFF7CDFF00F5F470FFF7C9FF394A70
:103CC000D2F88C3043F44063C2F88C300022D30029
:103CD00003F57F0303F54043D3F8001401310AD004
:103CE000D3F8001439B1D3F800140132D3F80434F6
:103CF000402A0B60EBD1274BD3F84024002A44D054
:103D0000FFF796FF48B1254BD3F83423264B9A4250
:103D10009EBF204B254AC3F84026FFF789FF18B104
:103D2000234B244AC3F8AC27FFF782FF48B1342263
:103D3000184BC3F82426D3F83C2622F40022C3F8FB
:103D40003C261D4B1749D3F80026D20744BF6FF01D
:103D50000102C3F80026194BD3F8182522F00302FC
:103D6000C3F81825D3F8182542F00302C3F8182524
:103D7000D1F88C2042F44062C1F88C200022104916
:103D8000C1F8D426C3F8A02508BDC822C3F8402432
:103D9000B6E700BF0000125000C50D5000C0FF0084
:103DA0000030055000ED00E0001D0A1840E0A91E9B
:103DB00000A0085078000A0400E0105000B0045041
:103DC00000600D507C22014907F048BE207200209F
:103DD00038B51D46234B244C5B68C3F308032360AE
:103DE000EFF3038363655306C4E90120E1602DD539
:103DF00002F00C020C2A08BF08460146206120226E
:103E00001A4807F02BFE25B120222946184807F052
:103E100025FE144B9A6AA265D96AE165986B206603
:103E200002F400406066586BA06602F08000E06615
:103E30009A62D962D3F8E4202267D3F8E810616768
:103E400002F04001A167C3F8E42038BDEFF394838A
:103E5000990704D5130702D5EFF38980CDE7EFF377
:103E60008880CAE700ED00E0207200203472002054
:103E70005472002000487047C46100001FB50D4A0D
:103E800001AB10685168128903C300211A80012315
:103E900001A88DF804308DF80810ADF8061000F078
:103EA000BBF818B110F1780F08BF002005B05DF81D
:103EB00004FB00BFDC610000F8B58507144618D18B
:103EC0000D4DA84215D82D1AB5EB820F11D30B4E0C
:103ED000D6F80075D6F8005507F00107C6F800754A
:103EE00000F072F8204605F47C553D43C6F80055B5
:103EF000F8BD6FF00400FBE700D0170000B00450DD
:103F000038B50346094D0846AB4214460AD8ED1AA7
:103F1000B5EB840F4FEA820204D3194607F09EFDE9
:103F2000204638BD6FF00400FBE700BF00D017004B
:103F300070B50478437841880679C288057A44EAE6
:103F40000324184B41EAC67142EA0542C3F8004512
:103F5000C3F80C15C3F81025D3F80424D207FBD5F9
:103F6000114A1268E2B10021427AC3F80C11D3F869
:103F70000C01C3F80411D3F80401C3F80811D3F8F5
:103F80000801C3F80011D3F8001152010749D2B259
:103F900081F84B234FF400628A600F22C3F8042398
:103FA00070BD00BF00B004500C7A002000E100E0BA
:103FB000044B40EA0120C3F80005D3F80024D207DF
:103FC000FBD5704700B004502DE9F04104460D4682
:103FD0001646DFF840800120D8F80075D8F80015A3
:103FE00007F00107C1F30521FFF7E2FF04EB8606A6
:103FF0002B1FA64204D13846BDE8F041FFF7D8BFD9
:1040000053F8042FD8F80404C007FBD544F8042B58
:10401000EFE700BF00B0045038B5064D2C7934B935
:104020002960FFF785FF012320462B7138BD6FF013
:104030007700FBE70C7A0020003A18BF0122003914
:1040400018BF012103688900074841EA420118634B
:1040500059605A6842F001025A60BFF34F8FBFF3B4
:104060006F8F0020704700BF04AAFF000123084A99
:10407000C2F8043302F58022C2F8043302F580222C
:10408000C2F8043302F58022C2F80433704700BF3F
:10409000000004500D4BD3F8000103F58023D3F842
:1040A000003183B9003818BF01208000084BD3F8D5
:1040B0000031002B074B18BF0420D3F80031002B30
:1040C00018BF042070470420F0E700BF0000045030
:1040D00000000C50000010500122024BC3F80423D2
:1040E000704700BF00100450034BD3F800010038A4
:1040F00018BF0120C0007047001004500022034B7D
:10410000C3F80021D3F80031704700BF00100450FD
:1041100000230A4AC2F80031D2F80021084AC2F846
:104120000031D2F80021074AC2F80031D2F800214C
:10413000054AC2F80031D2F800317047000004503F
:104140000000085000000C500000105000221046E3
:1041500030B50749074C51F8043BD3F800511DB165
:10416000D3F80404234018430132042AF3D130BDAC
:10417000E86100000000FFFF10B5FFF78BFF0B4C5C
:104180004207206002D5FFF7E1FF6060FFF7ACFF58
:10419000236818430307206006D5054BD3F8002495
:1041A0006260D3F80434A36010BD00BF147A00200D
:1041B000001004500C22014907F050BC147A002072
:1041C00000220D4BC3F80021D3F80011C3F80421DD
:1041D000D3F80411C3F80821D3F80811C3F80C214F
:1041E000D3F80C11C3F81021D3F81011C3F814211F
:1041F000D3F81431704700BF00500450054B064AF5
:104200001B680A20B3FBF2F35843044B43F001034D
:10421000184700BFE052002040420F00006200003B
:1042200070B54FF4FA7500F15024144E04F5802453
:1042300023682BB1236893B1FFF7C2FF00200DE084
:10424000D6F80831002BF5D1D6F80C31002BF1D17E
:10425000FFF7D4FF013DEBD16FF0730070BD074B4A
:10426000D3F8083123B1FFF7ABFF6FF00C00F5E78F
:10427000FFF7A6FF6FF00D00F0E700BF00500450FD
:104280002DE9F04105460E464FF4FA77104CD4F86C
:104290000084B8F1000F07D0FFF7B0FF013FF6D15F
:1042A0006FF00A00BDE8F0810123C4F800554FF417
:1042B0008870E360FFF7B4FF10F1740FF2D010F1D3
:1042C0000E0F14BF0020012030704046EAE700BF07
:1042D00000500450F8B506460D464FF4FA770B4CE3
:1042E000D4F8003433B1FFF789FF013FF8D16FF004
:1042F0000A00F8BD0123C4F804654FF48070C4F8C7
:1043000000552360BDE8F840FFF78ABF0050045015
:104310002DE9F04104464FF001080F4E4518A54223
:1043200001D800200AE04FF4FA77D6F800343BB108
:10433000FFF764FF013FF8D16FF00A00BDE8F0819C
:10434000C6F800454FF48270C6F80480FFF768FF96
:104350000028F3D10134E2E7005004502DE9F04188
:1043600004464FF001080F4E4518A54201D8002021
:104370000AE04FF4FA77D6F800343BB1FFF73EFF7E
:10438000013FF8D16FF00A00BDE8F081C6F80045A2
:104390004FF48470C6F80880FFF742FF0028F3D17D
:1043A0000134E2E700500450F8B505460E464FF4DC
:1043B000FA770C4CD4F8003433B1FFF71FFF013FFC
:1043C000F8D16FF00A00F8BD0123C4F800554FF48E
:1043D0008870E360FFF724FF0028F4D1D4F8083593
:1043E0003360F0E7005004502DE9F84316460446C8
:1043F0004FF00109124F4518A5421DD94FF4FA7824
:10440000D7F800343BB1FFF7F9FEB8F10108F7D156
:104410000120BDE8F883C7F800454FF48870C7F85D
:104420000C90FFF7FDFE10F1740FF1D00D300CBFB2
:1044300001230023337001D00020EAE70134DBE7D9
:104440000050045010B501F031FE044668B907F081
:10445000D5F960B1094AD36823F008031B041B0C8B
:1044600043F0BF6343F40033D360204610BD07F030
:104470000FFA0028EED045F22354F6E700ED00E0F5
:10448000024B1860024B002019607047247A00200C
:10449000207A00201FB5274C426923685A6282693E
:1044A0009A62C269DA62026A1A63426A5A63826A6B
:1044B0009A63C26ADA63026B1A64426B5A60826B57
:1044C0009A60C26BDA60026C1A61426C5A61826C4B
:1044D0009A61C26CDA61026D1A62826D5A65C26DB0
:1044E0009A65026FDA65026E1A66826E5A66426FCC
:1044F0009A66EFF388825A64EFF389829A6442687D
:10450000DA64EFF394821A65026801A81A67FFF76C
:1045100051FE2368019ADA6601221A70064B1C6864
:104520006408640020462146224623460AF040FDE6
:1045300004B010BD247A0020207A002000B5A1B07C
:1045400001A8FFF73FFC029B63B15B060AD4019B05
:1045500023F00203052B05D1044B1B6813B101A8FE
:10456000FFF798FF21B05DF804FB00BF207A002020
:10457000BFF34F8F0549064BCA6802F4E06213434C
:10458000CB60BFF34F8F00BFFDE700BF00ED00E041
:104590000400FA05254B264A4FF47A611A6001227D
:1045A000244B2548C3F80424D0F82436C3F308026A
:1045B000C3F309434B4382F480722049883201FBE4
:1045C00002334FF4FA215B00B3FBF1F201FB12332B
:1045D0001B49B3F57A3F28BF0132C1F80429D0F84E
:1045E00020364FF47A60C3F30802C3F30943434310
:1045F00042F21C5082F4807202F2172200FB023356
:104600004FF47A701B0AB3FBF0F200FB1233002068
:10461000B3F5FA7F4FF0010328BF0132C1F81C2720
:10462000C1F80009C1F80036704700BFE052002011
:104630000020A107002008E000C0FF00F82A008049
:104640000000125070B50446074E4518A54201D827
:10465000002070BD2046F369984710B904F58054D6
:10466000F4E743F65C20F4E7986100002DE9F84F89
:10467000DFF85CA00746DAF804308846154698470C
:104680000024144BC0F3410013F8209004F1800380
:10469000AB4294BF80262E1BB6FBF9FBDAF8143030
:1046A0005A460D493819984700280EDB5A46DAF861
:1046B0001830094908EB04009847002805DB34440A
:1046C000A542E3D80020BDE8F88F43F65C20FAE766
:1046D00098610000086200002C7A00202DE9F34761
:1046E000DFF870900546D9F804308846144698479C
:1046F000194BC0F3410013F820A0B5FBFAF70AFBF1
:10470000175727BBA4B9384602B0BDE8F0870AFBAB
:1047100006F6A41BF7D0012201A9A819C847002852
:1047200012DB224601A908EB060007F097F9EAE739
:10473000B4FBFAF605F50825324641462846D9F875
:104740001490C8470028E2DA43F65C27DBE74AF218
:10475000C537D8E798610000086200002DE9F04FE6
:1047600086187542C5F30B05354485B0B5F5805FF5
:104770000446019104D943F65C2005B0BDE8F08FF2
:10478000DFF86C81D8F8043098470422594BC0F305
:10479000410053F82070D8F8143057480093FBB20A
:1047A000B2FBF3F203A9009B9847039A531C023211
:1047B00008BF01230393002D34D024F47F6B2BF02A
:1047C0000F0BA5EB0B010BF50820FFF73BFF0028B3
:1047D000D1D1B5F5BE7FAA4628BF4FF4BE7ADA45DF
:1047E00029D8B5F5BE7F5ED3FBB20427B7FBF3F73C
:1047F000424D3A4629464048009B9847B6F5BE7F51
:104800005CD8042203A93D4807F028F9384B3A4602
:104810003A493B489B69984708B18742ABD100F0C1
:10482000F2FAAAE74FF480514FF40820FFF70AFF8D
:104830000028C2D09FE70BF180039A452CBF4FF0B0
:104840008009AAEB0B095FFA87F8B9FBF8F82B4946
:104850004246009B0BF5092098475E4516D909EBA7
:104860000B039C4212D2A3455A4638BF2246111B65
:10487000A2EB0B009E4294BFC2EB0602C2EB030206
:10488000019B19441D4B184407F0E8F8184B4246A9
:104890009B691A490BF50820984710B180457FF4B1
:1048A0006AAFCB449BE74FF4BE724FF408214FF43C
:1048B0000920FFF7DBFE002896D05CE7B4F5C07F47
:1048C0009FD2B4F5BE7F224638BF4FF4BE72019B23
:1048D000111BA2F5BE700B44B6F5C07F94BFC2EBAE
:1048E0000602C2F5C0721946284407F0B7F888E7F7
:1048F00098610000086200007C9108002C7A00207A
:104900007C8108002DE9F0414D4F86B00020BB6846
:10491000984700286BD104226946FFF7DFFE044662
:1049200000283FD104224FF4BE700DEB0201FFF7C7
:10493000D5FE0446002835D1424E009BB34203D138
:10494000019B013B03335ED97B6898473E4BC0F324
:10495000410053F8205004224FF4805004A9FFF77F
:10496000BDFE0446F0B9042241F27C1005A9FFF710
:10497000B5FE0446B0B9049B4FF48051B3424FF4E6
:10498000082013D1059B013B03330FD8FFF75AFED4
:1049900068BB4FF480524FF408214FF40920FFF711
:1049A00065FE20BB204606B0BDE8F081FFF74AFE59
:1049B0000146E0B94FF08008EDB2802223480AF0AA
:1049C00079FAB8FBF5F84FF40825BF692846424646
:1049D0001E498035B847B5F5092FF7D100F013FA15
:1049E00028B9042202A90296FFF7B8FE10B143F6D7
:1049F0005C24D7E70123042203A94FF4BE7003937C
:104A0000FFF7ACFECDE7042241F27C1005A9FFF7C9
:104A100065FE04460028C5D1059B5A1E033206D800
:104A2000019A934203D30233BCD1012ABAD100F0D8
:104A3000EAF943F65C23002818BF1C46B2E700BF22
:104A4000986100001281DEC0086200002C7A00200C
:104A500038B543680C2B01D0022038BD4B68042BBD
:104A6000FAD14FF0FF3304680D6821682B600029EC
:104A7000F2D0A268002AEFD00623012001F0D2FA7A
:104A80000028E9D161680B4B99420AD9A268053325
:104A90008818984208D8206806F0E0FF00202860B7
:104AA000DBE7054B9942D7D9A268044B8818984296
:104AB000D2D8F0E7030508E0FFD4FF0000DAFF00DA
:104AC000436810B50C2B14D14B68042B11D10B6823
:104AD00001210268196010680B49884209D102213E
:104AE00094681960032C04D1516811F0020002D0BF
:104AF0001C60022007E0054CD4F8182561F3010280
:104B0000C4F81825186010BD18B5045000B0045042
:104B10000420704700207047002070474B6830B574
:104B200013F01F052DD102680C681068C0F3072030
:104B3000844226D25068556094600C7C23F01F0399
:104B400004F001041C438B7CDB0003F018031C43BE
:104B50004B7C5B0003F006032343D3608B68013B6F
:104B600023F01F04CB685B0003F00E03234343F0E4
:104B7000010313615060BFF34F8FBFF36F8F28465F
:104B800030BD0120FCE7036800205A68C9B25860B4
:104B90009960D86018615A60704770B50546002466
:104BA00003681E68C6F30726B44201D1002070BD19
:104BB00021462846FFF7E7FF0134F5E700F47C03C0
:104BC00043F0A0431A0BC2EB1030C0B203EB8003DA
:104BD000D3F8002542F01002C3F80025D3F80025D1
:104BE00042F02002C3F8002529B1D3F8002542F491
:104BF0008072C3F80025704770B515460446461804
:104C0000A64206D929462046FFF73AFB10B92B7871
:104C10000BB9002070BD0134F2E708B5FFF78EFC38
:104C200072B620BFFDE7034610B100201870704730
:104C30004AF2C53070470020704770470346012B89
:104C4000084670B5114607D0062B09D0002B31D18C
:104C5000BDE87040FFF7FCBEBDE87040FFF730BF15
:104C60004368082B01D0022070BD5468042CFAD18F
:104C70004FF0FF3305681668296833600029F2D0C9
:104C80006B68002BEFD026237422012001F0CAF9B3
:104C90000028E8D1224623230120696801F0C2F9E7
:104CA00004460028DFD1D5E90001FFF7E9FB3060B9
:104CB0002046D9E70320D7E748B14FF400224FF44C
:104CC0008043C0E9002301230372002070474CF2A7
:104CD000DA20704748B14FF404224FF48043C0E912
:104CE000002301230372002070474CF2DA20704742
:104CF00037B504225C3084000D4620460DEB0201DE
:104D0000FFF7ECFC58B9019B5A1C0AD0AB420BD8F8
:104D1000042220460DEB02010195FFF71FFD03B0B1
:104D200030BD45F2A350FAE74AF2C530F7E7FFF786
:104D3000E9BD0B46042B114611D1012807D00228EA
:104D400009D078B91A464FF4B870FFF7C7BC1A46B5
:104D50004FF4BA70F9E71A464FF4BC70F5E743F622
:104D60005C2070474CF25A307047012837B5044632
:104D70000D4602D0022800D080B9FFF7B9FF58B91C
:104D80000421204601AAFFF7D4FF28B943F65C238B
:104D9000019AAA4218BF184603B030BD4CF25A30EF
:104DA000FAE713B5042101AA0446FFF7C2FF30B9A0
:104DB00001994B1C05D020460131FFF7D6FF02B008
:104DC00010BD45F2A350FAE7022905D90839022996
:104DD00009D94CF25A307047B0F5807F4CF25A3006
:104DE00008BF0020704700284CF25A30B8BF00209E
:104DF0007047022804D819B10830086000207047B5
:104E00004AF2C530704708B54FF480514FF409207D
:104E1000FFF718FC48B9BDE808404FF480524FF442
:104E200009214FF40820FFF721BC43F65C2008BDA0
:104E3000FFF768BD07B5164B83F30A88154801F0E4
:104E400020F908B100F008FFFFF7FCFA0028F9D1BB
:104E5000FFF7EEFF0028F5D10DF10700FFF7E3FEA5
:104E60000028EFD19DF807301BB1FFF7E4FE0028C2
:104E7000E8D1FFF7E2FE01F0AEF800F09BFE00F093
:104E8000D7FB00F0ADF8002003B05DF804FB00BFD5
:104E9000600000209C72002030B5094C0246616819
:104EA0000023084640B105686D68954205D11BB1E5
:104EB000826860609A60816030BD03468068F1E777
:104EC0002073002010B542B10B689B6813F4807FFB
:104ED0000CBF6FF0FC00002010BD0B4B1B680BB922
:104EE00000F0BAFE1B68996938338A4203D053F840
:104EF000044FA04205D191420CBF6FF0FC0000208E
:104F0000EAE70132F1E700BF2873002070B50446DC
:104F10000E461546002130220C3009F0CBFF074B1E
:104F200020461B68A6606360656101F038F80023C5
:104F300020612360C4F8803070BD00BF287300205A
:104F4000034B186810B1006800B14068704700BF9B
:104F50002873002008B5064B1B680BB900F07CFED7
:104F60001B68986800F44060003818BF012008BD35
:104F7000287300202DE9F041074690460C4639B3CE
:104F80004B0025D5154B01F01F0253F82250FDB1FF
:104F90002B685E68FFF7DEFF294602463046FFF7C2
:104FA00091FF90B9C4F30721284600F058FE04464B
:104FB00070B901F001F8064668B142462946FFF78C
:104FC000A5FF3E602046BDE8F0816FF08104F9E75F
:104FD0006FF08004F6E76FF08204F3E7A072002020
:104FE00038B500F0E8FF0023114A5360114A5360BE
:104FF00000F0DEFA0E4800F021F80446A0B10D4999
:1050000080230D4A00F098F80546204600F05BFE2C
:105010002068211D00F0E0FF08B100F01DFE2946C8
:10502000204600F071FAE5E7BDE8384000F082BAAA
:105030002C73002020730020A07200200146F8B5D8
:1050400008B900F009FE374C236813F1350F67D813
:10505000354A156803F13402AA4261D2DA699869C7
:1050600002EB82020F300244186A00EB4000024457
:10507000586A02EBC00292009A18E2D29542E0D33D
:1050800018682A4D060C3604AE42DAD180B2B0F56B
:10509000817FD6D258680028D3DBD3E90A56B542BF
:1050A000CFDC986810F4406F03D03542C9D548680A
:1050B00088B91F4E306800F1200535601D4E3668F6
:1050C000B542BED8A842BCD822604C6803608CB9F7
:1050D000C4614860F8BD0768D7F808C01CF4406F89
:1050E00006D0D7F828C0664502DBFF6ABD42A8DDBE
:1050F000C069DDE71E8E002223461D682D8EB54255
:1051000007D9002AE4D0D369C361D061E2E72B4616
:10511000F3E7DD691A46002DF9D1C561D861D9E7F9
:105120000020D7E7EC5200201C62000000005F5F07
:10513000E8520020186200002DE9F84F9B4600B1AC
:1051400009B900F089FD0468204EA569E76904F1FA
:105150003C0C0CEB850C3568A7B10C2404FB075400
:1051600034601B4E3668B442EBD8A542E9D800261D
:105170002C464FF01408B146B74200D025B90020A4
:10518000BDE8F88F3D46F2E708FB06CEC4E900E033
:10519000DEF808E0C4F808901EF4007F0FD0002A63
:1051A000CFD0BBF1800FCCD11EF0E00F5FFA8EFAAA
:1051B000C7D152F82A30002BC3D142F82A404B689D
:1051C0000136A3604C600C34D6E700BFE4520020E7
:1051D000146200002DE9F04F93B000935F4B074637
:1051E000D3F800B00BB2002B0D461646C1F302688F
:1051F000C1F3024A04DA6FF0800013B0BDE8F08F0B
:105200008B42C36001D10020F7E708EB0A03042BAF
:10521000F1D8CC0F64014FEAC80931464A46DBF8A1
:10522000040044F0020300F0FDFE01460028E2D134
:10523000202202A809F03EFE4A46314602A84FEA63
:10524000CA0606F00BFC32460099DBF8040044F075
:10525000060300F0E7FE81460028CCD1014620225B
:105260000AA809F027FE324600990AA802AE06F005
:10527000F5FB334609F10109C8452AD815F0006F3E
:1052800018BF20241022002107F11C0009F012FE93
:1052900007F118091022002107F12C0009F00AFE7D
:1052A00009EB880844F00203C1452AD1202C3FD1E4
:1052B000002D02DBC5F3C0456C0107F128050AAEDD
:1052C00005EB8A0A44F00604554533D1009BFB6781
:1052D00099E7D3E900E21EEB020201928BD21A4653
:1052E0004846404501D10833C4E7D2E902C16144D0
:1052F0008E4503D201998C45FFF47DAF0130083211
:10530000EFE77268DBF8040056F8081B019300F021
:1053100089FE00287FF46FAF56F8042C019B49F8F2
:10532000042F56F8082CC9F83000C9F82020BBE734
:105330000024C2E77268234656F8081BDBF8040015
:1053400000F070FE00287FF456AF56F8043C45F894
:10535000043F56F8083C28642B63B5E72873002007
:105360002DE9F0411F461D4B0C461646D3F8008030
:1053700000F087FC08B900F06FFCC368002BFADB73
:10538000032CF8D8D0F88020A10022FA01F39B0763
:10539000F1D104238B401343C0F880304418E569F1
:1053A000E36CED1AE7D3ADB106233A463146D8F89F
:1053B000040000F037FE0028DDD1BD4228BF3D4685
:1053C000E36CE16B2A461944304606F047FBE36C78
:1053D0002B44E3642846BDE8F08100BF2873002019
:1053E0002DE9F0411E461E4B0C461746D3F80080AF
:1053F00000F047FC08B900F02FFCC368002BFADB73
:10540000032CF8D800EB8405EA6EEB6A9A42F2D8D6
:105410009B1AB342EFD3D0F880200434A40022FAC0
:1054200004F39B07E7D10423A3401343C0F8803063
:10543000324602233946D8F8040000F0F3FD044652
:105440000028D8D1EB6EE86D32463946184406F094
:1054500005FBEB6E20463344EB66BDE8F08100BFF0
:10546000287300202DE9F04105464FF001080E4E4B
:105470000E4B37685C681CB928463760BDE8F08180
:105480002268936813F400700CD16369012B09D072
:10549000D368346023B19847002801DA00F0DCFBC0
:1054A000C4F81480E469E6E7287300202C73002018
:1054B00070B50446D0B18368C3B11A68B2B15D68F3
:1054C000A5B10C4BA86168691D6020B92B68DB6829
:1054D0004BB901236B61A36804F10C001B68BDE8A4
:1054E00070401B69184798470028F2DA6FF0800077
:1054F00070BD00BF287300204268024B08461A6046
:10550000704700BF287300200022036810B5C0E96F
:1055100005229A68044612F4406F07D0120503D59D
:10552000D3E90A0100F034F8014B1C6010BD00BF44
:105530002873002038B5124B1B681C68A36813F44D
:10554000406F01D100F088FB00F022F9626B236903
:105550000C49134423F00703A3F1080543E90211A2
:1055600085F30988073222F0070282F30B88BFF324
:105570006F8F054BE268054900F002FE002038BD40
:1055800028730020A5EDF5FE5808002065540000A2
:10559000014BC3E90001704734730020034BD3E98A
:1055A00000308342C8BF0020704700BF3473002022
:1055B00008B500F0E1F8034B986000F0E3F880F3E1
:1055C000888808BD00ED02E0EFF308807146EFF334
:1055D0000982EFF30B830CB406B400F00BFB864694
:1055E000009900F0080001F00801401A02DC12DB0B
:1055F00004B070471EF020031CBF2DE9F00FBDF171
:10560000080D0A4C254626462746A046A146A24636
:10561000A34630B4704704B030BC1EF020031CBF5A
:105620001DF1080DBDE8F00F04B07047A5EDF5FEC3
:10563000084BDA6882F07F4282F47F0242F48042B3
:10564000DA6000221A765A76DA76DA77602283F800
:105650002220704700ED00E0009A0A4B9A420FD1D9
:10566000012290430146024603460446054606468B
:1056700007468046814682468346844686460447DE
:10568000FEE70000A5EDF5FE70B5324C86B032485D
:10569000FFF783FA236801255A1C01932F4B2260E0
:1056A000DA681B694FF44076039300232A4801A966
:1056B00002920495ADF814608DF81630FFF72EFABB
:1056C00018B143F6DA3006B070BD23688DF81600C5
:1056D0005A1C0193224B20480293224B01A9CDE989
:1056E00003352260ADF81460FFF718FA0028E8D1FE
:1056F00023688DF816005A1C01931B4B1648029321
:105700001A4B01A9CDE903352260ADF81460FFF70B
:1057100005FA0028D5D123688DF816005A1C01938C
:10572000134B0D480293134B01A9039302230493D7
:1057300040F201132260ADF81430FFF7EFF9044690
:105740000028BED12A4629460348FEF775FC2046AC
:10575000B9E700BF3C730020F05200202062000037
:1057600080620000E0050100E02C0000403A0000EB
:105770006008002060120020014B1868704700BFCD
:1057800020620000014B1B6818687047206200000F
:10579000014B1B68586870472062000008B5FEF78F
:1057A000EBFCFEF7B5FC0B4B5B6899B2C3F3080347
:1057B000103B002B9AB20BDB5309A1F1100201211F
:1057C00002F01F0201FA02F20349603341F823207C
:1057D00000F042FA00ED00E000E100E0EFF30880A5
:1057E000EFF309812DE9F00F6B467246FEF7F0FAF0
:1057F00008B0FEF7C1FCFEF781FC0222024BC3F8A1
:10580000882100F029FA00BF00E100E0194A10B534
:10581000D2F8003153B3D2F80034D2F80404164A57
:10582000164CD2F8F010A34202F50072D2F8B8205C
:1058300001F0010118D903F16043B3F5802F2CBFAB
:105840000023012391B102F03002302A0ED1C204AC
:105850000CD510F4C04F09D143B9FEF74FFC02221A
:10586000074BC3F8882110BD0123EBE7BDE81040CA
:10587000FFF7B4BF0010045000ED00E0FFCF1700A9
:1058800000E100E00020034BD8765A6A42F470220F
:105890005A62704700ED00E00349044BCA680020DB
:1058A00092B21343CB60704700ED00E00800FA05A8
:1058B000054B00F01F0003EB8003D3F8802022F09B
:1058C000E042C3F88020704700820D50164BD3F899
:1058D000D02042F00102C3F8D0200022C3F8D82023
:1058E000124A516821F01F01C3F8DC101049C3F8B7
:1058F000E0100221C3F8D810D168126921F01F010D
:1059000022F01F0242F00302C3F8DC10C3F8E020CB
:105910000322C3F8D820074AC3F8DC206FF01E0228
:10592000C3F8E020704700BF00ED00E020620000F7
:1059300001D0FF00000002201B4A1C4B526870B5CA
:10594000C3F804281A4A0021C3F8082808254FF490
:1059500040721848C3F81018C3F81458C3F8002848
:10596000C3F8240800F50030C3F828084FF4807607
:105970000220C3F83018C3F83458C3F82028420175
:1059800002F1A04401301A4404F582240528C4F829
:105990000418C2F80818C2F81018C2F81458C4F84D
:1059A0000068ECD1002070BD20620000001004509F
:1059B00000D0FF000000022030B585B06C46002505
:1059C00001210F48FFF7FAF801210E48FFF7F6F81A
:1059D00001210D48FFF7F2F80C4B0FCB8DE80F00BB
:1059E000012154F8040B0135FFF7E8F8042DF7D135
:1059F0000121074805B0BDE83040FFF7DFB800BF20
:105A00000020055000F00C50003005504C620000A2
:105A1000000012502DE9F0414FF45C6286B0002185
:105A2000364809F047FA4FF45C620021344809F027
:105A300041FA4FF45C620021324809F03BFA4FF41E
:105A40005C620021304809F035FAFFF7B5FF00220B
:105A50000124CDE90122DFF8B4C0DFF8B4E001ADE4
:105A60000DF10C08002055F8047B560104FA00F3F0
:105A70003B4216D0CDE903CE58F82230311803F45A
:105A80007C0343F0A04303EB8103D3F8001841F0FB
:105A90001001C3F80018D3F8001841F48071C3F85E
:105AA000001801302028E1D1531C022B4FF00102D5
:105AB000D8D1FFF7FDFE2120FFF7FAFE154A164B5D
:105AC00010695169C3F8044403AB03C30021128B6E
:105AD00003A81A808DF80C408DF81010ADF80E1048
:105AE000FEF79AFA38B9FEF755FD08B143F65C2087
:105AF00006B0BDE8F0817830F5D0F7E7000004503B
:105B00000000085000000C500000105000A0105081
:105B100000820D504C620000002008E008B54FF0F4
:105B2000FF3000230E4A03F1A0010133102B42F88D
:105B30002100F8D1402000F00AFB802000F007FB94
:105B4000C02000F004FB4FF4807000F000FB482000
:105B500000F0FDFA412000F0FAFA002008BD00BF75
:105B600000E100E010B5FEF781FA012400210F48A2
:105B700050F8043BC3F30432C3F343439B0003F1E7
:105B8000604304FA02F203F56143C3F880211A600E
:105B900001310429ECD1FEF7B1FAFEF79DFA022299
:105BA000034BC3F888219A60002010BD3C620000BE
:105BB00000E100E00122014B1A60704740730020B1
:105BC00010B50446094B22891868616806234068AD
:105BD00000F028FA28B9064B1B68012B01D1FFF70A
:105BE000AFF96FF08603236010BD00BF287300205B
:105BF0004073002001F00C030C2B08BF10464A062E
:105C000010B50C460ED58B0658BF2830836913F8A3
:105C1000022CC1F3C00383F00103C2F38011DBB295
:105C2000994201D000F018F812F0A00F02D12AB169
:105C3000032A0CD06FF08303036006E0FFF7D0F96E
:105C400004460146034800F097FA204610BDFFF7CE
:105C5000B7FFFAE75808002008B5FEF7DEFF036833
:105C60009A68DB6812F4806F05D18B4234BF6FF005
:105C7000FA00002070478B4214BF6FF0FA0000203A
:105C8000704710B500F08EF9044600F09CF950B949
:105C9000FFF756F9A3685B681B685B68834218BF0F
:105CA0000024204610BD0024FBE710B5044630B1A7
:105CB000FFF774FCB4EBD07F04D0FFF7CDFFFFF704
:105CC0003FF9F7E710BD70478230012808B504D8C6
:105CD000FFF740F908B9FFF7BFFF08BDF8B5054663
:105CE0000E46FFF7CEFF044608B9FFF7B5FF806800
:105CF0000028FAD0E368991C54D05A1C23D1002EF6
:105D00004DD016F1820F4FF0020318D10125236008
:105D1000EFF3108772B631462046FFF7EDFB0646DB
:105D200087F310882368022B1CBF0023236025B152
:105D300000232046236000F048F93046F8BD16F1F4
:105D4000830FE3D0D1E7002BCFDB1023D4F88010F2
:105D500021FA03F212F0060204BF04F15C05EA50D6
:105D60000433202BF4D1002304F1280252F8041F3D
:105D700019B1E16F156C19444D600833202BF5D132
:105D800003689D6815F4007502D002230125236085
:105D900016F1810FBCD16369002BB9DBA5E72E4654
:105DA0000025F5E701250026B2E708B5FEF735FF27
:105DB000F7B50D46164604461F46FFF7CBF8FFF72A
:105DC00074FF2146024601A8FFF7D4F868B93B46A4
:105DD000324629460198FFF7FDF940B1630002D52C
:105DE000019800F0F2F86FF0800003B0F0BD019868
:105DF000FFF75EFB0122019B1A60F6E740F20110FB
:105E0000704770B50546FFF7A5F806462846FFF728
:105E100043F8044608B9002070BD014632462846C2
:105E2000FFF750F80028F6D12368D868F4E770B57A
:105E30000C46FFF726FF054608B9FFF70DFF8368FC
:105E4000D3E900309B681B05F7D5EB68002BF4DB2A
:105E5000032CF2D8A60005EB8404E269002AECD0FA
:105E6000D5F88030F34013F0050FE6D10223E16B43
:105E7000406800F0D7F80028DFD10123D5F8802052
:105E8000B34013430222B24023EA0203C5F8803034
:105E9000E06B70BD10B50C46FFF7F3FE08B9FFF7D5
:105EA000DBFE83681B689B681B05F8D5C368002B65
:105EB000F5DB032CF3D8D0F88020A10022FA01F3FF
:105EC000DC07ECD59B07EAD402238B401343012265
:105ED0008A4023EA0203C0F8803010BD70B50C463A
:105EE000FFF7CFFE054608B9FFF7B6FE8368D3E992
:105EF00000309B681B05F7D5EB68002BF4DB032C07
:105F0000F2D805EB8406F26A002AEDD0D5F880308D
:105F10000434A400E34013F0050FE5D10623F16D2E
:105F2000406800F07FF80028DED10123D5F88020FA
:105F3000A34013430222A24023EA0203C5F88030A3
:105F4000F06D70BD38B50C461546FFF79AFE08B9DE
:105F5000FFF782FE83681B689B681B05F8D5C36842
:105F6000002BF5DB032CF3D800EB8401CB6AAB42AA
:105F7000EED3D0F880200434A40022FA04F313F006
:105F8000010FE5D09B07E3D40223A3401343012272
:105F9000A24023EA0203C0F88030CD6638BD4FF43A
:105FA00080507047B0F5805F03D1EFF30B808838E5
:105FB0007047002070477047EFF30B8000F18803B3
:105FC00083F30B88704700207047EFF30B83883B07
:105FD00083F30B8870477047F0B510B943F6DA3099
:105FE000F0BD0029FAD08368002203F44063003B2F
:105FF00018BF01230C24142543F002030B60016A2F
:106000008A4201D10020EBE704FB02F3D0E90676D7
:1060100003EB870305FB063303445B6C1B07DDD4EE
:106020000132EDE710B50446084611460AB90020D2
:1060300010BD18B303F00602062A1DD09A071DD51D
:1060400008229B0648BF42F01202A30758BF42F045
:106050000402E40709D5EFF39483DB074CBF42F059
:10606000040222F0040242F0120205F037FC00287C
:10607000DDD16FF07F00DBE70122E2E74CF2DA20AE
:10608000D6E710B50446FFF721FCFFF755FC10B129
:1060900043F6DA3010BDFFF7BDFC0028F8D1FFF75A
:1060A000F3FA0028F4D102232360F3E708B5FFF7E1
:1060B000E9FB10B143F6DA3008BDFFF7EDFB00282D
:1060C000F8D100F057F80028F4D162B6FFF726FDAA
:1060D0000028EFD1FFF746FD0028EDD0EAE7EFF307
:1060E0000880EFF309812DE9F00F6B467246FDF74A
:1060F0006FFE08B0FFF752FBFEE7EFF30880EFF307
:1061000009812DE9F00F6B467246FDF761FE08B07C
:10611000FFF744FBFEE7EFF30880EFF309812DE979
:10612000F00F6B467246FDF753FE08B0FFF736FBE3
:10613000FEE7EFF30880EFF309812DE9F00F6B46DE
:106140007246FDF745FE08B0FFF728FBFEE7012188
:1061500043099B0003F1604303F56143D3F88022B8
:1061600000F01F00814022EA0102C3F88022D3F828
:10617000803270470020704704460D46A5462847E8
:1061800083F3088896460222EFF31483134383F3C4
:106190001488BFF36F8F084700000000114B000008
:1061A0007D3E0000154B000000000000013F000094
:1061B000B93E0000194B0000000000000000000084
:1061C000753E0000000000007D010000001000008E
:1061D0000400000004000000FF0000000000800038
:1061E00001000001010700000000045000000850F9
:1061F00000000C50000010500000000000000000E3
:106200000338FDD8704700000100000002000000C4
:1062100004000000DC530020AC5300204C060000BA
:1062200000A0080000A00800FF4F17008004000035
:10623000C004000000501700FFCF170000000450FA
:106240000000085000000C50000010500060055085
:1062500000C0085000600E5000F010500000800098
:066260000100000101072E
:1062800077B4CDE90001184E009D1146B54218467D
:106290000BD00136B54213D0023EB54214D0DDE931
:1062A000000103B070BC03F0FBBE09A3D3E90023D7
:1062B000C0E9002300200D4B0B6003B070BC704799
:1062C00005A3D3E90023F3E705A3D3E90023EFE710
:1062D00002C0FF7F0000000003C0FF7F000000003D
:1062E00001C0FF7F0000000002C0FF7F03004E805E
:1062F000009A074B9A4208D110B505F0D4FB05F07F
:106300004DFB06BC96460C46744705F0FCFB0000AE
:10631000A5EDF5FE009A074B9A4208D110B505F09D
:10632000CEFB05F03BFB06BC96460C46744705F0D9
:10633000EAFB0000A5EDF5FE0CB4029A084B9A4268
:106340000CD14FF0004319430CBC10B500F052F8CB
:1063500005F024FB06BC96460C46744705F0D3FBBB
:10636000A5EDF5FE009A044B9A4202D10349086854
:10637000744705F0C8FB0000A5EDF5FEF0F0000045
:10638000009A034B9A4200D1744705F0BCFB000011
:10639000A5EDF5FE10B5134B13498B4215D3002024
:1063A000124B13498B421BD300210846FEF742FDD6
:1063B000FEE7186850F82240586840F82240013241
:1063C00098689042F5D80C33E7E70022F8E71C689C
:1063D00044F8220001325C689442F8D80833E1E7BF
:1063E0000022F8E7403A0000643A0000643A0000F6
:1063F0007C3A000070B5EFF30584C4F308040CB1D7
:10640000FFF72AFC0A4D2E68FFF7D2FC2B680446E2
:106410009E4208D09B69002BF2D0BDE87040014637
:106420001869FFF75BBCFFF74FFC204670BD00BF4B
:1064300028730020014B1B68184700BFFC52002046
:10644000014B1B68184700BFF8520020024B186030
:10645000024B002019607047FC520020F8520020C7
:10646000014B186000207047F452002010B50A4616
:10647000044619B1024B00211B68984710BD00BFAC
:10648000F4F00000054B5A78022A04D11878C31F93
:106490005842584170470020704700BF44730020A5
:1064A0000E4B0340B3F1607F06D1B1F5885F0CBF9E
:1064B00000206FF086007047B3F1707F0BD101F4BC
:1064C000E043B3F5005F06D111F4E06F14BF002084
:1064D0006FF0860070476FF0860070470000C07F45
:1064E000914270B506460C465CD021F4FF73874993
:1064F00023F001038B4213D0854824F0FF01814231
:106500000ED024F47F7525F00305A0F57060854258
:1065100006D000F5A060814202D07E498B4243D173
:1065200014F0FF01794804D124F48063834240F0E1
:10653000E88022F4FF7323F00103834214D0744DEA
:1065400022F0FF00A8420FD022F47F7626F0030647
:10655000A5F57065AE4207D005F5A065A84203D049
:106560006C48834240F0CD8012F0FF0305D16748AC
:1065700022F48065854240F0C48084EA0200FF284E
:1065800000F2BF8021B1644841F00071814209D01E
:10659000002B00F0B680604943F000738B420CBFC3
:1065A00022460022104670BD04F0FE43B3F1A06FF6
:1065B0002AD102F0FE43B3F1A06F40F0A28084EA3A
:1065C000020333F47E1340F09C802504C4F305439A
:1065D000C2F3054002F400410ED549B1834238BFF1
:1065E000034624F47E1242EA034242F40042D9E711
:1065F000834288BF0022D5E7002900F084808342CF
:106600002CBF22460022CDE7B3F1407F79D102F0C2
:10661000FE43B3F1407F74D184EA020333F47E1366
:106620006FD131462046FFF73BFF002869D114F4B3
:106630007C1518D0C4F3054512F47C1330D0C2F396
:106640000543200402F400414BD5002945D0AB425C
:1066500038BF2B461B0403F47C1324F47E1423431D
:1066600043F400429EE72D4B2340B3F1607F0AD1F3
:10667000E3B243F0007303F17E43033B122BDBD8FC
:106680002749CD5CD8E7B3F1707FD5D106F4E0435C
:10669000B3F5005F02BF0125C6F302239D40CBE79F
:1066A0001E491140B1F1607F0AD1D1B241F00071B1
:1066B00001F17E4103391229C3D81A4B5B5CC0E754
:1066C000B1F1707FBDD106F4E041B1F5005F02BFCA
:1066D0000123C6F30226B340B3E79D4288BF0022E0
:1066E00060E721B19D422CBF224600225AE79D421D
:1066F00009D12D0405F47C1524F47E1445EA040226
:1067000050E700224EE70A464CE700BF00020006B1
:106710000013000600460006FF0000020000C07FD4
:106720007D0501007D0501008A42F8B506460D464B
:1067300000F00A8101F0FE41B1F1C06F61D1884CD7
:1067400022F4FF7121F00101A14222F0FF0014D0D8
:1067500004F58854A04210D022F47F7626F0030678
:10676000A4F57064A64208D004F5A064A04204D049
:1067700004F57454A14240F0EB80D1B2784E19B9BF
:1067800022F48061B14224D125F4FF7424F0010485
:10679000B44225F0FF0112D0724EB1420FD025F461
:1067A0007F7727F00307A6F57066B74207D006F596
:1067B000A066B14203D006F57456B44209D115F073
:1067C000FF0406D0684E44F00074B44204BF024691
:1067D0000D468BB122F4FF7323F00103B3F1062FB2
:1067E00006D0624B22F4FF6121F00701994203D1E8
:1067F00022F4807225F48075954214BF0020012098
:10680000F8BDB1F1A06F16D102F0FE43B3F1A06F55
:1068100040F0888082EA050333F47E1340F08280E2
:1068200028047FD5C5F30540C2F3054290428CBFD2
:1068300000200120E4E74E4B9D4209D1A3F500431F
:106840009A4200F081804B4B22F47E109842D4E7AC
:10685000B1F1407F60D102F0FE43B3F1407F5BD1E4
:1068600082EA050030F47E1456D131462846FFF7FF
:1068700017FE00286AD1404912F47C1701EA020190
:1068800013D0B1F1607FC2F3054333D1D1B241F0EF
:10689000007101F17E410339122901D83748445C67
:1068A00015F47C1F2DD19C42A7E7B1F1607F0AD17E
:1068B000D3B243F0007303F17E43033B122B4BD85A
:1068C0002F49CB5CE2E7B1F1707F17D106F4E043CA
:1068D000B3F5005F42D10123C6F302218B4006F4D9
:1068E000E041B1F5005FDBD10120C6F3022600FADA
:1068F00006F4D5E7B1F1707FD2D1F0E7002423464A
:10690000CEE71FB9C5F30541A1421DD0290403D527
:10691000C5F3054098428AE71A4B9D4202D1B2F175
:10692000082F6AE725F0004323F47F03B3F1106FCB
:106930000CD102F0FE43B3F1106F07D112481040A2
:1069400040F01060A84258E7012059E7002057E7BF
:10695000002B7FF446AF4FE7002397E70023BEE705
:106960000002000600130006FF00000200400006BF
:106970000093C004000140050000C07F7D050100B8
:106980007D0501000002C0030000FFF60E4A20F45E
:106990007E13934210D002F5807293420ED0B3F171
:1069A000052F0DD0094A93420CD0094802F5807298
:1069B000934218BF0020704706487047064870474A
:1069C000064870470648704700014005000600056C
:1069D00000071005000150050002500500051005D4
:1069E0000006100500F0FE43B3F1A06F10B52DD1E5
:1069F000184A20F4FF7323F00103934213D0164981
:106A000020F0FF028A420ED020F47F7424F00304A9
:106A1000A1F570618C4206D001F5A0618A4202D0D6
:106A20000E4A93420BD110F0FF0007D00C4B40F000
:106A3000007098420CBF6FF08600002010BD10F46B
:106A4000004F14BF6FF086000020F7E76FF086005C
:106A5000F4E700BF0002000600130006004600062F
:106A6000FF000002436810B5002B53D003F0FE4234
:106A7000B2F1106F02BF23F01F6323F4702343F0C1
:106A800000634C1C02D0427A520743D42E4A23F0B2
:106A9000FF04944231D140F20223994213D00BDC1F
:106AA0004B1C20D040F20113994209D1037ADC0635
:106AB00030D443F010030CE040F2032399420AD093
:106AC0006FF086000EE0037A13F0180F22D143F026
:106AD0000803037205E0437A99071BD443F00203CD
:106AE0004372002010BD038903F40473B3F5047FDF
:106AF00010D1437A43F00403F2E7B3F1082F20D119
:106B000040F20123994214D007DC4A1CCAD1037A0F
:106B1000DB06EED46FF08800E4E740F206239942EA
:106B2000CED1037A03F09002102AF3D143F0800310
:106B3000CFE7037A03F0D002102AEBD143F04003F1
:106B4000C7E76FF08500CDE70001000838B503798D
:106B500004460D4663B9D4E9050185E80300237FA7
:106B60000020012B13D0C5E900006FF096000DE066
:106B70004369084A03F14043A3F580539342EAD99D
:106B8000D0E9091206F0CFF80028E4D038BD02237E
:106B90002377FBE7FFDFFF3F2DE9F347CDE9000156
:106BA000DDE9000191461D460A9C01F069F80646A0
:106BB000002851D1D9F80070B7F800A00AF4E043DA
:106BC000B3F5804FBB6808BF25F0010535EA030324
:106BD0003AD1002C40D0B5F5006F41D0A5F5005258
:106BE00055425541284A24F4FF7323F00103934290
:106BF00013D0264924F0FF028A420ED024F47F707D
:106C000020F00300A1F57061884206D001F5A06173
:106C10008A4202D01E4A934224D114F0FF0304D0CA
:106C20001C4A43F00073934223D02B462246504621
:106C3000F968FFF779FD804670B92B462246504629
:106C40003969FFF771FDE8B96FF084060023384613
:106C5000C9F8003006F018F8304602B0BDE8F087F9
:106C60000125BFE704F0FE43B3F1407F04D12304C4
:106C7000DBD56FF08606E9E7B3F1A06FF7D0054BDF
:106C80009C42D1E74646E7E70002000600130006F3
:106C900000460006FF00000238B500F0FE43B3F1E5
:106CA000407F04460D4602D06FF0860038BDFFF7E6
:106CB000F7FB0028F8D114F47C1F18D0C4F3054367
:106CC000032B137022D9224A2240B2F1607F31D1C6
:106CD000E4B244F0007404F17E44033C122CE3D887
:106CE0001C4A125D9342DFD8202BDFD90EE0184BEF
:106CF0002340B3F1607F0FD1E3B243F0007303F19F
:106D00007E43033B122B04D9002313706FF08500E0
:106D1000CCE71149CB5CD3E7B3F1707FF4D101F438
:106D2000E043B3F5005FEFD10123C1F302218B40B3
:106D3000DBB2C5E7B2F1707FB6D105F4E042B2F53F
:106D4000005FB1D10122C5F30225AA40CAE700BF06
:106D50000000C07F7D0501007D05010030B585B0D4
:106D60000446CDE9000190B3DDE9000103AA00F07B
:106D700087FF044658BB039B1A7F022A2AD10322AD
:106D80001A771A79FF2A28D062B15A69144902F198
:106D90004042A2F580528A4204D9D3E9050105F0A8
:106DA000A4FF044603980E4A436903F14043A3F548
:106DB0008053934203D801F0C9FB054604B1254630
:106DC000039805F04CFF002814BF04462C462046CB
:106DD00005B030BD6FF09605F2E76FF08405EFE780
:106DE000FFDFFF3F2DE9F0411E46002388B00F462C
:106DF000054601889046C6E9003305930792002AAC
:106E00005BD0B2F1005F80F0958021F0FF03B3F515
:106E1000E24F02D0B3F5824F1BD1284604F0CAFEE0
:106E2000044600287AD1EB683BB16A882AB1CBB21C
:106E3000222B36D02CD8122B38D03A46002308EB20
:106E4000070112F8010B8A4243EA0003F9D1002B33
:106E500033D0284605A904F07CFF0446A0B9059B61
:106E60009B6A6BB3059B39465A882846069206AA48
:106E7000029203F1280201929A6A00925B6A4246EA
:106E800001F008F9044680B3059805F038F845E0AC
:106E9000273BDBB21B2BD0D8284921FA03F3DB07B1
:106EA000CBD50732B8EBD20FC7D206E040F20923A8
:106EB0009A42F6D1B8F1400FBFD86FF086042DE0AA
:106EC0006B681B0A07D10799059804F0B0FF0446C8
:106ED0000028C7D0D8E742463946284607AB01F01C
:106EE00081F804460028EED0CEE70598069B42883C
:106EF000C2B943804FF6F872934218D82B8813B169
:106F000002889A4210D16B8813B142889A420BD101
:106F10003146FFF71BFE04460028B5D1204608B0D5
:106F2000BDE8F0819A42E5D06FF08604ACE76FF0DF
:106F30008504A9E76FF08504F0E700BF0102000CAB
:106F4000F0B506461D46002387B09DF9307002A8B3
:106F500080E806003268012F059314BF4FF40073D8
:106F60004FF48073002A6DD105F0FE42B2F1806FBC
:106F70006BD1009505AA03C8FFF70EFE0446002852
:106F80003AD13379324A23F00303954218BF43F0D4
:106F900001033371059B1B8803F4E042B2F5005FE7
:106FA00035D113F4E06F32D02A4925F480728A4239
:106FB0000AD001F500718D4206D027498D4203D0D9
:106FC000A1F53F418A4222D1C3F30222012393401B
:106FD000DBB24FF49C720021737106F1080007F0D8
:106FE00069FF0599012FD1E909233046009526D183
:106FF00001F05CF9044610B1304605F092FA0598AC
:1070000005F042FE002C18BF204607B0F0BD42F24A
:107010000402934204D1114B9D4208D10C23D8E7BE
:1070200042F20702934202D10C4B9D4205D00C4B19
:107030009D420CBF0D230023CBE71823C9E701F0C5
:107040004DF9D7E76FF08804D6E76FF08604D3E7F1
:10705000004440040010C00400FF4004000180040C
:107060000013C0042DE9F0411F4600238AB00993A4
:1070700002F0FE4306ADB3F1806F144685E80300CD
:10708000DDF84080139E11D06FF08605099805F059
:10709000FBFD002814BF02462A4610463368D1176C
:1070A00023EA010333600AB0BDE8F081009295E85D
:1070B00003004FF4007309AAFFF76EFD0546002890
:1070C000E4D10998038803F4E042B2F5005F17D1D8
:1070D0000122C3F3022113F4E06F02FA01F20FD090
:1070E0001A4D24F48071A94212D005F50075AC4206
:1070F0000ED0174DAC420BD0A5F53F45A94207D0A5
:1071000042F20402934213D1124B9C4217D10C223B
:107110004245B9D8129B04960393119B0097CDE981
:1071200001832346D0E9091201F09AF80546ADE73C
:1071300042F20702934202D1064B9C4204D0064B16
:107140009C42E7D10D22E3E71822E1E70010C004DA
:1071500000FF4004000180040013C0042DE9F04F3B
:10716000984600238FB0DDF87CB00AAC84E80300B9
:10717000DDE91D971046CBF800301546FFF732FCCD
:10718000DDF860A0064600283DD1009594E8030094
:107190004FF480730DAAFFF7FFFC044648BB284656
:1071A000FFF7F4FB0246194B0D989A4225D1BAF12C
:1071B000000F25D01C9BCDE9077B05931B9BCDF8C9
:1071C000189004931A9BCDF800800393199BCDE986
:1071D00001A32B46D0E9091201F0BCF8044628B1FE
:1071E00027B13A463146484607F064FE0D9805F04F
:1071F0004BFD20460FB0BDE8F08F6FF08504F5E73A
:107200006FF08604F2E76FF08604F2E700025005A3
:107210002DE9F04F984600238FB0DDF87CB00AAC22
:1072200084E80300DDE91D971046CBF800301546D1
:10723000FFF7D8FBDDF860A0064600283DD1009599
:1072400094E803004FF400730DAAFFF7A5FC044671
:1072500048BB2846FFF79AFB0246194B0D989A4205
:1072600025D1BAF1000F25D01C9BCDE9077B0593F2
:107270001B9BCDF8189004931A9BCDF800800393C4
:10728000199BCDE901A32B46D0E9091201F08CF836
:10729000044628B127B13A463146484607F00AFE6F
:1072A0000D9805F0F1FC20460FB0BDE8F08F6FF0AF
:1072B0008504F5E76FF08604F2E76FF08604F2E7E5
:1072C00000025005F0B587B002AC84E80C00002342
:1072D0000C9E054630460F460593FFF783FB98B199
:1072E0006FF08604059805F0CFFC0146002C50D1C4
:1072F0003046FFF74BFB0C462B7D686067F30413A9
:107300002B75204607B0F0BD2B68002B3BD1297DA3
:1073100011F00F0137D14FF4EE7205F1180007F0AC
:10732000C9FD002F009694E803000CBF4FF40073D2
:107330004FF4807305AAFFF72FFC04460028D1D133
:10734000164A26F47E119142C6F305431ED1043B32
:10735000DBB20C2BC4D841F6117222FA03F3DB071F
:10736000BED505992846D1E90923009647B101F019
:107370004FF804460028B5D1059B1B882B81B1E747
:1073800001F05CF8F5E76FF08804ABE76FF0850477
:10739000A8E7284605F03DF9B3E700BF0002400525
:1073A00038B5036804461546ABB1037DDB0712D43C
:1073B0004068FFF7EBFA0C4B984212D18DB12A4688
:1073C000204605F0B9FD054638B9237D43F0010399
:1073D0002375284638BD6FF08805204605F019F959
:1073E000F7E76FF08605F8E7000250052DE9F7434F
:1073F000DDF8289007460D4616469846FFF732FB03
:107400000446B8B97B68B3F1082F1AD140F20112D3
:10741000954228D1338823F0FF03B3F5105F32D1B2
:107420004346324629463846CDF8009005F01DFE09
:10743000044610B1384605F0D9F9204603B0BDE83E
:10744000F083324A23F0FF0191420CD140F2011245
:10745000954208D13188B1F5885FE1D0B1F5905FF0
:10746000DED049BBDCE740F20122CEB39542318841
:1074700014D00BD8B5F5817F16D040F2011025F05D
:107480000202824214D06FF08604D3E740F2022356
:107490009D4220D0A5F20323032BF4D841F201032F
:1074A0009942BDD071B1EEE741F203229142B7D0CB
:1074B000B1F5905FB4D029B1B1F5105FE3D1B3F16C
:1074C000082FE0D1002EABD14B4642462946384624
:1074D00005F0BFFDACE741F206239942DED19FE7FC
:1074E0009542F1D009D8B5F5817FEDD040F2011277
:1074F00025F002039342C6D1E6E740F202239D4203
:10750000E2D0A5F20323032BDED9BCE70007000875
:10751000F8B5476806460D46002F46D121F00043D6
:1075200023F47F03B3F1106F42D001F0FE43B3F1B7
:10753000106F26D121F01F6424F4702444F00064FD
:1075400000214FF4727206F1100007F0B3FC2146DF
:10755000304605F06CFD98B9174A24F49F6323F078
:1075600007039342756011D1E4B244F0007404F152
:107570007E44033C122C9CBF104B33F81470F76010
:10758000F8BDB3F1006F13D10C46D9E70C4B24F0D2
:10759000FF029A4202D0B4F1082F03D16FF060438A
:1075A000F360EDE74FF0FF33FAE76FF08800E7E7AD
:1075B0006FF08600E4E700BF00010008F00401005E
:1075C00000070008F8B51E4640F20523994205461B
:1075D000174605D06FF08604284605F007F91CE031
:1075E000FFF740FA04460028F6D16B680D4A23F0F5
:1075F000FF01914203D002F58072934203D157EA12
:107600000603E7D05EB93A46334640F205212846E4
:1076100005F039FD04460028DED12046F8BD6FF0A4
:107620008504D9E700018008F0B58DB00E4606A9A3
:1076300081E80C004368054603F0FE42B2F1106F8A
:1076400045D100930AAA4FF4804303C9FFF7A4FA77
:10765000044600282FD16A681E4B0A9813400BAAD3
:10766000049201220392139A09AF0192129A02978F
:10767000009243F01063D0E909128DF824400B9476
:1076800005F01EFD044640B90B9B024600933146AF
:107690003B462846FFF7AAFE044638460B99FEF7FC
:1076A000E5FE5CB1284605F0A1F80A9805F0ECFA71
:1076B000002C08BF044620460DB0F0BD40F2011377
:1076C0009E4202BF2B7A43F001032B72EDE76FF06D
:1076D0008604F0E70000FFF610B50446FEF7D2FE80
:1076E00030B10A4604482146BDE8104005F0F3BC1D
:1076F0006FF0880010BD00BF487300202DE9F047EF
:107700009946002390B00B9302F0FE4308ACB3F10E
:10771000806F1646DDE9197A84E80300DDF86C8095
:107720000ED06FF086040B9805F0AEFA002C40F0F6
:107730008B8010B10023C8F8003010B0BDE8F0878E
:10774000009294E803004FF480730BAAFFF724FA29
:1077500004460028E7D10B9B1A8802F4E043B3F5F6
:10776000005F1BD112F4E06F18D0384926F4807303
:107770008B420AD001F500718E4206D034498E4208
:1077800003D0A1F53F418B4208D10125C2F302226B
:107790009540102D0AD96FF08304C4E742F2040328
:1077A0009A423DD12B4B9E4241D10C25002FB8D09F
:1077B000AA4546D329460CA8FFF78EFF04460028A9
:1077C000B1D14F453BD07A19AAEB0503CDE904238B
:1077D000189B0B98CDE902930DF1300ACDF8188073
:1077E0000195CDF800A03346D0E9091200F016FD4E
:1077F0000446002897D1002D95D04F4505D1394634
:10780000D8F80020781907F01FFB2A465146384661
:1078100004F024F9D8F800302B44C8F8003082E78F
:1078200042F207039A4202D10A4B9E42B3D00A4B5E
:107830009E4201D10D25B9E73A460025C4E73A46F4
:10784000C2E76FF089046EE7204673E70010C004BA
:1078500000FF4004000180040013C004002273B53F
:1078600003880092C1E90022428804460D46002A9E
:1078700000F0F28003F4E042B2F5804F00F0EC80BB
:1078800023F0FF03B3F5E24F02D0B3F5824F04D1EA
:10789000204604F08FF90646F0B96946204604F008
:1078A00058FA0646002840F0CD80009B9B6AB3B191
:1078B0000099204601F12803D1E9091200F0C2FB2A
:1078C00006460098002E40F0C1802946FFF73EF999
:1078D0000646002840F0B680304602B070BD6368AE
:1078E0001B0A40F0A78022886188104604F056F9F0
:1078F000002800F0AE80104604F06AFA0646002820
:1079000040F0A08047F201039A420ED14B080133A8
:10791000DB0803EBC3033B330193DDE9000104F013
:1079200086FA06460028C3D08CE044F201039A424E
:1079300002D1CB081033EFE722F0FF03B3F5E84F95
:1079400003D1CB1DDB085B00E6E7B3F5884F05D11B
:10795000CB1DDB0803EB43030133DDE7B3F5EE4F4B
:1079600066D0B3F58E4F02D1CB1DDB08D4E702F40D
:107970004F40B0F5824F02D0B0F5884F06D1D0B25B
:10798000422801D1CB08E7E74128EDD0B3F5E24F1B
:10799000EAD0B3F5824F03D1CB1DDB085B00DBE7F8
:1079A00044F20D039A4223D844F201039A42DBD9F0
:1079B000A2F58042023A0B2AD6D801A353F822F04E
:1079C000057A000069790000117A000069790000E9
:1079D00069790000197A0000217A000069790000B5
:1079E00069790000297A000069790000297A00008D
:1079F00047F202039A421BD047F204039A42B3D1E2
:107A0000402389E74FF4A0724B095343203383E7A7
:107A10004FF4C0720B0AF8E7CB1DDB0818337BE785
:107A2000CB1DDB081C3377E7CB1DDB0802338AE76D
:107A3000202371E7204601A900F0ECFA0646002851
:107A40003FF46BAF009804F05AFA45E704F02FFAC0
:107A5000F8E76FF08506F5E76FF086063CE700BFB4
:107A600010B5124C2378590744BF03F0FB03237071
:107A70009A0705D500F0A8F8237823F002032370B5
:107A8000637813B10A4805F029FB00230421084854
:107A90006370FEF7EBFC2378DB0705D505F0ECF906
:107AA000237823F00103237010BD00BF447300202E
:107AB0004873002038B5FEF7E5FCD0B9164D2B7899
:107AC000980707D400F078F82B78044643F00203B7
:107AD0002B70C8B9D90707D405F0CCF92B78044628
:107AE00043F001032B7078B96B782BB12B785A07D0
:107AF0000DD50024204638BD084805F0E9FA0223D8
:107B000004466B700028F1D0FFF7AAFFF2E743F0BC
:107B100004032B70EDE700BF44730020487300207E
:107B200073B502AB03E9030000F140431F2B144679
:107B30000D46024613D82C211D4801FB0300037F8C
:107B4000022B22D143699A421FD183699D421CD1E5
:107B50000146084605F076F818BB21601FE06FF07B
:107B600040410138884213D2114B002118461E7F34
:107B7000022E05D15E69B24202D19E69B54213D090
:107B80000131202903F12C03F1D16FF08B0006E0C5
:107B90000849A3F580538B42E6D96FF0870002B005
:107BA00070BD6FF09600FAE72C2303FB0101D0E7CC
:107BB0004C730020FFDFFF3F0122024B002083F8BF
:107BC000802570474C7300202DE9F0410A4C0025B8
:107BD00026464FF0010803272046C4F82080277767
:107BE000013504F06FF9202D04F12C04F4D10023A9
:107BF00086F88035BDE8F0814C730020F8B51E4D45
:107C0000064695F880350F467BB300242B46224666
:107C1000197FD1B13CB9022905D1196A19B919796D
:107C2000002918BF1C460132202A03F12C03EFD192
:107C300014B96FF08C0006E0204605F003F82046EA
:107C400004F040F910B100240DE01C46237F7BB9FD
:107C50000123237736B1094B651BAD105D4305F158
:107C60008045356000203C60F8BD6FF08800EAE791
:107C70006FF09600E7E700BF4C730020A38B2EBA8D
:107C80002DE9F0410027684B92B0176093F88035DA
:107C900002AE154686E80300002B00F0C28096E88D
:107CA0000300FFF73DFF10F18C0F044640F0A18068
:107CB00029463846FFF7A2FF0446002840F0998085
:107CC00096E8030001232F681C2207F1140888E8B6
:107CD00003007B6021460BA807F0ECF8002200238C
:107CE000CDE908237B69514A03F14043A3F5805352
:107CF0009342CDE90644059422D898E8030008ABE6
:107D000005AA05F0EEF90446B8B9D7E90523DDE97F
:107D10000801CDE91023059B0BAA0C9313F0FF0378
:107D200008BF10930023CDE9003300F047FA10F1AB
:107D30008A0F044611D000284FD014F18C0F4ED179
:107D400000236FF040422E6808930B937369013B48
:107D5000934252D36FF08B0441E006A90BA800F0C8
:107D600059F904460028E8D13846069904F05FF82E
:107D700004460028E1D1DDE9080107AB0193BB6AA5
:107D80000BAA00937B6A00F019FA044618B1384632
:107D900004F08DF8D1E73C46079B0BAEBB620FCEDB
:107DA0000FC496E8070084E8070028688368D904B0
:107DB00044BF43F4806383609A0444BF43F4006388
:107DC0008360037F012B04BF0223037704F03AFF93
:107DD000044670B16FF0960409E06FF096042868CD
:107DE00004F070F814F18C0F08BF6FF087040023C3
:107DF0002B60204612B0BDE8F08130460BAA08A9DE
:107E000004F0E6FF044628B930460B9A089904F0BE
:107E100021F804460B99089804F0D8FF002CC4D030
:107E2000DDE76FF08804E4E74C730020FFDFFF3FDD
:107E3000F7B515460E4607460822184629491C463E
:107E400003F00CFE042200230DEB020104F10800F4
:107E5000019303F003FE04226B680DEB020104F1B1
:107E60000C00019303F0FAFD2B8801A9022204F112
:107E70001000ADF8043003F0F1FD6B8801A9022277
:107E800004F11200ADF8043003F0E8FD0422AB6801
:107E90000DEB020104F11400019303F0DFFD042255
:107EA000EB680DEB020104F11800019303F0D6FD1D
:107EB00004222B690DEB020104F11C00019303F075
:107EC000CDFD042204F120000DEB0201019603F028
:107ED000C5FD3246394604F1240003B0BDE8F04048
:107EE00003F0BCBD900501002DE9F74323290446AA
:107EF0000F46914698460A9E05D86FF09805284689
:107F000003B0BDE8F0830822354906F08DFF054631
:107F10000028F2D1042204F108010DEB020003F065
:107F20009DFD019B002BE8D1042204F120010DEB03
:107F3000020003F093FD0199243F8F42C8F800101E
:107F4000DBD3B1F5005FD8D2002938D1C9F8005091
:107F5000042204F10C010DEB020003F07FFD019BF4
:107F60000222736004F1100101A803F077FDBDF84F
:107F700004300222338004F1120101A803F06EFDE7
:107F80000422BDF8043004F1140173800DEB0200EB
:107F900003F064FD0422019B04F11801B3600DEBB2
:107FA000020003F05BFD0422019B04F11C01F3605D
:107FB0000DEB020003F052FD019B33619FE70120AE
:107FC000FEF738FAC9F8000030B1D8F8002004F103
:107FD000240103F043FDBBE76FF08C058FE700BF82
:107FE00090050100194610B4002443680C60074C4A
:107FF0001A0AB4EB132F02D0054B9A4202D110BCDF
:1080000000F000BC6FF0860010BC7047004E80008E
:108010004B4E800010B4002443680C60074C1A0AD1
:10802000B4EB132F02D0064B9A4202D110BC00F0E1
:10803000E9BB6FF0860010BC704700BF004E8000A7
:108040004B4E80002DE9F041456804462D0A0E464E
:108050001746984606D00E4CA54214D06FF0860005
:10806000BDE8F08105886D0407D443463A463146A1
:108070002046BDE8F04104F0D2BD01F0A3FB10F1B1
:10808000860FEDD1F1E7BDE8F04101F09BBB00BFE9
:108090004B4E80002DE9F04FD0F804E0DFF87CB0C3
:1080A00085B0BBEB1E2F0446DDE90E890D46164652
:1080B0001F46DDF840A04FEA1E2C1CD0DFF860E020
:1080C000F44518D0BCF1000F22D1CDE9019ACDF8CA
:1080D000008001F025FB10F1860F1BD13B46324694
:1080E00029462046CDE90F9ACDF8388005B0BDE885
:1080F000F04F03F0BFBE3B46324629462046CDE94D
:108100000F9ACDF8388005B0BDE8F04F01F008BBFC
:108110006FF0860005B0BDE8F08F00BF004E800014
:108120004B4E8000F0B44468DDE90456240A06D0C2
:10813000084FBC4208D0F0BC6FF086007047CDE914
:108140000456F0BC03F0FDBECDE90456F0BC01F0CE
:10815000ADBB00BF4B4E80002DE9F7430D46DDE976
:108160000A891646134942681F46B1EB122F04468E
:108170004FEA12230ED0104A934200D0ABB93B46CF
:10818000324629462046CDE9008905F07CFD10F1F4
:10819000860F0CD13B46324629462046CDE90A8956
:1081A00003B0BDE8F04305F06EBD6FF0860003B08C
:1081B000BDE8F083004E80004B4E8000F0B4DFF845
:1081C0002CC05468DDE90456BCEB142F4FEA142789
:1081D00002D0074CA74204D1CDE90456F0BC01F00F
:1081E0003BBB6FF08B00F0BC704700BF004E8000BF
:1081F0004B4E8000F0B44768074EDDE90445B6EB0E
:10820000172F04D1CDE90445F0BC01F0A3BB6FF0FA
:108210008600F0BC704700BF4B4E80002DE9F04750
:108220004468DDF83890240ADDE90856DDE90A7C67
:10823000DDE90CE803D0DFF824A054450AD1CDE9EC
:108240000D89CDE90BCECDE909670895BDE8F0476A
:1082500000F0FCBC6FF08600BDE8F0874B4E80005C
:108260002DE9F0434568DFF83C90DDF82C80B9EB50
:10827000152F4FEA1524DDE90767DDE909CE03D0A4
:10828000094DAC4200D044B9CDE90AE8CDE9087CFB
:108290000796BDE8F04300F019BD6FF08600BDE819
:1082A000F08300BF004E80004B4E800037B504467F
:1082B0004868000A02D0084DA8420AD106980090EA
:1082C00004F1080000F0FCFA08B90523236003B0AC
:1082D00030BD6FF08600FAE74B4E800037B504469C
:1082E0004868000A02D0084DA8420AD106980090BA
:1082F00004F1080000F016FB08B90523236003B061
:1083000030BD6FF08600FAE74B4E800070B4074E28
:10831000DDE90345B04204D0CDE9034570BC05F06A
:10832000B5B96FF0850070BC704700BF0500000252
:10833000074B10B59942044606D0043005F0C8F941
:1083400008B90523236010BD6FF08500FBE700BF6F
:10835000050000022DE9F74F0C9CDDE90D56019454
:108360004468DDE90F7C240ADDE911E8DDE9139AB0
:1083700003D0DFF830B05C450ED1019CCDE9139AF3
:10838000CDE911E8CDE90F7CCDE90D560C9403B091
:10839000BDE8F04F00F0B4BF6FF0860003B0BDE859
:1083A000F08F00BF4B4E80002DE9F74F0C9C4568C5
:1083B000DFF854B000940D9CBBEB152F0194DDF851
:1083C00050A04FEA1524DDE90E67DDE910CEDDE9A6
:1083D000128903D00D4DAC4200D07CB9019CCDE98F
:1083E000139A0D94009CCDE911E8CDE90F7C0E960F
:1083F0000C9403B0BDE8F04F00F0E6BF6FF08600CC
:1084000003B0BDE8F08F00BF004E80004B4E8000EF
:1084100070B44C68039D240A02D0074EB44206D1C2
:10842000052440F8184B039570BC05F00FB86FF0A9
:10843000860070BC704700BF4B4E800070B44C6823
:10844000039D240A02D0074EB44206D1052440F809
:10845000184B039570BC05F004B86FF0860070BC33
:10846000704700BF4B4E80002DE9F043DFF8449089
:10847000DDB2446845F000754D45DDF82C804FEACB
:108480001424DDE90767DDE909CE0CD014B10A4DEB
:10849000AC420CD1CDE90AE8CDE9087C0796BDE8ED
:1084A000F04305F0EBB96FF08500BDE8F0836FF0A5
:1084B0008600FAE7050000024B4E8000F7B5089EE3
:1084C0000E4FF5B2044645F000754868BD424FEACC
:1084D00010200DD010B10A4DA8420CD1009604F125
:1084E000080005F0C0F908B90523236003B0F0BD0A
:1084F0006FF08500FAE76FF08600F7E705000002ED
:108500004B4E8000F7B5089E0E4FF5B2044645F07D
:1085100000754868BD424FEA10200DD010B10A4DD9
:10852000A8420CD1009604F1080005F09EF908B9A4
:108530000523236003B0F0BD6FF08500FAE76FF00C
:108540008600F7E7050000024B4E80004268044BAE
:10855000B3EB122F01D105F0A7BB6FF08500704778
:108560004B4E800010B50C4C207806F0DBFC0B4A1B
:108570001368591C116053B9094AD2F8003443F00A
:108580000703C2F800344FF48072064B9A602078DB
:10859000BDE8104006F0C8BC287A0020D078002042
:1085A0000080045000E100E038B5174C207806F058
:1085B000B9FC164B1A68013A1A6002BB4FF4807579
:1085C0001348C0F88850BFF34F8FBFF36F8F072158
:1085D000104BC3F80813D3F8001421F00701C3F8B7
:1085E0000014C3F80021D3F80011C3F80421D3F814
:1085F0000411C3F80821D3F80831C0F88851207855
:10860000BDE8384006F090BC287A0020D0780020E1
:1086100000E100E00080045070B5154D154E2B6848
:10862000B34222D0FFF79EFF02F00CFD124A134B1B
:10863000134952F8040B43F8040B8B42F9D102F0B2
:1086400069FD38B104F065FD0446FFF7ADFF3CB9A4
:108650002E6005E001F0E2FC044618B1FFF7A4FF2C
:10866000204670BD05F0BAFBEEE70024F8E700BF36
:108670000053002011736500F8F0000000C0805125
:108680001CD380511FB50D4CD4F84034012B07D0BA
:108690000321B720FBF73CFE60B90123C4F8403446
:1086A00010220021684606F005FC684606F00AFA2A
:1086B00004B010BD6FF02100FAE700BF0080045045
:1086C000002310B50B6010F0FF0314D043F00073CB
:1086D00003F17E43053B102B0DD801220B4C9A4031
:1086E000224203D1042B06D1094B0B600B6853B90E
:1086F0006FF0850006E000F0FE40B0F1007FF7D09B
:108700006FF0860010BD0020FCE700BF6978010013
:10871000C0040100F8B505460E4618461C21174650
:108720001C4606F039FC6B682B491A0AB1EB132F73
:108730001BD12A4A33782261294A13F00303E260ED
:1087400066610CD0023303F00303012B3DD86B8824
:108750000733DB086360234B23600020F8BD6B8880
:108760000733DB086360204BF6E7204B9A4229D1A0
:108770006B691F4A1A44022A0CD81E4AE2601E4A3C
:1087800022611E4A934212D00132934217D06FF0F9
:108790008600E3E72246A96942F8181F62610022B9
:1087A000C4E90322164A93420BD12023DAE70123BE
:1087B000A3602346AA6943F8182F6361CDE702231B
:1087C000F6E72FB1C4E90067C7E76FF08400C5E79B
:1087D0006FF09600C2E700BF4B4E8000AD9B0000DB
:1087E000B99A00000000002040008151004E800036
:1087F000FF3F0080858600000FD1000002C0FF7F90
:1088000004C0FF7F30B54268144D0388B5EB122FCA
:108810004FEA122414D14069114A90420CD002F55B
:10882000FF427D320244012A14D8B3F5105F11D102
:10883000022300200B6030BD47F212129342F6E78C
:10884000084A944206D1B3F5885FF1D143880733D3
:10885000DB08EEE76FF08600EDE700BF004E80001A
:1088600001C0FF7F4B4E800070B50546114E55F894
:10887000101B0446891B18BF0121284602F0A4FBE7
:1088800018B1BDE8704004F044BC2368B3420CD07A
:1088900096BF094A094A23F48073934205D02846BB
:1088A00002F080FB6FF00200EBE70123002084F868
:1088B000D43070BD00018004004040040010C004AA
:1088C0002DE9F041DDF818801D46154B0E46984500
:1088D000044611461DD13388B3F5105F19D1202D00
:1088E0001AD800F582772A46384603F0B7F82A46A8
:1088F0003946304604F1E803FFF70CFF38B901238D
:1089000084F836311023C4F8008084F83531BDE88E
:10891000F0816FF08500FAE76FF08600F7E700BF9F
:10892000004440042DE9F041DDF818801D46144B49
:108930000E469845044611461CD13388B3F5105FA6
:1089400018D1202D19D800F582772A46384603F031
:1089500085F82A463946304604F1E803FFF7DAFE87
:1089600030B91023C4F8008084F8360184F835311A
:10897000BDE8F0816FF08500FAE76FF08600F7E759
:10898000004440042DE9F04F87B00446DDE910BAF9
:1089900015469846894611B90AB1FDF75DF9BAF155
:1089A000000FFAD00023CAF80030DDB1B8F1000F93
:1089B00000F0D28094F8346173195B4500F2CC80EA
:1089C0001EB394F8357104F59270BA1B95420DD21E
:1089D0002A464946304403F041F894F834312B4498
:1089E00084F83431002007B0BDE8F08F49463044A8
:1089F000059203F033F894F83431059A1F44BF1BF5
:108A0000FEB284F834619144AD1A94F835315F4276
:108A10002F4002D1002E00F0A280226851498A42E4
:108A200037D1AEB1B342B8D194F8362104F1E801A0
:108A3000CDE902A2CDE9008B04F59272201D04F06D
:108A40003FFC0028CFD194F8343184F834019844A5
:108A500077B194F836314A46CDE902A3CDE9008BCF
:108A60003B4604F1E801201D04F02AFC0028BAD19D
:108A7000BD42B7D994F83431002B8ED1ED1B2A4674
:108A800009EB070104F5927002F0E8FF84F8345115
:108A9000A8E794F8D43043B3334904F1100B511ACA
:108AA00018BF0121584602F08FFA20B107B0BDE887
:108AB000F04F04F02EBB201D01F0F0FF034638BB41
:108AC00094F83431221D059204F1100B9BB967B361
:108AD00043463A464946201D05F045FC804620B3F2
:108AE000584602F05FFA4046E0E72046FFF7BCFE3A
:108AF0000028E5D077E794F835219A427FF44DAF0E
:108B0000434604F59271201D05F02DFC034630B15B
:108B10005846059302F046FA059B1846C6E794F8B6
:108B2000353184F834019844D1E7201D05F082FCEA
:108B300080460028D4D1201D05F0C9FC8046584647
:108B400002F030FAB8F1000FCDD1DAF800303E442F
:108B50003344CAF800308BE76FF0890043E7002DFB
:108B60008CD13FE700444004000180042DE9FF411F
:108B700004460F4690461E460BB9FDF76DF80023DC
:108B8000336090F834319BB901682E4A914256D136
:108B9000002FF2D094F8D4309BB3012104F11000DF
:108BA00002F012FAD0B104B0BDE8F04104F0B1BA5D
:108BB0000029E2D00168244A9142EBD190F8362195
:108BC00000F1E801CDE90262CDE9007800F592728A
:108BD000043004F075FB04B0BDE8F081201D01F005
:108BE0005DFF054628BB94F83421904532600ED2D3
:108BF00004F1100002F0D6F900236FF08900336011
:108C0000E9E72046FFF730FE0028ECD0E3E7261D19
:108C10003B46304604F5927105F0A5FB054640B988
:108C2000304605F0DAFB054618B9304605F04FFC32
:108C3000054604F1100002F0B5F92846B3E71846DE
:108C4000C9E700BF00414004004440042DE9F04F53
:108C5000D3B09B46DDE95E785C9B05460E469246A6
:108C6000DDF88091629C0BB9FCF7F6FF17B9B8F1FB
:108C7000000FF9D1B9F1000FF6D0002CF4D04FF469
:108C80009C72002104A806F015F9002323600E4B06
:108C90009B4515D15246314628463EABFFF73AFD7B
:108CA00058B90123CDE90243619B3A46CDE90093CF
:108CB0003EA9434605A804F003FB53B0BDE8F08F7E
:108CC0006FF08500F9E700BF004440042DE9F04F44
:108CD000D3B00746DDE95C848A4693461D46DDF83D
:108CE0007891609EB8F1000F02D10CB1FCF7B4FF8F
:108CF000B9F1000FFAD0002EF8D04FF49C72002189
:108D000004A806F0D7F80022134B32609D4214BF2E
:108D100010230C23F4B1114A954214D15A465146FE
:108D200038463EABFFF7F6FC50B95F9BCDE90260D9
:108D3000CDE90093424623463EA905A804F0C0FAB7
:108D400053B0BDE8F08FA3428CBF6FF086006FF088
:108D50008500F5E72046F3E7000180040044400465
:108D600000212DE9F043074695B0084602F02CF9A2
:108D70000DF12706044626F01F0620B115B0BDE808
:108D8000F04304F0C6B94FF01009DFF878800122F3
:108D900010211D4804F029FA1B4A331900932021A1
:108DA0001023CDF80490A2F1200001F0C1FE054689
:108DB00050B1002002F0F6F8284604F0AAF9054662
:108DC000284615B0BDE8F083D8E90C3210340133E1
:108DD00042F10002302CC8E90C32D8D102F0E2F89E
:108DE00027B122463946304604F0F2F931462022B6
:108DF000044802F033FE102206F12001024802F07E
:108E00002DFEDDE7E071002000720020F0B5194D65
:108E1000194FAB6B8DB0BB4229D0184E307806F09D
:108E200081F8402300221946284606F0AAF830218E
:108E3000684604F097FA044678B96846FFF790FF51
:108E4000044690B9302302461946684606F099F860
:108E500001220023C5E90C23AF63307806F064F8E3
:108E6000204604F056F90DB0F0BD0E24F5E70020C1
:108E7000F9E700BFE0710020B4A5B4A5297A00206D
:108E80002DE9F04F99B00DF1570902F10F0A044690
:108E90000E46154629F01F094FEA1A1A32B1002969
:108EA00000F08D80B2F5803F00F28980DFF81481F8
:108EB000454F98F8000006F035F8D7E90C32134317
:108EC00009D12046FFF7A2FF044620B198F8000020
:108ED00006F02AF85CE0D7E90C231AEB020243F112
:108EE0000003B3F5803F14D3302102A804F03AFA0E
:108EF000F8B902A8FFF734FF04460028E6D1302372
:108F00000246194602A806F03CF800220023C7E9F1
:108F10000C230021084602F057F8044660B91024DB
:108F2000A5B9284602F03EF82846FFF719FF044687
:108F3000CCE76FF09204C9E798F8000005F0F4FF61
:108F4000204619B0BDE8F04F04F0E3B8102D4FF003
:108F500001024FF010011D48AA4628BF4FF0100A29
:108F600004F043F9194A10232021CDE90094A2F11D
:108F7000200001F0DDFD834670B1002002F012F800
:108F800098F8000005F0D0FF584604F0C2F80446F7
:108F9000204619B0BDE8F08F4B4606EB0A0213F8E5
:108FA000011B06F8011B9642F9D1D7E90C320133B7
:108FB00042F10002C7E90C32A5EB0A05B0E76FF0F9
:108FC0008604E5E7297A0020E07100200072002085
:108FD0002DE9F84FDFF8B4A0DDE90AB424F47E16D9
:108FE000884617461946138856450CBF4FF4105251
:108FF00000229A42054643D1BBF1200F43D800F12D
:1090000020095A46484602F029FD5A464946384644
:109010002B1DFFF77FFB38BB1D4B9E4226D05645CC
:1090200026D0B6F1052F25D01A4B9E4224D01A4ADD
:109030001A4B964218BF00232B60144B85F85880BA
:109040009E421BD184F0AA6383F4807333F47E13B1
:1090500006D084F0AA6383F4007333F47E130DD139
:10906000C4F3054485F89A40BDE8F88F0C4BE3E75C
:109070000C4BE1E70C4BDFE70C4BDDE70024F1E79D
:109080006FF08500F0E76FF08600EDE70002400525
:109090000001400500060005000700050007100557
:1090A00000015005000250050005100500061005DE
:1090B000F8B590F89B10044601293ED002295DD0F6
:1090C00000295DD10568314B9D425CD190F84D304F
:1090D0000C2B58D100F1C0070121384601F074FF74
:1090E000064630B104F015F810B9022384F89B301D
:1090F000F8BD2368264A93421AD0AB4209D0254ACC
:10910000934215D06FF00205384601F04BFF2E4612
:109110000EE094F8585094F89A3004F14002211D62
:1091200004F1A00035B904F0CAFF05460028EBD1D0
:109130003046D7E704F0C1FFF7E70368134A9342CC
:1091400003D013495B1A5942594104F1C006304615
:1091500001F03AFF18B1BDE8F84003F0DABF04F1BE
:10916000A00005F02FF8054620B1304601F01AFFA7
:109170002846F0E7022384F89B30F9E70020B7E7A0
:109180006FF09600B4E76FF08800B1E70002500579
:1091900000015005000510052DE9F04F85B004468B
:1091A0000F4698461546DDF83CA09DF84090002AF1
:1091B0004DD090F899600368454A86BB934240F0D1
:1091C00083800F2D31D935F00F0B14D0B9F1000F7A
:1091D00004D10E9A0BEB060393425AD843465A46E3
:1091E00039462046CDF8009004F006F980BB5F4474
:1091F000A5EB0B055E4446B1204604F0DDF838BB14
:10920000BAF1000F01D0CAF8006005B32A4639460A
:1092100004F1590002F022FC84F8995017E09342BF
:1092200052D1C6F11002AA4215D304F159002A46C0
:109230003946304402F012FC94F899302B4484F8FB
:109240009930BAF1000F02D00023CAF80030002094
:1092500005B0BDE8F08F00F1590B0BEB060003934E
:10926000029202F0FBFB94F89910029A039B1744B8
:109270000A442168103DD2B29942354484F89920BD
:1092800022D1102A22D1B9F1000F05D10E9B0F2B4C
:1092900002D86FF08900DBE743461022594620468A
:1092A000CDF8009004F0A8F80028D1D194F8996086
:1092B000B9F1000F00D1B0440023226884F899303E
:1092C000034B9A423FF47FAFFCF7C6FC00267AE7D7
:1092D0000002500538B50446084B00681546984210
:1092E00009D10C2A07D104F1400002F0B7FB00209D
:1092F00084F84D5038BD6FF08500FBE70002500543
:109300002DE9F04FFBB003AC804689469246002120
:109310004FF4EE7220469B46899D859F05F0CAFD5D
:1093200000228B9B02AEAB42029248D342464B4690
:1093300001212046CDE900ABFFF74AFE8046002818
:1093400036D1879B2268C4E914351E4B9A422DD131
:109350000C2F2BD13A46849913A802F07FFBDDE94C
:109360008612012384F84D7020460093434604F092
:1093700043F88046E0B900902A4620468A9B8899A7
:1093800004F03AF8804698B98B9A8A993346204679
:10939000521B294404F0C3F8804648B9029B8C9ABA
:1093A0002B44136040467BB0BDE8F08F6FF085081A
:1093B00000238C9A2046136004F0A1F8F2E76FF0C6
:1093C0008908EFE7000250052DE9F04F0446994661
:1093D0008A469346FBB003AD4FF4EE720021284657
:1093E000859FDDF820828C9E05F064FD2246534661
:1093F00000212846CDE900B9FFF7EAFD044688BB05
:1094000095F89A20899B9B1A8B9A3360934232D8A5
:10941000879AC5E914232A681A4B9A422ED10C2F39
:109420002CD13A46849913A802F018FBDDE9861284
:10943000012385F84D7028460093234603F0DCFF96
:10944000044678B90090414628468A9B326803F06A
:10945000D3FF044630B931682846414404F0B9F8D6
:10946000044620B100232846336004F048F8204623
:109470007BB0BDE8F08F6FF08904F3E76FF08504EF
:10948000F0E700BF000250052DE9F04115461A46ED
:10949000069B03F0FE44B4F1407F01D0FCF7DCFBF7
:1094A0000468002C3ED1234C13F47C16036004EABC
:1094B00003040AD0C3F30546B4F1607F466022D1AD
:1094C0002946BDE8F04104F0CBBAB4F1607F0BD17E
:1094D000DCB244F0007404F17E44033C122C1DD82D
:1094E0001549095D4160EBE7B4F1707F18D10C8834
:1094F00004F4E047B7F5005F12D10126C4F302245B
:1095000006FA04F4446023F47E140C4B9C420DD103
:1095100013462A46BDE8F04100F0B2B84660CFE7F6
:109520004660F0E76FF08800BDE8F0816FF08500DD
:10953000FAE700BF0000C07F980501000002C003E9
:1095400010B4046884B19AB10C4B2340B3F1607F2E
:1095500002D110BC04F0CDBA094B24F47E149C4215
:1095600008D110BC04F0C4B96FF0880010BC70477B
:109570001046FBE76FF08500F8E700BF0000C07FF2
:109580000002C003F8B50F46016805461E4659B3F0
:109590006FB3436893422DD8184B0B40B3F1607FF3
:1095A00011D104F027FB04462B68154A23F47E13DF
:1095B000934203D1284604F01BFA044634B1002339
:1095C00033602046F8BD6FF09604EDE705F10C011D
:1095D00038466A6802F042FA6B684FF40171284617
:1095E000336005F0D9FCECE76FF08804E9E76FF031
:1095F0008604E6E76FF08904E3E700BF0000C07F60
:109600000002C00370B50E460168054669B37EB31B
:109610004368934203D06FF09404204670BD164B0C
:109620000B40B3F1607F1DD104F0E4FA04462B68CF
:10963000124A23F47E13934203D1284604F0D8F94A
:109640000446002CE9D131466A6805F10C0005F0AA
:1096500084FC04460028DED14FF40171284605F051
:109660009BFCDAE76FF09604E1E76FF08804D4E73B
:109670006FF08604D1E700BF0000C07F0002C00386
:109680002DE9F0410E461C4633880546B3F5105FC0
:1096900011463DD10F2C0BD873681F481A0AB0EB46
:1096A000132F07D01D4B9A4204D06FF086042CE094
:1096B000202CFAD805F5B2772246384605F5A4786D
:1096C00002F0CCF92246434639463046FFF722F8ED
:1096D0000446D0B905F164060121304601F074FC5E
:1096E00018B1BDE8F04103F014BD414605F150004A
:1096F00001F06CFA0446304601F054FC0CB12046EF
:10970000EFE7102385F84C40AB602046BDE8F081C0
:109710006FF08504F9E700BF4B4E8000004E8000DB
:109720002DE9F04F8BB00446DDE914788946924666
:109730001D46169E0BB9FCF78FFAB8F1000FFAD050
:10974000002EF8D000233360C8F800307FB34268A1
:109750001B4BB3EB122F2DD101F038FD68B302A9DA
:109760002046D4F814B0FFF74DF80146C0B9029B6B
:109770009F4219D35FFA8BFB594653464A4620460F
:1097800000F064FA014658B92B465846CDE90078F6
:1097900003AA00F0A9FC014610B9BDF80E303360F1
:1097A00008460BB0BDE8F08F6FF08901F8E76FF065
:1097B0008601F5E76FF08501F2E76FF08401EFE7CE
:1097C0004B4E80002DE9F041044615461F460E46DB
:1097D00092B009B9FCF740FA002BFBD042681D4952
:1097E000130AB1EB122F2AD101F0F0FC70B3638899
:1097F00021880733B3F5C47F4FEAD3081CD2B1F5F3
:10980000105F06D0B1F5885F03D042F2040399429D
:1098100012D14246002006A9FFF732FB48B905AB3A
:10982000CDE90173424633462046009506A9FFF76D
:1098300077FF12B0BDE8F0816FF08500F9E72B43A8
:109840000CBF6FF086006FF08500F2E76FF08400C8
:10985000EFE700BF4B4E80002DE9F047124F044662
:10986000DDE9089AC71961F1000C032F7CF1000CA7
:109870000D461646984605D2CDE9089ABDE8F04750
:1098800001F0F0BC104601F0A1FC48B1434632465D
:1098900020462946CDE9089ABDE8F04700F024BCEF
:1098A0006FF08400BDE8F087FF3F00802DE9F843AA
:1098B00004881E4604F44F43B3F5824F9046DDE919
:1098C00008270D4602D0B3F5884F10D1E4B2A4F1B9
:1098D0004103012B01D9122C0CD1424629463046B6
:1098E00002F0BCF80020C7F80080BDE8F883B4F5AA
:1098F000885FF1E743880733B2EBD30F4FEAD30910
:1099000021D3DFF8488098F8000005F00BFB2846CB
:1099100000F0D2F8044630B94A4630460C4902F00D
:109920009DF8C7F80090284600F040F9054698F8E1
:10993000000005F0F9FA002D14BF28462046BDE8C6
:10994000F84303F0E6BB6FF08900CEE72A7A0020E7
:10995000000000202DE9F047984603880E4603F4E6
:109960004F4186B0B1F5824F0446DDE90E9A02D030
:10997000B3F5885F0ED105AB2046CDE901A3314692
:109980004346CDF80090FFF7CBFE0446204606B0D4
:10999000BDE8F087154F387805F0C4FA304600F07E
:1099A0008BF80546E8B9628805AB07322046CDE959
:1099B00001A30F494346CDF80090D208FFF7B0FE4F
:1099C0000446304600F0F2F80646387805F0ACFA66
:1099D00056B9002DDAD0284606B0BDE8F04703F0AE
:1099E00098BB6FF09604ECE73546F4E72A7A00203E
:1099F0000000002030B5ADF57D7D122205460C46F5
:109A00000DF10E00002105F055FA4FF4105300211E
:109A1000ADF80C30184B4FF47272CDE90831174B8A
:109A20000AA8049305F046FA4FF008210AA800F0AE
:109A300075FCE8B90346009040F2011103AA0AA898
:109A400000F0BAFCA0B9032340F201210C4A0AA895
:109A500000F086FC60B910232A4640F206210AA8CD
:109A600000F07EFC20B9202221460AA800F0C0FCAC
:109A70000DF57D7D30BD00BF02C0FF7F03004E802D
:109A80007905010038B50B4CD4F80035D4F80055F1
:109A900003F00103C4F80035FAF71CFCD4F80035D4
:109AA00005F47C5503F001031D43D4F80025C4F8E8
:109AB000005538BD00B004502DE9F041017805464D
:109AC00001F00304022C9CB010D0033404F0030412
:109AD000012C63D94078C1F38201FAF719FC0038F0
:109AE00018BF012040001CB0BDE8F0810BAF394623
:109AF0004078FAF759FC002850D129786878C1F3EA
:109B00008201FAF705FC0646002845D101461822D5
:109B10000EA82C7805F0CEF94FF41053ADF8343080
:109B20004FF48073ADF836304FF40073DFF8748073
:109B300014A81493CDF8408004F0B8F8149B1A4D83
:109B40000F93322331461C2215A8149305F0B2F965
:109B5000284614A9C4F38204FFF74CFF08B10E2075
:109B6000C1E70CAB08936023CDE9065305F1100360
:109B700004930423CDE902730C23013C2401CDE9B5
:109B800000530C9043462022059414A90DA8FFF71A
:109B90001BFC0028A7D0E2E72046A4E76FF02100D5
:109BA000A1E700BF000250050000002008B50378BF
:109BB0009B0705D00548602105F0EEF9002008BD9F
:109BC00004F00CF90028F5D00220F8E7000000208E
:109BD00030B543681C4985B0B1EB132FDAB22FD1F1
:109BE000032A03D16FF0840005B030BD03AA02A997
:109BF00004F0CDF80028F7D1DDE9024529462046DA
:109C0000FAF786FB0028EDD19DF8043005F0070235
:109C100023F01F0343EA820301A88DF804308DF876
:109C20000540FFF7C3FF2946204604F098F820B905
:109C300005B0BDE8304004F067B86FF09200D3E79C
:109C40006FF08B00D0E700BF4B4E80002DE9F04F46
:109C5000B7B01EAC05468846174600216022204654
:109C60000B9305F027F904F04FF88146002840F0E7
:109C70006781014604220DA805F01CF99DF83460A7
:109C8000696969F30306C1F3013C6CF305168DF8AD
:109C9000346016F0300608D1AB68980710D06FF02A
:109CA0008605284637B0BDE8F08F102E08D1BDF8E4
:109CB000363023F4F87343F4A873ADF8363089E0F6
:109CC000EB6803F0FE42B2F1A06F10D1A64A23F474
:109CD0007E13934216D12A880C210D9B61F3933396
:109CE0000D93B2F5105F24D06FF08505D9E79F483A
:109CF0002A88834212D008D89D48834214D09D48B8
:109D000083420ED0C9B2F829EDE79B488342E3D0E5
:109D1000B3F1082FF6D120210D9BDFE714210D9B15
:109D2000DCE724210D9BD9E734220D9B62F39333AA
:109D30000D9300214FF0010B0A4608469DF837307D
:109D4000D5F808E0DFF834925B0859F804AB1EEA56
:109D50000A0F07D00BFA00F1194301F07F0301212C
:109D600042EA0A0201300728EFD129B19DF83710E5
:109D700063F347018DF837103EEA0202B4D16B88D5
:109D8000FF2B0ED005D8802B2CD0C02BACD10223BA
:109D900008E0B3F5807F27D0B3F5C07FA4D10623B8
:109DA00000E003239DF8362063F306128DF8362079
:109DB0001EB91EF0030F7FF472AF2B79022B20D057
:109DC00014D8012B7FF46BAFBDF8362063F3C812B3
:109DD000ADF83620BCF1030F3FF661AFDFE80CF0C1
:109DE000164A292D0123DDE70423DBE7032B02D0EC
:109DF000FF2B7FF454AF0222BDF8363062F3C81354
:109E00005BE7BDF8363043F4C07356E72B88B3F5F3
:109E1000105F7FF469AF0B9AA2F1100110293FF691
:109E20003EAF574BCB40D9077FF539AFDFF85491A0
:109E300026E00B9B602B3FF657AF0B9A412A15D0BB
:109E400011D8202A0CD80F2A7FF629AF4C4BA2F14B
:109E50001001CB40DB077FF522AFDFF82C910FE03C
:109E6000302AFAD01BE7612A7FF419AF013A013793
:109E70000B92F2E70B9A302A7FF411AFDFF80C91C6
:109E8000202E52D10DF1880A3946504601F0E6FDE8
:109E90003246002116A80B9F05F00CF8182200216D
:109EA00010A805F007F84FF41053ADF83C304FF40C
:109EB0008073DFF8C4B00EA8ADF83E300E93CDF835
:109EC00048B003F0F3FE0E9B1022214600201193B0
:109ED000FEF7D6FF054600287FF4E3AE204616A91C
:109EE000FFF788FD054600287FF4DBAE0BAB089337
:109EF0005023CDE906A3042303930DAB02930C2357
:109F00000F3727F00F07CDE9004332465B46CDE916
:109F100004A716A90FA8FFF7F3F9054600287FF458
:109F2000C0AE27460B9A10320B9202F10F044FEA93
:109F3000141A514640460FAAFAF75EFE054610B1C4
:109F40006FF09205ADE69DF83C300BBB51464046A4
:109F500016AAFAF749FA0028F2D19DF85830002BDA
:109F6000EED16FF08A059CE60002400500444004F3
:109F7000090080030002C003000250051404010020
:109F800001010100400081510000002010840450B4
:109F90001F2C12D81C22002116A804F08BFF0026CB
:109FA000564511D11F2C7FF67CAE0121BA20FAF75D
:109FB000D5F900283FF475AEC2E75146404603F09C
:109FC000CEFE0028E6D0BBE709EB06124FEA061BDF
:109FD0001B92C6B904220DA91CA801F03FFDBDF8D3
:109FE000362007EB0B01C2F3C1121A9216A81022F9
:109FF00001F034FD08EB060116A8FFF743FD30B170
:10A0000003F082FE9CE74FF0FF331C93E7E71C212F
:10A0100016A804F0C1FF0136C2E700BF10B592B028
:10A020001C22002103A804F045FF0221F8200DF1B5
:10A030000702FAF7E1FD044630BB9DF8073003B391
:10A0400020220AA9FEF71CFF0446D0B94FF4807302
:10A0500002A8029303F02AFE029B0D4905930D4BC3
:10A060000AAA06930C4B03A8CDE903130B4BF82166
:10A0700008932023FFF7EAFD202104460AA804F0F4
:10A080008BFF204612B010BD6FF09204F9E700BFBD
:10A09000002400010010C004014B4E80F800FF7F37
:10A0A0007FB5CDE900019DF8006003A93046154653
:10A0B0001C4603F007FE88B9BDF80E10C1F3C111AC
:10A0C0000139C9B202298FBF6FF08600044B5A5C78
:10A0D000044B9EBF13432B60C4E9006004B070BD05
:10A0E000AB050100004B4E802DE9F74389466946D8
:10A0F000064690461D460A9F03F0E4FD044648B913
:10A10000B6F1F80349F1FF39022B79F1000905D2C4
:10A110006FF08604204603B0BDE8F08303F0F4FD41
:10A1200010B16FF09204F5E7B8F1000FF0D09DF890
:10A13000004014F00F0240F0D380BDF80230C3F3AA
:10A14000C113013BDBB2022B00F2CD80694904F060
:10A150003004C95C684B102C43EA0103C8F8043092
:10A1600011D1664BC8F80030404601A9FEF74AFB02
:10A1700004460028CED1019BB8F80010BB426AD932
:10A180006FF08904C6E7134691469DF803105C48BA
:10A190004908A9B901A8CDF8049003F087FD019BF7
:10A1A000C8F80830009BC3F38533202B2BD013D87D
:10A1B0000C2B2DD0142BB4D14FF41053514A12E074
:10A1C000CA0706D5062B00F2918050F8232049EAF1
:10A1D000020949080133DCE7242B1DD0342BA0D120
:10A1E0004FF48853484AC8F80C209DF80220A8F87C
:10A1F0000030C2F30212013A052A1FD8DFE802F04C
:10A20000291021231E264FF410534FF00822EAE7AD
:10A210004FF410533D4AE6E74FF410533C4AE2E74F
:10A22000C022A8F80220002C9ED1B3F5105F02D105
:10A2300019F0030F98D06FF096046BE76FF0980455
:10A2400068E7FF22EDE74FF48072EAE74FF4C0724F
:10A25000E7E78022E5E70B9A13609DF800302A7843
:10A26000C3F3011060F301022A709DF80220C2F3CB
:10A270000212072AE2D0042A30D8012A05D0063279
:10A2800002F00702022AD9D8022203F03003202B61
:10A290002B7808BF023262F38403B1F5885F2B701C
:10A2A0006E707FF437AF602F3FF66AAF194E30788B
:10A2B00004F038FE2846FFF7FFFB02F02AFF0446B1
:10A2C00040B915493A46284601F0C8FB60211248BA
:10A2D00004F062FE307804F027FE1BE70322D4E787
:10A2E0006FF0880416E76FF0910413E76FF08304B2
:10A2F00010E700BFAB050100004B4E80011080014C
:10A300001404010000444004090080030082440555
:10A310000002C0032A7A00200000002010B421F4BB
:10A320009F620D4C22F00702A2420346016004D056
:10A330000A4A21F0FF04944203D1184610BC03F0EE
:10A340007CBDB1F1082F02D110BC03F001BE6FF04B
:10A35000850010BC704700BF000100080004000821
:10A360002DE9F0410568DFF8488025F49F6E2EF056
:10A37000070EC64504460E4617469C4605D0DFF834
:10A3800034E025F0FF08F04507D13A463146204633
:10A39000BDE8F041634600F0BDB8B5F1082F03D128
:10A3A000BDE8F04103F0E0BD6FF08500BDE8F0814D
:10A3B000000100080004000870B404681D46B4F1F0
:10A3C000082F039E09D0094B24F0FF049C4208D0BB
:10A3D00033462A4670BCFFF7C3BF039670BC03F038
:10A3E000F9BD6FF0850070BC704700BF0007000822
:10A3F000F0B40468DFF83CC024F49F6727F0070737
:10A40000674503460D46164604D00B4F24F0FF0C5B
:10A41000BC4505D132462946F0BC184600F004B9C7
:10A42000B4F1082F02D1F0BC00F03CB96FF0850008
:10A43000F0BC7047000100080004000838B503684C
:10A44000084A23F0FF039342054609D103F020FD9B
:10A45000044628464FF4727104F09EFD204638BD34
:10A460000024F6E700010008002203782DE9F341FB
:10A4700043F0007303F17E43033B122B8CBF16465F
:10A480002349019298BFCE5C00F25921324605461D
:10A4900000F044FF0446B0BB95F8583205F154076C
:10A4A00043BB95F8583238460133D5F85C2385F81C
:10A4B000583205F2D921FFF743F8044618BB0122B0
:10A4C000384605F51671FFF73BF80446D8B905F292
:10A4D000992832464146384601ABFFF753F8044607
:10A4E00088B93246414605F1100001F0B7FA85F807
:10A4F000506008E03246384605F29921FFF720F80F
:10A5000004460028CDD0204602B0BDE8F08100BF4F
:10A51000BF0501002DE9F3410027164602681D46DC
:10A52000D3B243F0007303F17E43033B102B044688
:10A5300098BF3B48019798BFC75C3A4B22F0FF0297
:10A540009A420FD140F2011399420BD1402D64D8A9
:10A550002A46314604F2592001F080FA1223A380E2
:10A56000002012E0A388DA0642D5132B40D040F237
:10A57000022291420CD040F2032291423BD040F2A1
:10A580000112914210D06FF0860002B0BDE8F08158
:10A59000102B2DD12A463146204600F0BFFE002860
:10A5A000F3D11123A380F0E7102B1FD104F2592817
:10A5B0004021404604F0F0FC3A464146204600F077
:10A5C000ADFE0028E1D104F154082A463146404648
:10A5D000FEF7B6FF0028D8D112233A46A3804046A2
:10A5E00001AB04F25921FEF7CDFFCEE7112BEAD0E3
:10A5F0006FF08800C9E794F86033002BF8D1802D04
:10A600000BD82A46314604F2D92001F027FA01235B
:10A61000C4F85C5384F86033A2E76FF08C00B4E7B1
:10A62000AE050100000500082DE9F04104680E4662
:10A63000194924F0FF078F421346054682881BD133
:10A64000112A26D91322E4B244F0007404F17E44A6
:10A65000033C122C828006D8104A125D9A4203D91C
:10A660006FF0890006E00022304605F2592101F022
:10A67000F5F90020BDE8F081112A0AD990F860238D
:10A680003AB11322064982803246BDE8F04104F017
:10A690006DBB6FF08800EDE700040008BF05010006
:10A6A00069A400008388F7B51746A3F14102032A85
:10A6B00004460E4632D8442B08D13B46324620464B
:10A6C000184903B0BDE8F04004F050BB442385684E
:10A6D0008380EA02C5F3475343EAC56302F47F026D
:10A6E0006D09134305F47F452B43D0F89422C0F83D
:10A6F000C43300F51D7100F011FE68B9204603F067
:10A70000CAFB48B9102201AB04F5167104F15400DC
:10A71000FEF738FF0028D0D003B0F0BD6FF08800FE
:10A72000FAE700BFE1DE00002DE9F0410446904663
:10A730001F460D4619B10A688B681AB953B96FF0F4
:10A74000210646E033B94B6823F00802102A01D0F5
:10A75000202B41D101232046A376E56103F099FC2B
:10A760000646002835D121461D4B04F1200041F852
:10A77000843BAB689A069B01DBB202F0E0421A43CD
:10A7800042F48042112300F06FFA2268AB689068AF
:10A790006BB9616A2B68103141F8103C6B6843F06B
:10A7A000005341F8083C436841F8043C6162616A27
:10A7B0000C4BC1F800808B608368103141F8043C79
:10A7C00000232776C4E9023363612361D3686162A1
:10A7D00063603046BDE8F0816FF04106F9E700BFE5
:10A7E000300401000C00002090F8203070B50446C1
:10A7F0000D46002B56D003685A68052A0ED1016B0E
:10A800009A6911420AD0C26842B9826832B903F02B
:10A8100039FC002808BF6FF0530070BD5A6AD4E9B4
:10A8200004100E18964207D2204603F02BFC002895
:10A8300008BF6FF00200F0E71B6904F1F4029847CB
:10A8400068B1E26A636AC4321A60184A103343F886
:10A85000082C22689268526943F8042C63622046EF
:10A8600003F0FFFB207EA36A00F10F0222F00F022B
:10A8700003F1100190421D609860A16207D0002191
:10A88000121A42F0804219619A612033A3620025B6
:10A8900004F12000B621656004F1840203F01FFE7C
:10A8A0002846BAE76FF02000B7E700BF100000208D
:10A8B00090F8203070B504460D46002B70D0036828
:10A8C0005A68052A0ED1016B9A6911420AD0C268F2
:10A8D00042B9826832B903F0D5FB002808BF6FF097
:10A8E000530070BD5A6AD4E904100E18964207D27C
:10A8F000204603F0C7FB002808BF6FF00200F0E716
:10A900001B6904F1F402984723689E68636A03F1A7
:10A91000100158B3E26AC4321A60234A9A6072691D
:10A92000DA6061626560204603F09BFBD4E90A307F
:10A93000217EC43001F10F0222F00F021860914213
:10A9400003F110009960A06207D00020521A42F073
:10A95000804218619A612033A36204F12000B6217D
:10A9600004F1840203F0BBFD0020BAE7B06900F0F7
:10A97000C002C02A02BF53F8042C42F0200243F860
:10A98000042C267E1D6006F10F0222F00F0242F019
:10A990000055921B40EA02209D60D8606162C2E7C8
:10A9A0006FF020009DE700BF100000202DE9F0416E
:10A9B0000446174698460D4619B10A688B681AB9BD
:10A9C00053B96FF0210649E033B94B6823F0080210
:10A9D000102A01D0202B44D100232046C4E9008551
:10A9E000A36003F0AAFC0646002837D121460120C7
:10A9F00051F8703BAA68D3F800C098F807300833C4
:10AA00009840069B18439301DBB29206184302F06C
:10AA1000E042DCF80030024304F10C0000F024F9BD
:10AA2000AB687BB923692A68103343F8102C6A6835
:10AA300042F0005243F8082C22681268526843F82A
:10AA4000042C236157B12369074A1F609A6022686A
:10AA500010331268D26843F8042C23613046BDE8F5
:10AA6000F0816FF04106F9E71000002007B50022E1
:10AA7000034B0092FFF79AFF03B05DF804FB00BFA1
:10AA800074040100012307B500220093024BFFF775
:10AA90008DFF03B05DF804FB74040100037B70B507
:10AAA0000446002B3BD00368DB7A002B3AD003F03E
:10AAB00044FC0546002830D12368E26959791B68B7
:10AAC00022EA0102E26104F1700104F10C001B684A
:10AAD00000F0CAF8D4E90012086862B1936853B96B
:10AAE00016685268236942F000529A6042681E60FC
:10AAF000DA6010332361A2692369A4321A600B4A19
:10AB0000103343F8082CC26843F8042C23618A7977
:10AB1000E3691343E3610023A360284670BD6FF02F
:10AB20002005FAE76FF04705F7E700BF10000020A7
:10AB300037B54FF480740194214C41F00051A1616C
:10AB400040F6110143F00053A3622123E16104F1B7
:10AB50002001616101212262E362069A194B01AD75
:10AB60001A60079A256042F000521125C3E90112CC
:10AB70002022DFF854C02061C4E902C504F11005A9
:10AB800065606162DA60BFF35F8F4FF0A3421460CB
:10AB9000BFF35F8FBFF35F8F1361BFF35F8FBFF3AF
:10ABA0005F8F03235363BFF35F8FBFF35F8F9363A5
:10ABB000BFF35F8F03F007FD431CFBD003B030BD34
:10ABC000E4780020D47800200400002038B5044642
:10ABD0000D4619B10A688B681AB953B96FF0210094
:10ABE00029E033B94B6823F00802102A01D0202B4A
:10ABF00035D1EB682561D3B91A4B04F17801236094
:10AC000001236360AB6804F114009A069B01DBB278
:10AC100002F0E0421A4342F48032112300F024F89B
:10AC2000AB684BB100201023C4E9020303E068695C
:10AC300098470028E0D038BD2A68A3691A606A687E
:10AC4000103342F0005243F8082C2268926992684F
:10AC500043F8042CA361636801336360E2E76FF09B
:10AC60004100E8E794040100026100F114028260EF
:10AC700000F11002C2600A60024AC1E902231031E9
:10AC80004160704704000020C26870B572B9C369A2
:10AC900000F128041C603D4C103343F8084C446814
:10ACA000E46844F4806443F8044CC361836A9B0500
:10ACB0002FD4044654F8EC3BDD68302D34BF082611
:10ACC0001026082E0CBF092611261D696B1E134085
:10ACD000EB1AB34238BF5B191C44D50004F8015C81
:10ACE00003F1EB045209044400F1ED05A54248D1FB
:10ACF0008022446A80F8EC20C269C434146044683D
:10AD00009360E468103242F8044CC26102691A444C
:10AD1000026102690568D31C23F003039B1AC26910
:10AD200052F8044C44EA032442F8044C52F8084C0C
:10AD30002344EC6843F0005342F8083C036AE21CE9
:10AD400022F003021960944203F110019C60016239
:10AD500007D00021121B42F0804219619A61203312
:10AD60000362836A13F480610AD16B699C4207D045
:10AD7000026A1B1B43F08043116093601032026231
:10AD800070BD04F8012D120AB0E700BF04000020D6
:10AD9000B1F5AA7F38B5044614D303681A6812F0D7
:10ADA000400512D10A4B00F17C0143601323183097
:10ADB000FFF75AFF074B284663610123C4E9035597
:10ADC000A36038BD6FF02200FBE76FF00200F8E7E8
:10ADD000E004010089AC0000BFF35F8F094A1368EB
:10ADE000BFF35F8F43F48071BFF35F8F1160BFF3D8
:10ADF0005F8F23F48073BFF35F8F1360BFF35F8FA8
:10AE0000704700BF0010805108B5FFF7E5FFBFF3A2
:10AE10005F8F064A1368BFF35F8F43F00103BFF3F0
:10AE20005F8F1360BFF35F8F08BD00BF00108051BC
:10AE300070B50026C0E9006605460C46FDF792FB9A
:10AE400001232B70FFF7C8FFBFF35F8F204BDB6838
:10AE5000BFF35F8F9B08013BACB3226842B19A42BB
:10AE600005D9FDF7A1FB6FF03F002E7070BD1346B2
:10AE7000D4E90115E068002908BF4FF400710028EB
:10AE800008BFF1202469BFF35F8F114A9360BFF3BD
:10AE90005F8FBFF35F8F1564BFF35F8FBFF35F8F6B
:10AEA0005064BFF35F8FBFF35F8F5163BFF35F8F5A
:10AEB00044F4802444F00104BFF35F8F1460BFF3B7
:10AEC0005F8F0020D2E74FF40071F1202546DAE7CA
:10AED00000108051037870B50D461446002B52D0F7
:10AEE000BFF35F8F2C4A136BBFF35F8F03F00E012C
:10AEF0000A294BD013F00C0F02D14FF0FF3070BD78
:10AF00004368D3B9BFF35F8F5368BFF35F8F032BE1
:10AF1000F3D9224B2249BFF35F8FD2F88060BFF391
:10AF20005F8FBFF35F8F43F8046BBFF35F8F8B427C
:10AF3000F1D1FFF769FF01234360BFF35F8F164B29
:10AF40009A68BFF35F8F0132B4EB021F21D8BFF3C1
:10AF50005F8F5A68BFF35F8FB4EB820FCDD884B197
:10AF6000BFF35F8FD3F88020BFF35F8F291D05F8F3
:10AF7000012BA9424FEA122204F1FF34EFD0002C3A
:10AF8000F5D10020BBE76FF02000B8E76FF051006B
:10AF9000B5E76FF03F00B2E700108051101080510C
:10AFA0002010805110B5044608B1037843B1FDF775
:10AFB000FBFA044B187803F0B7FF0CB100232370A1
:10AFC00010BD00BF2A7A002037B505460C46FDF7B4
:10AFD000C9FA1A4B187803F0A5FF0DB101232B70A5
:10AFE000BFF35F8F4FF0A3430022DA61BFF35F8F9F
:10AFF000BFF35F8F4FF0FF321A63BFF35F8FBFF372
:10B000005F8F3422DA61BFF35F8F01220C4BC3F8EC
:10B010000423E30703D40024204603B030BD01A875
:10B0200000F0B0F8044628B9019803F0DDFE0446AC
:10B030000028F0D02846FFF7B5FFEDE72A7A002078
:10B040000080045008B5054B186803F06FFF044BEF
:10B050001868BDE8084003F069BF00BF085300202E
:10B060000453002038B5164CD4F80051C5B1BFF3D5
:10B070005F8F4FF0A343996ABFF35F8FBFF35F8F7A
:10B080004FF0FF321A63BFF35F8F0023C4F8003123
:10B09000D4F800310B4B1868BDE8384003F056BFB8
:10B0A000D4F8083153B100F04FF803F0C8FCC4F8ED
:10B0B0000851D4F808310121034BECE7FAF7CCFD35
:10B0C00000800450085300200453002038B5074B7B
:10B0D0004FF0FF311D68284603F02BFF04464FF068
:10B0E000FF31284603F02DFF204638BD08530020CD
:10B0F00010B5064CE36C3BB9214651F84C3B9869BE
:10B1000003F0B3FC0123E364014810BD1C79002067
:10B110006879002010B50A4B0A4C236003F5C04340
:10B1200063602461FFF7E4FF236D0020B3F5007F27
:10B13000CCBF4FF480634FF40073A36010BD00BF19
:10B14000002080511C790020004870471C790020A5
:10B15000004870471C79002000487047687900203B
:10B1600010B50C4641F22C0103F079FCC0F38120AC
:10B1700003280EBF0023024B1B56236110BD00BFE6
:10B18000D205010070B50E4D0E4E0446287803F02E
:10B19000C9FE306828B980220B49FDF771FE60B9FD
:10B1A0002020094A013852F8202030602260002413
:10B1B000287803F0B9FE204670BD0224F8E700BFEE
:10B1C0002B7A0020887900208C790020F0B50422A9
:10B1D00000258469017D134B187E38B1012810D0F9
:10B1E000013A03F12003F7D1104619E01868A04294
:10B1F000F6D1D3E90260A84208BF8E42F0D1012007
:10B200000EE01E68A642EBD1D3E90276B94275EB97
:10B210000606E5D3D3E904768F4276F10006DFD344
:10B22000F0BD00BFF8EF000000220D4BF0B5D0E9F3
:10B230000540194615461E6886420AD1D3E90276B2
:10B24000AE4208BFA74204D1182303FB02110869CC
:10B25000F0BD0132052A03F11803ECD10020F7E715
:10B2600078F00000F7B51F46284B0546002908BFB7
:10B2700098420E46144639D003F5FF437D33C31878
:10B2800061F10002022B72F1000238D24FF4105229
:10B290004FF00823E3601E4B228063604FF48073FD
:10B2A00020466380FFF7C0FFC20448BF40F48060BF
:10B2B000830448BF40F40060A06001A92046FDF768
:10B2C000A1FA88B9019B089A93421BD8099A136086
:10B2D000104AA369864208BF95420BD001328642CC
:10B2E00008BF954209D07B7003B0F0BD47F212123F
:10B2F000094BCFE701223A70F5E70222FBE76FF036
:10B300008600F1E76FF08900EEE700BF01C0FF7F24
:10B3100003004E8002C0FF7F09060006F0B58BB027
:10B32000164605461C220F4603A8002103F0C2FD65
:10B330004FF6F8724FF4A053B2EBC60F4FF6FF7200
:10B3400005934FEAC60338BF13462C68ADF80E309C
:10B35000B4F1082F0ED1D5E99B23CDE90823D5F808
:10B360006832049313F0FF0300D108934FF4105395
:10B370000A4C07E00A4B9C42F8D04FF48853E4B2E1
:10B3800044F06074ADF80C303A463346009403A99B
:10B3900005F1540002F067FA0BB0F0BD0002C003E3
:10B3A0000002800810B594B004463C22002105A894
:10B3B00003F080FD4FF40173ADF8383004AB002189
:10B3C00002934023CDE90011039302AA012303480D
:10B3D000049403F092FD14B010BD00BF00010040C2
:10B3E0002DE9F0439BB08046DDE922690F46144603
:10B3F000002138220CA81D4603F05CFD4FF4C06309
:10B40000CDE90A87ADF850303EB9B9F1000F04D04C
:10B410006FF086001BB0BDE8F083249B102D0693CF
:10B42000259BCDF82490CDE90736269B0293279BD8
:10B430000393EDD834B122460DF13B0361198A42E2
:10B4400015D113950AAB0493402305930123002ED5
:10B45000019302AB009304AA0CBF02230323002133
:10B46000054803F04AFD289B039A1A60D2E712F8B8
:10B47000010B03F8010FE2E7000100402DE9F04362
:10B480009BB08046DDE922690F4614460021382230
:10B490000CA81D4603F00EFD40F20163CDE90A87BA
:10B4A000ADF850303EB9B9F1000F04D06FF086000E
:10B4B0001BB0BDE8F083249B102D0693259BCDF88F
:10B4C0002490CDE90736269B0293279B0393EDD862
:10B4D00034B122460DF13B0361198A4215D113950F
:10B4E0000AAB0493402305930123002E019302AB82
:10B4F000009304AA0CBF022303230021054803F094
:10B50000FCFC289B039A1A60D2E712F8010B03F89F
:10B51000010FE2E70001004070B5054694B00C460B
:10B52000164600213C2205A803F0C4FC2B6800212C
:10B53000069340F60513ADF8383004AB0293402370
:10B54000CDE90011039302AA012304480496ADF843
:10B550003A4003F0D2FC14B070BD00BF00010040BF
:10B5600030B5402597B0044606AB2A460021184660
:10B5700003F0A0FC042322680593089240F60A1207
:10B580000123ADF8402004AACDE902050092002174
:10B59000019302AA0248049403F0AFFC17B030BD37
:10B5A0000001004070B5402696B0044606AB0D463B
:10B5B00032460021184603F07DFC042322680593DF
:10B5C000089240F601120123ADF8402004AACDE90B
:10B5D000020600920021019302AA034807950494F1
:10B5E00003F08BFC16B070BD000100402DE9F04166
:10B5F0004FF04008074696B01C4606AB0E4615466F
:10B6000000214246184603F055FC3A680021089292
:10B6100040F60412CDE90208ADF840200223CDE93E
:10B62000001102AA0448CDE90454ADF8426003F0C9
:10B6300064FC16B0BDE8F08100010040F0B5402781
:10B6400099B008AB05460E46144600213A46184606
:10B6500003F030FC1C230793042332680393012377
:10B660000A9240F60912019302ABCDE90407ADF846
:10B67000482000930021022304AA0348069502945F
:10B6800003F03BFC19B0F0BD0001004000B58BB0E9
:10B69000CDE9020102A904910821CDE905130CAB03
:10B6A00008930423099300230792CDE9003340F265
:10B6B000E931032304AA034803F01FFC0BB05DF833
:10B6C00004FB00BF0201004010B58CB0CDE90201BF
:10B6D00002A908910821099105A90A9104210F9C4A
:10B6E0000B910E990592CDE9061374B101230193D4
:10B6F00006AB009340F2EA310223054808AA03F0A2
:10B70000FCFB079B23600CB010BD6FF08600FAE7CE
:10B710000201004010B58CB0CDE902010021CDE955
:10B7200009110B9102A90591082109ABCDE9061376
:10B730000C23144608938AB1012307AA01930092AF
:10B7400040F2EB31074805AA03F0D7FB099B2360C1
:10B750000A9B63600B9BA3600CB010BD6FF086006A
:10B76000FAE700BF020100407FB502AB0493082353
:10B7700005930023CDE90201CDE900334FF47B713D
:10B78000012304AA024803F0B8FB07B05DF804FBEC
:10B79000020100407FB503AB04930423059300230B
:10B7A0000390CDE9003340F2F331012304AA0448A9
:10B7B00003F0A3FB0028B8BF012007B05DF804FB2D
:10B7C0000501004000B589B003AB04930423CDE923
:10B7D0000532012306AA03900791009240F2F2314C
:10B7E000019304AA044803F088FB0028B8BF012095
:10B7F00009B05DF804FB00BF050100407FB50023E0
:10B80000074A06A9CDE9042302AB01AA11E9030006
:10B81000FEF746FCB0FA80F0400907B05DF804FB83
:10B82000B710FF7F10B58EB00C46122200210DF12B
:10B830001E0003F03FFB0023124A2146CDE90C23F2
:10B8400041F20103ADF81C3003F1004303F59C0302
:10B8500003F56C53089305AB029306AB01930223E7
:10B860003022009307A804ABFDF75AFF38B9059AB8
:10B87000054BB2F5C07F18BF18460EB010BD034887
:10B88000FBE700BFB710FF7FFB9AFEFFFE9AFEFFAB
:10B8900000B58DB0302269460020FDF7F1FA30B9CD
:10B8A0006946FF20FFF7BEFF0DB05DF804FB0148BD
:10B8B000FAE700BFFD9AFEFF48B1054B054A1B6839
:10B8C000B3FBF2F35843044B43F0010318477047AE
:10B8D000E052002040420F00F0EF0000431810B586
:10B8E00001D21F2A01D9002010BD013902F0140332
:10B8F0000144102B81EA000438D027DC7BBB1F2CCD
:10B9000040E800F303D941E800F19942EBD122F07D
:10B910001402013A0A2AE6D801A151F822F000BF28
:10B920008FB9000089B900007BB90000E7B80000BA
:10B93000E7B80000E7B80000E7B8000095B90000DC
:10B940008FB9000083B900007BB90000142BCAD165
:10B950001F2C40E8C0F3DAD941E8C0F1D5E71F2C2D
:10B9600040E840F3D3D941E840F1CEE71F2C40E84E
:10B9700080F3CCD941E880F1C7E713F4001FB3D1BD
:10B98000B1E713F4801FFAE75B02ADD5ABE713F420
:10B99000002FF4E713F4802FF1E700BF00239C464B
:10B9A00083F30088704708B5FAF756F9EFF308807B
:10B9B000EFF309812DE9F00F6B467246F8F708FAAC
:10B9C00008B0FFF7F0FFFEE708B5FAF745F9EFF327
:10B9D0000880EFF309812DE9F00F6B467246F8F706
:10B9E000F7F908B0FFF7F0FFFEE708B5FAF734F90A
:10B9F000EFF30880EFF309812DE9F00F6B467246F3
:10BA0000F8F7E6F908B0FFF7F0FFFEE708B5FAF738
:10BA100023F9EFF30880EFF309812DE9F00F6B466E
:10BA20007246F8F7D5F908B0FFF7F0FFFEE708B562
:10BA3000FAF712F9EFF30880EFF309812DE9F00F1F
:10BA40006B467246F8F7C4F908B0FFF7F0FFFEE75F
:10BA500008B500F058F808B500F055F8034670B581
:10BA60006AB900241519032D13D822F003042144C8
:10BA70001C44002302F003029A4210D170BD41EA37
:10BA80000304A407EDD011F8014B013A03F8014B70
:10BA9000E6E70D1B2E681D1B2E60043CE2E7CD5C23
:10BAA000E5540133E8E708B5EFF30583C3F3080372
:10BAB0000BB1FAF7D1F8BDE80840FAF79FB908B51D
:10BAC000EFF30583C3F308030BB1FAF7C5F8BDE83C
:10BAD0000840FAF796B910B5EFF30584C4F30804EB
:10BAE0000CB1FAF7B9F8BDE81040F9F739BC10B558
:10BAF000EFF30584C4F308040CB1FAF7ADF8BDE820
:10BB00001040F9F76DBC08B5EFF30583C3F30803E4
:10BB10000BB1FAF7A1F8FAF748F908B5EFF3058386
:10BB2000C3F308030BB1FAF797F8BDE80840FAF73A
:10BB30007EB908B5EFF30583C3F308030BB1FAF739
:10BB40008BF8BDE80840FAF7A5B908B5EFF305830F
:10BB5000C3F308030BB1FAF77FF8BDE80840FAF722
:10BB6000BDB908B5EFF30583C3F308030BB1FAF7CA
:10BB700073F8BDE80840FAF7E5B9002070470FB444
:10BB8000002004B07047704710B5044608B1FAF7BA
:10BB90006DFC2046BDE81040FAF752BC00F4E040CE
:10BBA000B0F5805F04D0A0F500535842584170476B
:10BBB000012070470346C068F8B15888E8B11B8877
:10BBC00003F44F42B2F5824F02D0B2F5884F09D14B
:10BBD000DBB2272B2AD008D8172B0FD0222B34D03A
:10BBE000122B16D06FF085007047302B2FD0413BC1
:10BBF000012BF7D8FF2839D100207047C028FBD08F
:10BC0000E128F9D0B0F5807F14BF6FF086000020E6
:10BC1000704720F02003C02BEED020F08003B3F556
:10BC2000807FE9D040F209239842EDE7E928E3D08C
:10BC3000EF28E1D040F21B139842DDD040F2991377
:10BC40009842D9D040F23B23EEE7E928F1E720F013
:10BC50002003C02BD0D020F04003B3F5807FCBD0A1
:10BC6000B0F5C07FC8D0B0F5007FCDE7B0F5E07F7C
:10BC7000CAE70368024673B1037DD9070BD513F0F9
:10BC800002000DD0D3684BB91369002B14BF6FF0BD
:10BC90008600002070476FF0880070476FF08600C4
:10BCA00070473AB1002918BF00232121D21A184445
:10BCB00003F000B970472DE9F047994600238AB098
:10BCC00006AC84E80300DDE913868DF82330169B6B
:10BCD0000092002B94E8030015460CBF4FF400635C
:10BCE0004FF4806309AA159FFAF756FF0446E8B996
:10BCF000DDF824A02846BAF800100DF12302FAF767
:10BD0000CBFF044690B99DF82330B3421ED8CDE94D
:10BD10000337129BCDF80880CDE900935046DAE94D
:10BD200009122B46FCF7A0FB044600B13E603246E8
:10BD3000214640463B68FFF7B4FF099800F0A4FF96
:10BD4000002C18BF20460AB0BDE8F0876FF08904C8
:10BD5000ECE72DE9F3414768D0F8148004463846F3
:10BD60000E4600F093FF054658BBFFB22FB9B8F15D
:10BD7000000F05D06FF0860523E0B8F1000FF9D071
:10BD8000A06820F0031020F47F400028F2D14FF685
:10BD9000F87362889A4218D8277907B901A8314602
:10BDA000FBF72CFF054660B90FCCD6F800C06646FD
:10BDB0000FC694E8070086E8070017B9019BCCF886
:10BDC0001430284602B0BDE8F0816FF08505F8E731
:10BDD00041F2062398421AD8B0F5905F09D241F299
:10BDE000010398420CD0B0F5885F09D06FF0850050
:10BDF00070476923A0F5905080B2C340DB07F5D5AA
:10BE000011F0070F14BF6FF0860000207047B0F5E7
:10BE1000105FEBD121F04003802B06D0B1F5807F7D
:10BE200014BF6FF08600002070470020704770B587
:10BE3000446A05460E463CB90120FAF7FBFA6862EF
:10BE400028B12046AE6270BD6FF08A00FBE76FF04C
:10BE50008C00F8E7F8B50F46114606461546FFF781
:10BE6000E6FF044620B92A463946706AFFF7F6FD18
:10BE70002046F8BDF8B50F461E46154604889AB10F
:10BE80002046FFF78BFE78B1089BD1002046196051
:10BE9000FFF79EFF044628B939463046FFF7DEFD1E
:10BEA000079B1D602046F8BD6FF08504FAE710B5CA
:10BEB0000446406A10B1A16AFFF766FE0020C4E99B
:10BEC000090010BD38B50446FFF7F1FF237F012BB1
:10BED0000FD0023B012B0FD8236A012B14BF6FF048
:10BEE000960500252C220021204602F0E3FF28467B
:10BEF00038BD236A002BF1E76FF09605F2E708B131
:10BF0000FFF7E0BF704770B586B002AD85E803006B
:10BF10001046144600F092FE0023009305AA95E80F
:10BF20000300FAF739FE50B9059E35460FCD0FC410
:10BF300095E8070084E80700304600F0A5FE06B04B
:10BF400070BD70B5008814461D46049EFFF726FE9E
:10BF500068B1B2420ED82846FFF780FD0021321B9F
:10BF6000281902F0A7FF0020059B1C6070BD6FF030
:10BF70008500FBE76FF08900F8E7F0B587B002AC09
:10BF800016461D4684E803000C9FE3B100233B6086
:10BF9000009394E80300012305AAFAF7FDFD044687
:10BFA00070B9CDE9005705983346D0E90912FCF77E
:10BFB000B9F80446059800F067FE002C08BF044657
:10BFC000204607B0F0BD6FF08904F9E7F0B587B0FF
:10BFD00002AC16461D4684E803000C9F0BB30023F9
:10BFE0003B60009394E8030005AAFAF7D5FD0446E8
:10BFF00088B9059803885B0410D5CDE9005733460E
:10C00000D0E90912FCF7A8F80446059800F03CFEB8
:10C01000002C08BF0446204607B0F0BD6FF0860430
:10C02000F3E76FF08904F6E72DE9F04F1646002795
:10C030001D468FB00DF1080C07AC8CE8030090464C
:10C040000FCE0FC496E80700C5E9007784E8070023
:10C05000009702239CE8030004AACDE90477069721
:10C06000FAF79AFD044640B9B8F80030049C43B191
:10C0700022889A4205D06FF086040598FFF73FFFAB
:10C0800068E0B8F8022063880AB19342F3D12788A8
:10C09000DDF828A0D4F80C9051464A463846ADF851
:10C0A0001E30ADF81C70FAF71BFA0646DDF82CB00E
:10C0B000D4F81080594642463846FAF711FA2EB99C
:10C0C000BAF1000F02D0B9F1000FD4D128B9BBF1F9
:10C0D000000F02D0B8F1000FCDD1A268099B0B90E0
:10C0E000134005A907A8CDE90936FFF732FE04463B
:10C0F0000028C2D1DDE904305A684168120AB2EB67
:10C10000112F35D1089A120A2DD006A907A8FBF7DE
:10C1100081FF04460028B0D1DDE90501FFF787FE65
:10C1200004460028A9D1DDE9041303F12802019295
:10C130009A6A07A800925B6AD1E90912FCF75AF8DB
:10C140000446002899D129460598FAF7FFFC0446D1
:10C15000002892D1049800F097FD002C18BF2046CB
:10C160000FB0BDE8F08FD3E90912FFF773FEE7E7E0
:10C170006FF0850481E7036810B5044623B100F031
:10C18000D0FE0023236010BD1846FCE738B50C46EE
:10C1900001680546A1B904F0FE43B3F1007F12D156
:10C1A0004FF4D072043002F085FE21462846FCF799
:10C1B000BFF8044610B12846FFF7DDFF204638BD22
:10C1C0006FF08804F7E76FF08604F4E738B5046889
:10C1D000054664B112B90024204638BD00F08CFE3B
:10C1E00004460028F7D02846FFF7C5FFF4E76FF0B4
:10C1F0008804F8E770B500261E60046805463CB167
:10C2000000F083FE04462846FFF7B5FF204670BDC8
:10C210006FF08804FAE7F0B58BB00E46174601AB15
:10C22000202202A90546FFF7E5FF044620B9019A3E
:10C23000BA420CD06FF09404202102A8FAF716F944
:10C2400014B12846FFF797FF20460BB0F0BD3046EB
:10C2500002A900F04FFF04460028EDD0EAE770B4D1
:10C260000024DDE903652C6000F0FE44B4F1007F9A
:10C2700004D1CDE9036570BCFCF748B86FF08600C7
:10C2800070BC704730B51D4600F0FE43B3F1007F2F
:10C290008DB01DD103AB01932023009304ABFCF7B9
:10C2A00035F8044628B9039A109B9A4208D06FF0DB
:10C2B0009404202104A8FAF7D9F820460DB030BD27
:10C2C000284604A900F016FF04460028EFD1F0E745
:10C2D0006FF08604F1E738B5036804460D468BB16C
:10C2E000096879B94FF4D072281D02F0E3FD2046A9
:10C2F000294600F0EFFD044610B12846FFF73BFF4A
:10C30000204638BD6FF08804FAE7036810B504468C
:10C3100043B100F084FE00232360A3886FF3080379
:10C32000A38010BD1846FCE72DE9F0411E4600230E
:10C3300086B002AC84E8060001680546DDF830806E
:10C34000059300293AD14FF40172083002F0B2FD92
:10C35000B8F1000F009694E803000CBF4FF400639F
:10C360004FF4806305AAFAF717FC0446B8B9059F95
:10C37000304639882A1DFAF78FFC044678B96B7964
:10C38000394668F300036B71D7E909232846009604
:10C39000B8F1000F0FD0FCF791F8044610B1284611
:10C3A000FFF7B3FF059800F06FFC002C18BF204684
:10C3B00006B0BDE8F081FCF7A5F8EEE76FF0880461
:10C3C000EDE71FB502AC84E806000122009294E874
:10C3D0000600FFF7A9FF04B010BD1FB502AC84E84A
:10C3E00006000022009294E80600FFF79DFF04B0CB
:10C3F00010BD38B50368054614464BB132B100F0A4
:10C40000F0FD044610B12846FFF77FFF204638BDF7
:10C410006FF08804FAE72DE9F041164602680546F8
:10C420000F469846F2B14279D2071BD50279CAB1BC
:10C43000B2421AD800F0DEFD044618B10023C8F855
:10C4400000602B7137B1324621463846D8F80030AB
:10C45000FFF727FC2846FFF758FF002C18BF20469F
:10C46000BDE8F0816FF08804E8E76FF08904E5E744
:10C4700038B5046805467CB14479E4070CD40479E6
:10C4800094420CD100F0C2FD04462846FFF73DFF60
:10C49000002C18BF204638BD6FF08804F5E76FF018
:10C4A0009404F2E710B588B006AC84E803000121DB
:10C4B00004910D9903910C9902910B9901910A999C
:10C4C000009194E80300FFF7F6FB08B010BD30B50B
:10C4D00093B006AC84E803000021049109A90391FC
:10C4E0002021029116990AAD0195009194E803006C
:10C4F000FFF7E1FB044628B9099A189B9A4208D035
:10C500006FF0940428462021F9F7B0FF204613B0BD
:10C5100030BD2946179800F0EDFD04460028F1D003
:10C52000EEE7036810B504463BB100F0CBFC0023F6
:10C530002360237923F003032371002010BD1FB56E
:10C5400002AC84E806000122009294E80600FAF7A3
:10C55000F7FC04B010BD1FB502AC84E80600002251
:10C56000009294E80600FAF7EBFC04B010BD38B571
:10C570000468054684B1047904F00304012C0BD14E
:10C58000102A0FD800F079FC044638B92B7943F013
:10C5900002032B71204638BD6FF088042846FFF750
:10C5A000C0FFF7E76FF08604F8E737B50468054683
:10C5B00094B1047904F00304012C0DD0079C01947C
:10C5C000069C009400F062FC044610B12846FFF778
:10C5D000A8FF204603B030BD6FF08804F6E770B5C1
:10C5E000046805461E468CB1047904F00304012C4E
:10C5F0000CD000F05BFC04462846FFF792FF33683E
:10C60000E21723EA02032046336070BD6FF088040E
:10C61000F2E738B50468054644B100F0DAFC4FF49F
:10C62000FA7204460021284602F044FC204638BD38
:10C630001FB502AC84E806000093012194E80C00C9
:10C64000FAF740FE04B010BD1FB502AC84E8060046
:10C650000093002194E80C00FAF734FE04B010BDFA
:10C66000F8B5036804460F4616467BB1037D13F008
:10C670000E0F0BD100F069FC054648B9237DC4E9D3
:10C68000037643F0020323752846F8BD6FF0880552
:10C690002046FFF7BEFFF7E738B503680446EBB165
:10C6A000037D03F00900012818D132B90025237D4C
:10C6B00043F004032375284638BD9B0704D5E3687F
:10C6C00093420ED39B1AE360204600F047FC0546D8
:10C6D0000028EBD02046FFF79CFFECE76FF08805C1
:10C6E000F8E76FF08605F5E737B504460020079DAB
:10C6F00028602068D8B1207D10F0010F17D0800786
:10C7000006D5E068C8B92069904216D3801A206126
:10C71000069801950090204600F029FC054640B996
:10C72000237D43F008032375284603B030BD6FF026
:10C7300088052046FFF76DFFF6E76FF08605F8E7FE
:10C740002DE9F04F1E46002385B0DDF840803360B0
:10C75000DDE90E97C8F80070037D0546DB068A46C2
:10C7600093461CD5FFF785FA044650B933465A461E
:10C7700051462846CDE90178CDF8009000F007FC3D
:10C7800004463A4621464846D8F80030FFF789FA71
:10C790002846FFF73EFF204605B0BDE8F08F6FF05A
:10C7A0008804EEE72DE9F3411E4600233360037D44
:10C7B0000546DB060F46904615D4FFF75AFA0446A5
:10C7C00050B9099B42460193089B3946009328467D
:10C7D000334600F0EEFB04462846FFF71AFF2046DA
:10C7E00002B0BDE8F0816FF08804F5E738B5446821
:10C7F000054614B100F05CFC044628464FF47671FF
:10C80000F9F734FE204638BDF8B5C36804469342B4
:10C810000F46164611D300F042FCE36805469B1B09
:10C82000E36040B12046FFF7E1FF27B13246212106
:10C83000384602F03FFB2846F8BD00F039FC0023E3
:10C840006FF08E05E360F0E743681BB1C36800201A
:10C850000B6070476FF08800704710B4446834B1C3
:10C86000C4688C4207D310BCC16000F0E9BB6FF014
:10C87000880010BC70476FF08600FAE770B50D466F
:10C880004FF0FF3104461646FAF7ECF858B9237A10
:10C890009B0706D4324629462046BDE87040FFF784
:10C8A000B3BF6FF0840070BD00232DE9F04F89B055
:10C8B0000593C2E900334388064688461746002B95
:10C8C0007BD04FF0FF314046FAF7CCF80446002801
:10C8D0006CD198F8089009F00309B9F1010F6FD1F4
:10C8E000304605A9FFF735FA044668B9059D7288F8
:10C8F0002888D61D00F4E043F608B3F5804F069271
:10C90000079605D16FF086040598FFF7F8FA4DE019
:10C91000FFF744F910B96FF08504F5E75307F1D13B
:10C9200048463146F9F786FD814610B96FF08C0410
:10C93000EAE7069B6B806B681B0A23D128460799A0
:10C94000FFF775FA044620BB0DF1180A05F1280B14
:10C95000324649464046FFF757FF0446C8B9CDE97D
:10C9600001BAAB6A324600936B6A49462846FBF728
:10C9700091FB6A88069B04469A421BD110F18F0FE7
:10C98000E6D006E0284607A9FBF744FB044600284A
:10C99000D4D031464846FFF7F7F8002CB4D13946D9
:10C9A0000598FAF7D3F804460028ADD1204609B01F
:10C9B000BDE8F08F6FF08604EBE76FF08604F5E7D3
:10C9C0006FF08404F2E707B5009313460022FAF7EC
:10C9D0000DFD03B05DF804FB70B586B00E4602A9EC
:10C9E00081E80C00002342680546009203C905AAAD
:10C9F0000593FAF7D1F80446A0B9059A916848045E
:10CA00001AD56FF480717318012B03D82B7A43F079
:10CA100001032B72936A314600932846536AFAF752
:10CA2000E5FC0446059800F02FF91CB12846FFF7F5
:10CA3000DDFE204606B070BD2B7A43F002032B7258
:10CA40000B04DED46FF08404ECE72DE9FF410568A8
:10CA500006460F46984635B3037903F00303012BCE
:10CA600020D1457995422DD8102D2ED829466846DB
:10CA7000FAF732FE0446C0B92A466946304600F04D
:10CA8000FCF9044688B92A4669463846FEF7E6FFAF
:10CA9000C8F80050337943F002033371204604B0E4
:10CAA000BDE8F08100256FF0880400233046C8F807
:10CAB0000030FFF736FD002FF0D029463846F9F751
:10CAC000D5FCEBE76FF08904EFE76FF08304ECE748
:10CAD0002DE9FF4100241C601F4603680646884676
:10CAE000002B59D0037D03F01103102B54D103897F
:10CAF00003F4E041B1F5005F2AD103F4E061B1F540
:10CB0000806F25D1436883F0AA6181F4807131F48C
:10CB10007E113DD083F0AA6383F4007333F47E1357
:10CB200022D021466846FAF7D7FD0546B0BB22461B
:10CB300069463046FAF734FC054678BB224669461A
:10CB40004046FEF78BFF3C60284604B0BDE8F0810C
:10CB500042F204018B4209D1736883F0052383F408
:10CB6000801333F47E1315D10C240CE042F207013C
:10CB70008B420FD1736883F0A26383F4C06333F4F4
:10CB80007E1307D118249442CBD96FF0890505E0B4
:10CB90000D24F8E70024C4E76FF088053046FFF75E
:10CBA00038FDD1E72DE9F0430546994600238BB0C7
:10CBB000099325F0004323F47F0306A8B3F1106F17
:10CBC00080E80600DDE91386159F25D100954FF416
:10CBD000804303C809AAF9F7DFFF044670B9129B26
:10CBE000CDE90367CDE900930998CDF808802B467D
:10CBF000D0E9091200F064FA044620B131464046FB
:10CC0000FAF76AFD3E60099800F03EF8002C18BF64
:10CC100020460BB0BDE8F0836FF08604EEE710B558
:10CC200000880C461146FEF7B9FF20B12046BDE84A
:10CC30001040FAF751BD6FF0850010BD1C22002195
:10CC400002F038B9037F022B06D1036A5A1C03D0C5
:10CC500001330362002070476FF09600704703466F
:10CC600068B1017F8A1E012A0BD80329026A03D109
:10CC7000012A01D1FFF726B91AB1013A1A62002040
:10CC800070476FF096007047FFF7E9BFC0B2FF280A
:10CC90000CBF6FF08600002070471FB5CDE9000182
:10CCA00003AADDE90001FAF73BFF78B9039803799D
:10CCB0003BB1036A012B04D105B05DF804EBFFF72B
:10CCC00001B905B05DF804EBFFF7C9BF05B05DF829
:10CCD00004FB7FB503AACDE90001FEF71BFD8C30F4
:10CCE00018BF012007B05DF804FB30B587B003AA78
:10CCF00005460C46CDE90001FEF70CFD8C3002D153
:10CD0000002007B030BD28462146FEF72DFD10B1AA
:10CD10006FF09800F5E72846214603AAFEF7FAFCD3
:10CD20008C30EDD0F4E72DE9F041064614468846F4
:10CD300088B0002941D0002A3FD0B2F5005F3FD231
:10CD400002F1240739460120F9F774FB0546D0B3F8
:10CD50000346324640462146FBF76AF8D6E9058687
:10CD600031464046CDE90386FFF7B3FF012821D0C5
:10CD700000233A46009340462B463146FEF786FC98
:10CD8000044678B94046314605AAFEF7C3FC04467E
:10CD900020B9069B9F4205D06FF09804404631466B
:10CDA000FEF7E2FC39462846FEF7EEFE204608B0C4
:10CDB000BDE8F0816FF08A04F4E76FF08604F5E7D0
:10CDC0006FF08D04F2E76FF08C04EFE7FEF7DCBE46
:10CDD0002DE9F04F87B0D0E905BA0746894690465D
:10CDE0005846514603AAFEF795FC044610BB049E24
:10CDF00001203146F9F71EFB0546002837D058467A
:10CE0000514603AA0294FEF785FC044670B902ABB2
:10CE10000246CDE90053584633465146FEF754FCCE
:10CE2000029B04469E4209D06FF098043146284682
:10CE3000FEF7AAFE204607B0BDE8F08F0028F5D126
:10CE400043464A46314628460097FBF74DF80446CC
:10CE50000028EBD1D9F8003033B1D8F80030002BDE
:10CE600008BF6FF09104E1E76FF09104DEE76FF027
:10CE70008C04DFE7FBF7D0BB70470368052B02D1BA
:10CE8000083000F04FBA6FF08600704770B4066843
:10CE9000DDE90345052E05D1CDE9034570BC083019
:10CEA000FBF770BD6FF0860070BC704710B404686B
:10CEB000052C03D110BC0830FBF758BE6FF086007C
:10CEC00010BC70470368052B02D1083000F038BA57
:10CED0000020704708B503461A680846052A08D19D
:10CEE00040F8042B191D4FF4D072FEF7B7FD002057
:10CEF00008BD6FF08800FBE70368052B02D1043002
:10CF000000F0FBBB6FF08800704710B40468052C7C
:10CF100003D110BC043000F061BC6FF0880010BC7D
:10CF2000704708B50368052B04D14FF4D071043065
:10CF300002F032F8002008BD0368052B02D118303A
:10CF4000FCF7C8B96FF0860070470368052B02D163
:10CF5000183000F091BA6FF0860070470368052B17
:10CF600002D1183000F08CBA6FF08600704770B4B0
:10CF70000668DDE90345052E05D1CDE9034570BC02
:10CF8000183000F089BA6FF0860070BC7047F0B4BA
:10CF90000768069E052FDDE9044506D1CDE9055653
:10CFA00004941830F0BC00F0E1BA6FF08600F0BCD9
:10CFB000704770B40668DDE90345052E05D1CDE95B
:10CFC000034570BC183000F020BB6FF0860070BCC9
:10CFD00070470368052B02D1183000F090BA00208A
:10CFE00070470368052B02D10830FCF7A9BA6FF02F
:10CFF0008600704710B40468052C03D110BC0830BB
:10D00000FCF7C0BA6FF0860010BC70470368052BB0
:10D0100002D10830FCF7F6BA6FF08600704703685B
:10D02000052B02D1083000F022BC0020704710B55B
:10D0300004461030FDF772F908B90523236010BDCE
:10D040000368052B02D1103000F0DFBE6FF08800BE
:10D05000704710B40468052C03D110BC1030FDF7E4
:10D060007FB96FF0880010BC704730B40568029C2F
:10D07000052D04D10294103030BCFDF79DB96FF03E
:10D08000880030BC704710B40468052C03D110BC74
:10D09000103000F0CFBE6FF0880010BC70470368FE
:10D0A000052B02D11030FDF7A3B96FF0880070474F
:10D0B0000368052B02D11030FDF7C0B9002070477E
:10D0C00043681B0A14BF6FF086006FF0850070473D
:10D0D0000020FBF79BBE0020FBF7D2BE002000F033
:10D0E00069B917B4CDE90001DDE9000103B010BC56
:10D0F000F9F7C6B870B5044600200346934200D144
:10D1000070BDE55CCE5C013375402843F6E7002036
:10D1100070470A2842DCC31C1FDA10F1400F45D0CB
:10D1200010F13F0F2BDA10F1410F42D010F1550FE3
:10D1300042D010F1490F14BF6FF086006FF08400E9
:10D14000704709282DD8DFE800F0052C2C2F172C6C
:10D15000372C2C3A6FF09800704703300D2820D8F8
:10D16000DFE800F00A331F221F1F1F1F1F1F071FAA
:10D170001F076FF0940070476FF08500704710F143
:10D18000210F1FD00DDB10F1200F1ED010F1100F5A
:10D1900014BF6FF086006FF0940070476438092860
:10D1A000CFD96FF086007047002070476FF0840081
:10D1B00070476FF0890070476FF0930070476FF011
:10D1C0008C0070476FF0880070476FF092007047D6
:10D1D00010B501380A44914200D110BD10F8013F4A
:10D1E00011F8014B63400370F5E70144814200D11F
:10D1F000704711F8013D1A440A70120AF6E72DE94A
:10D20000F8430E46174608994FF4AA7204461D4685
:10D21000DDF8248001F0FEF9B8B981464D4509D109
:10D220004146204601F081FA78B92046BDE8F8432E
:10D2300001F09EBA204657F8292056F8291001F02F
:10D2400011FA10B909F10109E8E7BDE8F8831FB543
:10D25000CDE90221069A03A9CDE90032012302AAF1
:10D26000FFF7CDFF05B05DF804FB2DE9F041D8B024
:10D2700005460E4609A8002117469846FDF7A4FE6C
:10D28000044660B95E9B3246CDE9008329463B46A1
:10D2900003A8FFF7B4FF044609A8FDF783FE204664
:10D2A00058B0BDE8F0811FB5CDE90210009302A986
:10D2B000134603A80122FFF7D8FF05B05DF804FB71
:10D2C0002DE9F04F87B01F46DDE9109A9DF84C30EC
:10D2D00000F10C0804460D46404601210593164610
:10D2E000DDF848B0FDF770FE059B20B107B0BDE842
:10D2F000F04FFFF70EBF012B32463B462946204632
:10D30000CDE901ABCDF8009009D101F015FD04463F
:10D310004046FDF747FE204607B0BDE8F08F01F01C
:10D3200018FDF4E708B509B9F8F796FC102A04D1FE
:10D33000D530FEF793FB002008BD6FF08600FBE7B9
:10D3400038B50546043000F0F0FF044618B1BDE8DA
:10D350003840FFF7DEBE28464FF49C7101F01CFEFA
:10D36000204638BDF7B506460D46202D2F46A8BFEE
:10D37000202700216846FDF75BFD044670B93A4658
:10D3800031466846FDF7A6FD10F1520F044608D05D
:10D39000431CF4D0684601F045FB34B1204603B08D
:10D3A000F0BD684601F03EFBE3E7EC1B3E44F5D0E0
:10D3B0002546DAE700207047F8B500F1A0070546DA
:10D3C000384600F040FF05F1C006044638B130464B
:10D3D000FDF7E8FD2046BDE8F840FFF79ABE384665
:10D3E00000F09BFF04463046FDF7DCFD002CF1D138
:10D3F000012385F89B30EDE72DE9F04105460C4609
:10D4000016461F469DF81880FBF752FEE0B905F15D
:10D41000A000B8F1000F11D03246214600F05AFEAC
:10D42000044630B105F1C000FDF7BCFD002385F8CE
:10D430009B302046BDE8F041FFF76BBE3B463246CD
:10D44000214600F07DFEEBE7BDE8F08113B5049CBA
:10D45000CDE9003413460A460121FBF7B9FD02B0BD
:10D4600010BD13B5049CCDE9003413460A460021D3
:10D47000FBF7AEFD02B010BDC0E9141200207047EA
:10D480001FB54FF0010C0023CDE9013C0093FBF7E1
:10D4900083FE05B05DF804FB2DE9FF41DDF82C802B
:10D4A00004460E461F4615462AB91046C8F8002005
:10D4B00004B0BDE8F08190F899208AB190F89C30D2
:10D4C00073B90121009100F15901FFF795FF002880
:10D4D000EED12046FFF770FF0028E9D184F89900CB
:10D4E000012384F89C300023CDE901830A9B2A465E
:10D4F000009331463B462046FBF74EFED8E710B579
:10D5000090F89B300446022B02D1C030FDF74AFD53
:10D5100020464FF4EE7101F03FFD002010BDF8B53C
:10D520001E4690F89A30054693421CD800F1A00799
:10D530003846FDF759F9044618B9384600F0EDFEB3
:10D54000044605F1C000FDF72DFD24B12046BDE8DD
:10D55000F840FFF7DEBD95F89A3028463360FFF7B4
:10D56000CEFF2046F8BD6FF08904FAE72DE9F341BC
:10D570000446DDE9086790F89C0094461D46DDF8F6
:10D58000288094F8992008B162451DD8C2B180F076
:10D5900001000B46009004F159012046FFF72CFFD3
:10D5A000A0B994F89C3013B194F899302B6043469D
:10D5B0003A463146204602B0BDE8F041FFF7AFBF22
:10D5C0002046FBF775FDF2E76FF0890002B0BDE879
:10D5D000F08170B500F1A00605463046FDF768F908
:10D5E000044618B9304600F098FE044605F1C00024
:10D5F000FDF7D8FC24B12046BDE87040FFF789BD97
:10D600002846FFF77CFF204670BDF7B5044690F82A
:10D610009C0017461D46089E94F8992008B1BA420E
:10D620001BD8B2B180F001000B46009004F1590103
:10D630002046FFF7E1FE90B994F89C3013B194F8BE
:10D6400099302B603146204603B0BDE8F040FFF72B
:10D65000C0BF2046FBF72CFDF4E76FF0890003B054
:10D66000F0BD90F89C3110B5044604301BB1BDE804
:10D67000104000F0D3BF4FF4AA72216800F0CAFF37
:10D68000B0FA80F35B0984F89C3110BD73B51E4677
:10D6900000230C4601A915460193FBF711F890B938
:10D6A000019801F06DF8069B98420ED8019801F0A0
:10D6B00067F8079B29461860019A33462046FFF712
:10D6C000F2FDFFF726FD02B070BD6FF08900FAE7AA
:10D6D00038B5044608462146FAF7F2FF054658B920
:10D6E00084F89C01206801F04DF8C4F858012846E0
:10D6F000BDE83840FFF70DBD38BD2DE9F74F0446B2
:10D7000088461546BAB109B9F8F7A6FA006801F0DB
:10D7100039F8D4F858310746AB4210D9FB1A04F552
:10D72000AE7018442A464146FEF798F9D4F85831AD
:10D730005B1BC4F85831002003B0BDE8F08F04F142
:10D740001C03002118460193FDF73EFC20B103B0F5
:10D75000BDE8F04FFFF7DDBC2046FFF782FF8346B0
:10D76000B8BBD4F8582104F1040904F5AE7A514647
:10D770004846BA1A00F076FF834650BBD4F8586189
:10D780004146AE1BB6FBF7F307FB1366AD1B2A46FB
:10D79000484600F067FF8346D8B9484600F088FF46
:10D7A0008346B0B9484600F0E3FF834688B940217C
:10D7B0005046C4F8587101F0EFFB56B1324650465E
:10D7C00008EB0501FEF74AF9D4F85821921BC4F87A
:10D7D00058210198FDF7E6FB5846B8E72DE9F843D4
:10D7E0000546894614461E460BB9F8F735FA006817
:10D7F00000F0C6FFA04232D805F11C0700213846D0
:10D80000FDF7E2FB18B1BDE8F843FFF782BC2846FC
:10D81000FFF727FF0446E8B9A84658F8040B00F0C4
:10D82000B1FFD5F8582105F5AE71821A404600F0D7
:10D8300019FF044670B94946404600F076FF044699
:10D8400040B9404600F094FF044618B9286800F03B
:10D8500097FF30603846FDF7A5FB2046D3E76FF011
:10D860008900BDE8F883FBF70FBEFBF70DBE08B5D6
:10D870004FF4017101F090FB002008BDF0B50446A3
:10D880001F460D461646ADF5057D4FF40172002189
:10D8900003A801F00FFB214633462A46009703A850
:10D8A000FBF7F2FD044670B9DDE98A1203A8FBF725
:10D8B00047FE044638B9DDE98D238C9903A8FBF7B0
:10D8C00061FE044610B103A8FFF7D1FF20460DF515
:10D8D000057DF0BD90F84C3013B1503000F0EDBF35
:10D8E000D0F8543113B1D0F85C011847184670478E
:10D8F0002DE9F0470446806889469042174609D3CF
:10D90000201A1C30FEF7AAF8A368DB1BA3600020D6
:10D91000BDE8F08704F1640A01215046FDF754FB8D
:10D92000064618B1BDE8F047FFF7F3BB2046FFF706
:10D93000D1FF054600284BD1A26832F0100309D070
:10D94000A01A49461C30FEF789F82A46A368A5604C
:10D950009944FF1A07F1FF3828F00F08A7EB0806D3
:10D9600062B9102204F10C0104F1500000F02CFF08
:10D9700080BB1023A360012384F84C30B8F1000F62
:10D980001CD04246494604F1500000F01DFF0546F8
:10D99000C0B9012384F84C3004F15007384600F038
:10D9A000E0FF054670B9384601F02FF8054648B942
:10D9B000402104F10C0001F0EFFA03E094F84C3040
:10D9C000002BE9D15046FDF7EDFA2DB12846A9E725
:10D9D000B046F7E70546F5E7002E98D0324609EB4A
:10D9E000080104F10C00FEF739F8A3689B1B8DE7D2
:10D9F000F8B543680546102B2FD800F164060121C5
:10DA00003046FDF7E1FA18B1BDE8F840FFF781BBF9
:10DA10002846FFF75FFF0446D0B9AA6805F1500712
:10DA2000102A05F10C050AD12946384600F0FAFE05
:10DA3000044668B9384600F0E8FF044608E0294685
:10DA40003846C2F1100200F0BFFE04460028EBD0B9
:10DA50003046FDF7A7FA2046D6E76FF08600F8BDFE
:10DA60002DE9F0439146002285B00546D8B288469C
:10DA700040F0007003A90392FAF722FE044648B969
:10DA800005F1680601463046FDF79EFA30B1FFF712
:10DA900040FB0446204605B0BDE8F083602305F155
:10DAA0005007019305F5D273009342464B46394621
:10DAB000039801F0BCF8044620B13046FDF772FA35
:10DAC0002046E4E7384600F0F3FD04460028F4D190
:10DAD000384600F04DFE04463046FDF763FA002C50
:10DAE000EED1039800F04EFE0123A86085F84C307B
:10DAF000D0E700232DE9F04F0446007885B0894631
:10DB00001546039308B140F0007003A9FAF7D8FD59
:10DB1000064600284ED1039800F034FEA3688046E4
:10DB2000AB420CD92A46494604F10C00A8EB03038A
:10DB30001844FDF793FFA3685B1BA3603AE094F8D9
:10DB40004C3004F1680B6BBB0123A26804F1500A4E
:10DB500084F84C305046A8EB020204F10C0100F0AE
:10DB600081FD0346A0BBA7684946EB1BB3FBF8F356
:10DB700008FB037750463A4600F074FDED1B034660
:10DB800040B9504600F094FD034618B9504600F0E5
:10DB9000EFFD034658460193FDF704FA019BD3B10C
:10DBA000184604E031465846FDF70EFA30B1FFF74B
:10DBB000B0FA0646304605B0BDE8F08F04F15000DB
:10DBC00000F02CFD03460028BED035463746E1E77D
:10DBD00000252F46DEE7C4F8088004F10C08402138
:10DBE000404601F0D9F9002DE4D02A46404609EB21
:10DBF00007019EE700232DE9F0430446007885B035
:10DC0000039308B140F0007003A9FAF759FD0546E7
:10DC100020B1FFF77EFA05B0BDE8F083039800F06D
:10DC2000AFFD039800F0AEFD94F84C30074604F1C8
:10DC30006806B3B9A26804F1500804F10C0949461A
:10DC40004046BA1A00F00EFD0546B8B904F5D27484
:10DC500040234A4640460399009400F0B4FF05462D
:10DC60000CE029463046FDF7AFF90028D1D104F188
:10DC7000500000F0D3FC05460028DBD03046FDF70D
:10DC800091F92846C5E708B5039A0BB9F7F7E4FF01
:10DC9000002AFBD000231360029B002B0CBF6FF007
:10DCA00086006FF0850008BDFBF792BF0368D904BA
:10DCB00044BF43F4806303609A0444BF43F40063A9
:10DCC0000360704713B50C466946F6F76DFB0028F4
:10DCD00005DA0D3015D06FF08B0002B010BD0422B4
:10DCE00069462046FDF7BAFE04224FF0FF33214675
:10DCF0000DEB0200019301F097F80028EBD0002013
:10DD0000EBE76FF08400E8E7F7B5BA2001A9F6F772
:10DD10004BFB044610B1002003B0F0BD019D2F0A5B
:10DD2000EDB2AC4206D10121BA20F6F717FB00286C
:10DD3000F1D00FE0E61901213046F6F70FFB60B194
:10DD4000012130460DF10302F6F756FF10B99DF898
:10DD5000033013B96FF09200DEE70134E1E730B52C
:10DD600089B0054618220C4601A8002101F0A2F84E
:10DD70000123BA2144EA052401A807940593FBF77F
:10DD800081FE002818BF6FF0920009B030BD13B5B6
:10DD9000007D1446086001A9FFF794FFB8B99DF80B
:10DDA0000630C3F30213072B15D0042B11D8012B17
:10DDB00005D0063303F00703022B0CD802239DF88D
:10DDC000042002F03002202A08BF0233236002B090
:10DDD00010BD0323F3E76FF09800F8E707B50221C1
:10DDE000F8200DF10702F6F707FF9DF8073003B999
:10DDF00020B16FF0920003B05DF804FB0221F8201F
:10DE0000F6F786FA0028F6D0F3E7838810B55BB101
:10DE1000D0E902428C4272F100024FF0000306D3B7
:10DE2000C0E90213184610BD6FF08800FBE76FF0E1
:10DE30008600F8E76FF085007047037843F00073C1
:10DE400003F17E43033B122B1FD8DFE803F00A1CCB
:10DE50001C1E1E1416181A14161E1E1416181A1E2E
:10DE60001A0010230022C3EB0323C0E9023210235F
:10DE70008380104670471C23F4E72023F2E7302309
:10DE8000F0E74023EEE71423ECE76FF085007047DE
:10DE90005430FFF7ECBC70B5044600F52776D0F897
:10DEA0001C030121304401F077F8D4F81C2304F15D
:10DEB0005405314628460132FBF742FB78B9284623
:10DEC000D4F8C02304F54871FBF73AFB38B928466B
:10DED00004F571710422BDE87040FBF731BB70BDE1
:10DEE00037B5D0F8942200F51D710446FDF716FAF7
:10DEF000D0B9D4F8983204F154051BBA042269460B
:10DF000028460093FBF71CFB70B92046FFF7C3FFC0
:10DF100050B92368B3F1082F08D01022284601AB6E
:10DF2000A118FBF72FFB50B103B030BD10222846DB
:10DF300004F51671FBF704FB0028EED0F4E710237C
:10DF400084F85030D4F898320133C4F89832EBE7B3
:10DF50006FF060420023C0E9022340238380012345
:10DF6000C0F898320020704738B504461D46084670
:10DF700040F201239842114606D040F2062398420F
:10DF800012D06FF0860038BDA388412B1CD17F2DA5
:10DF90001DD82A4604F52770FDF760FD4223C4F81A
:10DFA0001C530020A380EEE7A388413B9BB2012BCA
:10DFB0000AD8A02D0BD82A4604F54870FDF74EFD6F
:10DFC0004323C4F8C053ECE76FF08800DBE76FF041
:10DFD0008C00D8E770B504460E46194623681046F3
:10DFE000B3F1082F049D03D11388B3F5105F1AD144
:10DFF000A388402B1AD140F201139E4216D14368E8
:10E00000202DC4F86832D0E90523C4E99B2310D839
:10E010002A4604F51D70FDF721FD41230020C4F8B8
:10E020009452A38070BD6FF08500FBE76FF088000D
:10E03000F8E76FF08600F5E7C000C90002F10803B9
:10E0400003F8010D93424FEA1020F9D103F11002B9
:10E05000083302F8011D9A424FEA1121F9D101203B
:10E06000704783686BB100210F3323F08043826ACD
:10E0700023F00F0343F080431160936010328262FB
:10E0800081607047C26913690BB15069184718461F
:10E090007047C26938B5D368054613B900242046D5
:10E0A00038BD5069984704460028F7D02846FFF746
:10E0B000E9FF002818BF0446F1E7FCF735BB10B5AF
:10E0C0000446FCF731FB20B92268236B1268134326
:10E0D000236310BD38B590F8203004466BB3B2F11D
:10E0E000807F06D3FFF7CEFF002808BF6FF03F0008
:10E0F00038BD036933B1FFF7C5FF002808BF6FF0D3
:10E100004800F5E7406902F10F0510446061A0681E
:10E1100025F00F051044A060606A016045F00051D1
:10E1200081602168AD1A896810300A6942EA0522C7
:10E1300040F8042C60621846DAE76FF02000D7E759
:10E14000F8B51E4690F8203004460F461546002BC1
:10E1500035D0B2F1807F06D3FFF794FF002808BFC7
:10E160006FF03F00F8BDFFF77CFF0DB90020F9E725
:10E1700005F10F00626A20F00F0040F00053936039
:10E180002368411B9B6817605B69103243EA0123D7
:10E1900042F8043C23696262A26A2B44C4E9035337
:10E1A000854202F1100316609560A362DED0002361
:10E1B00041F08041136191612032A262D6E76FF095
:10E1C0002000CFE790F8203070B50446002B37D000
:10E1D000FFF75FFF0546002830D12368226B59699D
:10E1E000986822EA01029969226303680A4304F1EC
:10E1F000200004F18401FCF737FDE269216893688F
:10E20000886853B916685268636A42F000529A608F
:10E2100042681E60DA60103363620A6A636AE16A08
:10E22000C2F5857642F000529A60826831441960E6
:10E23000DA60103363620023C4E90233284670BDFC
:10E240006FF02005FAE790F8203070B5044683B3EC
:10E250000668356A35B9FFF715FF002808BF6FF06B
:10E26000470070BDFFF7FDFEE16A836A05F10F020A
:10E27000C5F58570014422F00F021960954203F143
:10E2800010019D60A16207D00021521B42F0804224
:10E2900019619A612033A3627269236B04F1200033
:10E2A0001343B621236304F1840200F018F900201F
:10E2B000D7E76FF02000D4E7F8B590F82030054696
:10E2C00043B300F080F9431C044606D038B1284619
:10E2D000FFF7D8FE002818BF04462046F8BD2B687B
:10E2E0002A6B5B691340F2D168680028EFD01A46A8
:10E2F0002F7E05F1F4069F4204D8002A18BF6FF064
:10E300000F04E4E7C15C16F801CB013381EA0C018C
:10E310000A43F0E76FF02004DFE710B5044620461B
:10E32000FFF7CAFF431CFAD010BD43681BB11A693E
:10E330000AB1586910470020704738B54368054650
:10E3400013B90024204638BDDA68002AF9D058698C
:10E35000904704460028F4D02846FFF7E6FF00283F
:10E3600018BF0446EEE770B5057B0446002D31D09A
:10E37000B2F1807F06D3FFF7D8FF002808BF6FF007
:10E380003F0070BD806802F10F051044A060206955
:10E3900025F00F05016045F0005181602168AE1A3B
:10E3A000096810300969AA4241EA062140F8041CB4
:10E3B000616920610B6001F110038A60636101D122
:10E3C0000020DEE7002346F080460B618E6120319D
:10E3D0006161F5E76FF02000D3E7027B38B532B317
:10E3E000016882680C7AA24206D2FFF79EFF0028DD
:10E3F00008BF6FF0530038BD4C7AB2FBF4F504FB54
:10E40000152232B1FFF791FF002808BF6FF04500D9
:10E41000F1E7C269497911421CBF8A43C261602198
:10E4200000F170020C3000F05AF80020E3E76FF0C2
:10E430002000E0E738B5037B93B30268D37A33B9A1
:10E44000FFF773FF002808BF6FF0470038BD8468EE
:10E45000937A9C4206D2FFF768FF002808BF6FF04E
:10E460005300F3E7013B1C4006D0FFF75EFF002896
:10E4700008BF6FF04500E9E75279C3696021134393
:10E48000C361D0E90532A4321A6010229A601344A5
:10E49000436100F170020C3000F021F82046D5E70E
:10E4A0006FF02000D2E738B5037B054663B100F07A
:10E4B0008AF8431C044605D02846FFF736FF00289B
:10E4C00018BF0446204638BD6FF02004FAE710B5A7
:10E4D00004462046FFF7E7FF431CFAD010BD43680F
:10E4E000A3F11001914241D8012243F80C2C53F8BA
:10E4F000042C42F0200243F8042C53F8082C42F07C
:10E50000005243F8082C836800F11402A3F11001B3
:10E5100091422FD8012243F80C2C53F8042C42F0DE
:10E52000200243F8042C53F8082C42F0005243F820
:10E53000082CC36803F15402BFF35F8F4FF0A3436D
:10E540001A60BFF35F8FC2680432BFF35F8F1A6136
:10E55000BFF35F8FBFF35F8F03225A63BFF35F8FF9
:10E56000BFF35F8F9A63BFF35F8F7047103242F83B
:10E570000C2CB7E7103242F80C2CC9E738B5BFF3C2
:10E580005F8F4FF0A344E569BFF35F8FBFF35F8FE9
:10E5900010236363BFF35F8F0120FDF78DF9BFF395
:10E5A0005F8F00236363BFF35F8FBFF35F8FE36B06
:10E5B000BFF35F8F5B06F8D425B1BFF35F8FE561D2
:10E5C000BFF35F8F38BD08B5FCF780FD30B9BFF3EE
:10E5D0005F8F4FF0A343986ABFF35F8FBFF35F8FE6
:10E5E0004FF0A342D36BBFF35F8F10F0240F03F003
:10E5F000230304D0FFF7C2FF6FF01F0008BD4FF0E8
:10E60000FF30002BFAD1BFF35F8F1063BFF35F8F32
:10E610001846F3E7CB6901601146184738B503681F
:10E620000446E3B1027ED2B14FF4AA71DB69C5683A
:10E63000984798B92368E5605A69E369C2F5967509
:10E6400042F00052616A9A60626829445268196017
:10E65000DA601033E361A3680233A36038BD6FF062
:10E660002000FBE7037E10B5CBB1B2B18468062C65
:10E6700018D8B2F1807F18D2C3690134196041689B
:10E680009A60C968103343F8041CC361036984604D
:10E6900013440361C3681344C360002010BD6FF0CE
:10E6A0002000FBE76FF04400F8E76FF03F00F5E76C
:10E6B000037E70B583B30368C4681A69B4FBF2F1D2
:10E6C00002FB11445CBBD3E905120A44682A29D82D
:10E6D000D3E901325A40836A456A53408362CA1CB7
:10E6E000036AC1F59676354422F003021D6091421B
:10E6F00003F110059960056206D0521A42F080427B
:10E700001C619A612033036200F17C02D821183029
:10E71000FFF7E5FE002070BD6FF02000FBE76FF013
:10E720004500F8E76FF02200F5E7037E10B50446D8
:10E73000A3B1D0E903239A4204D00268836A5268E5
:10E740005340836220466369984704F11800D8213A
:10E7500004F17C02FFF7C3FE002010BD6FF0200023
:10E76000FBE7037E0BB1FFF72EBF6FF02000704771
:10E7700010B504462046FFF7F4FF431CFAD010BD45
:10E78000C068704700697047026913690BB150692E
:10E79000184718467047826808B503465AB9026898
:10E7A0001169426A114206D0FFF7EEFF002808BF48
:10E7B0006FF0530008BD03F11400702103F17802DB
:10E7C000FFF78DFE0020F5E710B5047D034634B356
:10E7D000B2F1807F06D3FFF7D7FF002808BF6FF0A4
:10E7E0003F0010BD4468062C06D9FFF7CDFF002876
:10E7F00008BF6FF04400F4E70AB90020F1E7806930
:10E80000013401601968826089691030C96840F874
:10E81000041C9968986111445C609960EDE76FF0A1
:10E820002000DEE7037DF0B4002B42D00468876847
:10E83000256887B9836900F124021A606A1C42F0D6
:10E8400000569E60A6691202F66802F4F85232433E
:10E85000DA601033836182697B1952F8046C23EA11
:10E860000503DB1B46EA032642F8046C52F8086CE9
:10E870003344C66843F0005342F8083CC369721938
:10E8800022EA05021960964203F110019E60C161FF
:10E8900007D00021921B42F0804219619A61203317
:10E8A000C361E268436AF0BC23EA02034362FFF7F4
:10E8B00072BF6FF02000F0BC704738B5037D04468E
:10E8C000002B48D003685B69002B47D00269D368EE
:10E8D0005BB150699847054638B12046FFF754FFB1
:10E8E000002818BF0546284638BD214651F8783B18
:10E8F000626A9B6904F114001B68FCF7B5F90123F7
:10E900002169226863608B68906963B90D68496802
:10E91000A36941F00051996081681D60D96010338E
:10E92000A361022363600025216AA369C4311960D1
:10E930005169103341F0005143F8081C41681269D5
:10E9400043F8041CA3616368A56001336360636AD4
:10E9500013436362C7E76FF02005C4E76FF0470514
:10E96000C1E7027D38B50346002A37D001688268C6
:10E970008C68944206D9FFF707FF002808BF6FF0A4
:10E98000530038BD4C68B2FBF4F504FB152434B1D8
:10E99000FFF7FAFE002808BF6FF04500F1E7426A72
:10E9A000C868024348695A6200F10F01D3E907259C
:10E9B00021F00F01C4351560884202F11005906006
:10E9C000DD6106D0091A41F0804114619161203265
:10E9D000DA611846BDE83840FFF7DDBE6FF0200071
:10E9E000CFE738B5037D054663B1FFF7ECFD431C67
:10E9F000044605D02846FFF7C7FE002818BF044686
:10EA0000204638BD6FF02004FAE7037D10B50446B8
:10EA10002BB12046FFF7E5FF431CFAD010BD6FF085
:10EA20002000FBE7037810B504461BB1F9F7BCFDE5
:10EA300000232370002010BD0020FCF713BB38B565
:10EA40000225036804469D6000F035F818B123687C
:10EA500003F58053DD6138BD03685A507047036881
:10EA6000585870470369986E7047C0F30B03482BE2
:10EA70004B6028BF482310F4003F8B6008BF002381
:10EA8000CB6010F4803308BFC1E9013300F4700398
:10EA9000B3F5700F14BF00238B6800284FF0010CF2
:10EAA0004FF008028B60B8BF0023C1E905C2B8BFB0
:10EAB000C1E90533704708B5FFF7D4FF006800F4DB
:10EAC000003008BD2DE9F0410446FCF741FB064645
:10EAD000012241F22801FFF7BFFF002241F2280185
:10EAE0003046FFF7B9FF41F204013046FFF7B7FFA8
:10EAF000C106F8D410F0200502D00220BDE8F08154
:10EB000041F22C013046FFF7AAFF8046012241F274
:10EB100008013046FFF7A0FFC8F3036744B918F4B3
:10EB2000805F1CD1E4B1636841F21008FF1A2DE048
:10EB30002368002BF3D06368002BF0D09F420ADAE1
:10EB40000D20DBE7236841F2100153F82520304601
:10EB5000FFF782FF013563689D42F3DBDFE78CB985
:10EB600001224FF480513046FFF776FF41F2040155
:10EB70003046FFF774FF420700F023031BD4002B3D
:10EB8000F4D0BAE7C8F3035741F20C08A368002B8E
:10EB9000E6D0E368002BE3D0BB42D1DC0025E3687C
:10EBA0009D42DDDAA368414653F825203046FFF741
:10EBB00053FF0135F3E7FCF7CFFA01463046FCF787
:10EBC000CFFA00209AE72DE9F047044608461E4692
:10EBD0000D469146DDF82080FFF7D2FDB042074692
:10EBE00021D82846FFF7CEFD08EB000A064651461D
:10EBF0002046FFF79AFDC0B92046FFF7B9FDA0B93E
:10EC000043469A4509D12B4641462046CDF82090EF
:10EC1000BA19BDE8F047FEF71ABB1A7882F06A020B
:10EC200003F8012BEDE76FF04000BDE8F0872DE918
:10EC3000F74F9A46DDE90C4905460E469346FFF725
:10EC40009FFD80462846FFF79DFD5045074626D28A
:10EC50002B465246594630460094FEF7F8FA88BBD8
:10EC60000246A7EB0803A9EB080104EB080000F03B
:10EC700088F94FF4AA7229463046FFF7CBFC08BB4F
:10EC80002846FFF77FFD234602462018984213D1FD
:10EC90002146304603B0BDE8F04FFFF7E3BC5246D3
:10ECA00059462046FCF7DAFE0022A7EB0A03A9EB3F
:10ECB0000A0104EB0A00DAE7197881F0360103F85B
:10ECC000011BE3E703B0BDE8F08F2DE9F0411C46DE
:10ECD0001746079A0546A242DDF81880089E9DF85F
:10ECE000243022D314F00F0223D1326033B1FBF76A
:10ECF000BDFE30B1BDE8F041FEF70BBAFBF7C2FE36
:10ED0000F7E74346224639462846FFF72CFB002802
:10ED1000F0D12846FFF761FB0028EBD12846FFF72A
:10ED2000D6FB0028E6D13460E4E76FF08900BDE847
:10ED3000F0816FF08600FAE71FB501240394089C68
:10ED40000294079C0194069C0094FFF7BEFF04B058
:10ED500010BD1FB500240394089C0294079C0194E5
:10ED6000069C0094FFF7B1FF04B010BD2DE9F843F5
:10ED7000044617461D46884681B3D0E90232AB42AD
:10ED800072F100012DD35B1B62F10002C0E9023277
:10ED900000F110090DB928461EE094F85060BEB18C
:10EDA000AE4228BF2E46384632464946FCF756FE4C
:10EDB00094F850203744921BD2B2AD1B84F85020F7
:10EDC000002AE7D0484609EB060100F03DF8E1E7EC
:10EDD0002046C0470028E0D0BDE8F8836FF08500EA
:10EDE000FAE76FF08E00F7E710B59EB0024646F6E0
:10EDF00011031AA901A8FBF737FF0022039B10217A
:10EE00001A609A6001A810331AAA0393FFF767FBF0
:10EE1000FFF7D9FB431C0446FAD001A8742100F087
:10EE2000BBF820461EB010BD0346002030B5013AA5
:10EE300000D230BD1D780C78A54202D008B9281B3D
:10EE4000F5E701330131F2E7814270B4134605461C
:10EE500002D370BCFCF702BE8218194483B90024A7
:10EE60001819032816D86FF003009C084443234464
:10EE700022440C4400218B4214D1284670BC7047B8
:10EE800042EA01008007EAD011F8010D013B02F8C7
:10EE9000010DE3E7601850F8046CA01840F8046C0A
:10EEA000043CDDE7601A10F8016C501A00F8016CA0
:10EEB0000131E0E7F0B505460C0444EA01640C4377
:10EEC00044EA012462B913465619032A0ED823F0E6
:10EED00003022A4403F0030313449A420AD1F0BD0B
:10EEE000AB07F0D005F8011B013AEBE7B71A3C601D
:10EEF000043AEAE702F8011BEFE770B5B1F5004FFD
:10EF00001D46DDE9043403D2042D01D8042C01D9B7
:10EF1000FCF7F9FD240444EA05642143BDE8704090
:10EF2000F7F768BA0020704700207047002303609D
:10EF3000704703680B4202D000680840704720BF4A
:10EF4000F7E7036823EA010303607047034600689C
:10EF50001A6808400A431A607047002373B58DF899
:10EF60000730934203D19DF8070002B070BDC55C25
:10EF7000CE5C9DF8074075402C438DF80740013367
:10EF8000EFE710B58B4294BFC4184418A04200D1DB
:10EF900010BD00F8012BF9E700231A4682B001905A
:10EFA0008B4201D102B070470198C2540133F7E798
:10EFB0002DE9E04F2746A046A146A246A346A44617
:10EFC000A2B02DEC000A84F3008825462646A4470B
:10EFD000EFF3148515F0080F18BFB0EE400A3DECB2
:10EFE000000A22B0BDE8E08F000000000000000031
:10EFF0000338FDD87047000000000000000000004A
:10F000000000000000000000FF0000000000000001
:10F0100001000000000000000101000000000000ED
:10F020000000000000000000FF00000000000000E1
:10F0300001000000000000000301000000000000CB
:10F040000000000000000000FF00000000000000C1
:10F050000100000000000000000000C400000000EB
:10F060000000000000000000B300000000000000ED
:10F07000010000000000000000000000000000008F
:10F0800002C0FF7F0000000000C000000000000080
:10F09000010100000000000002C0FF7F000000002E
:10F0A00000C000000000000000010000000000009F
:10F0B00002C0FF7F0000000000C000000000000050
:10F0C000000000C40000000001C0FF7F000000003D
:10F0D0000028000000000000000000C40000000044
:10F0E00002C0FF7F0000000000C000000000000020
:10F0F0007AFFFFFFB5EE000000388A408F40944051
:10F10000A140A640AC401548CB40AE40A3400038DB
:10F11000003800380038CE40ED409D41494156410D
:10F12000324137413C414141B941BE41D7410E4294
:10F13000FA418D411B42804162426A4277427443E8
:10F140006E4366437F432E4824460038003800381B
:10F150000038AF48D548F34863457D4585439D4514
:10F16000A845BB45E345ED45CF45FC4515468C46D6
:10F170006E4695468E4600380038003828420038E2
:10F1800000380038003800380038003800380038BF
:10F190000038003800380038194919491949194907
:10F1A00019491949194919491949194900380038A3
:10F1B000003800380038003800380038003800388F
:10F1C000003800380038003800380038003800387F
:10F1D000003800380038003800380038003800386F
:10F1E000003800380038003800380038003800385F
:10F1F00000380038003800388C090038FFFFFF0065
:10F200000000000010270081878A001A7B627AA61E
:10F2100078797A8D00307B627AA778797A8D0030A0
:10F2200078207B6279217A220C10865082A280811C
:10F2300082A28287828D001A0030722095407AACBB
:10F24000797B003078247B627AA884797A8D0030CB
:10F250007224A7407B2479257A26856286A8728449
:10F26000868D11A68584116286A7858684208621D5
:10F27000862286509A5086A6867286A88685868DB6
:10F280008462868D781086A67270001A00307ABB70
:10F290007879003000830030001C001C001C001C2A
:10F2A000001B7C22001D1310D040001A001C001C03
:10F2B000001C001B7C22001D001B7C22001D131063
:10F2C000DA40001A000C016A3427001A006E102779
:10F2D000001A7B62782479257A260C1086500E104D
:10F2E00022590E101A59848FC50811B8858504104B
:10F2F000295911A284871AA211111120071890A26E
:10F30000801A9020001919A272871AA61970001B82
:10F310007C201AA21A8013100B410E101D590410E4
:10F32000335986A21A72868D001A0030870811B8E8
:10F33000858211A284871AA211111120031890A2AC
:10F34000801A9020001915A281871AA21515152080
:10F35000031890A2801A90200019074186500524B6
:10F3600008250426F5408650042406250526F54088
:10F3700086500C2406250B26F54086500B240825C4
:10F380001A26F55000AB0C1A00300DA702720AAC19
:10F39000060D0EA703720BAC060E02620CA87203D8
:10F3A0000C8D00307DBB0203048F05A670700362D4
:10F3B0008650042072210E229A500070108A0E246A
:10F3C0000B250E26F35002728650042072210D2266
:10F3D0009A5002721027108A0D240A250D26F35028
:10F3E00005A70D0E05200C2105229A50007005BBC3
:10F3F000030505A60E050030026286500420722126
:10F400000D229A500070108A0D240A250D26F35003
:10F4100000300DA70D0E05A67070027286500C20EC
:10F420000D2105229A50007005BB030505A60E05A7
:10F43000003002620DA7027203620EA7037201BBC5
:10F440000D0E00BB02030D200E21802282AC8081B4
:10F45000812082213910A941006201A80180018D1B
:10F46000012408250626B15000300324062508266D
:10F470008650F340032405250A268650F350026285
:10F4800086500A2072210A229A503810003906202C
:10F490000A210B229A500BA60B0C0BA80B050B8D07
:10F4A00038100039003002620A8E0A8F0B8E0B8FE3
:10F4B000072787500EA8720B0C200E210D229A50A0
:10F4C0000A200E210E229A500062865003240D2538
:10F4D0001A2608210E221A510262008107271A20DB
:10F4E00072211A229A5000AB0A1A003086500DBBC6
:10F4F00008060DA6040D032406250E26F3500E2043
:10F5000007210E229A500EA7050E0E8D0E240D25F2
:10F510000B26F34086500A2408250D26F3500220BE
:10F520000D210E229A500E240C250B26F3408650F6
:10F5300007200A210D229A5003240C250E26F35091
:10F5400005A60D0E058D0030865001A700720AB980
:10F55000010006240A250426F55077A70472381006
:10F560000030011877A7040138100030042004216E
:10F5700004229A5077A704723810003C001977A72C
:10F5800004013910003C0030A0A27210685380A220
:10F59000811090A291100210965308105B54141021
:10F5A000FB5439108134001A000C865033A2041029
:10F5B00002102D440810D74414105B4558522620E1
:10F5C000782148522621001C7A20CC42585226200D
:10F5D000782148521D2079214A52262026211D22B9
:10F5E000001E7A20CC425852782479257D527A2008
:10F5F000CC42112084214852112010107A590E104B
:10F60000364901218526006886AC86012EA67070D9
:10F61000C1522E2236102C2235A78682006CC808D3
:10F6200011B83581EA5026201121001C2620021035
:10F630001254112126220718B12002101554081067
:10F64000C7541410515580210019E3522620262159
:10F65000D0501122BC520068C152006C23203610D9
:10F6600026201B220318001E802100192621001AC3
:10F67000001B0B102320001F001A2CBA73742CBA25
:10F680002C2C2CA72C742DA7018677A72D2C001AC3
:10F69000A122DC5202108D53081054541410F65459
:10F6A00080A2807290A29072808D908D001A00309E
:10F6B00082A2821082A2827282A81082001A2C205A
:10F6C00013211622071880A2818280219020B22265
:10F6D00000193222DC5229A2322828A2323131A26A
:10F6E000292525A2293030A2312222A2312F2FA292
:10F6F000301F1FA2302E2EA22F1C1CA22F2D2DA298
:10F700002E1919A22E2C2CA22D1616A22D132FA6BF
:10F71000117030A6127031A6137013A62C70112030
:10F720001121081802108D53081054541410F65467
:10F73000A020B121001926A62F7027A6307028A678
:10F740003170001A1120842148521D208221485214
:10F750008A0811B88583142011211122001C051874
:10F760008024B1208421001E001920201D211D228B
:10F77000001C05188024B1208421001E0019E352CA
:10F78000262026211922001EDA501122BC521922ED
:10F790002620BC5277A22872F810821077A7850124
:10F7A00077108620CC4285A6850183A6830183A697
:10F7B000830113A272101DA619701EA61A701FA62F
:10F7C00013702C43585278210810E044818F918F98
:10F7D000001A003077A701003810013A001A0030F3
:10F7E000585204216853021039540810F05438104C
:10F7F000053A001A00305852262078214A52001A41
:10F8000000305852151075536E53262002214A526B
:10F8100000302DA2A1A12EA2A12D80A2812D90A207
:10F82000912E001A2FA205102EA280802CA28033C8
:10F830002EA22E802DA290902EA62E2C2EA62F2EFC
:10F840002CA72D2E2CA22C722C8D001A30A6919153
:10F850002CA681812DA230911A10E24331A2A1A1E0
:10F860001810C5432EA2818131A231312CA22C2D3A
:10F8700031A231332FBA2E742EA62F3131A62C2C63
:10F88000D1432EA681312FA781312CA22C2D2EA25F
:10F890002E2F31A62C2C2EBA2E742DA22D2D2FA258
:10F8A0002E2E2DA62D2D80A72F3131A72C80A0A282
:10F8B00030A12FA22E3190A72F2D001A2EA28181C8
:10F8C0002CA22C2DCD4331A67092ED4331A770921E
:10F8D000ED4330A2A1A12FA231A131A230822FA2EB
:10F8E0002F3031A731812FA72F9130A23131A0A223
:10F8F00031A12CA2813030A231302EA62C2C31A285
:10F900002F2F2EA6302E80A7312E2CA72C802EA292
:10F91000913031A22F2C90A7312E001AB0A2A0A0B6
:10F92000001A2EA670921B442EA770921B442DA283
:10F93000A2B231A2A1A12CA281B22FA2A13131A2E7
:10F9400082312DA2912D2FA22E2F2EA2A1A22C21E9
:10F95000F543AAC3E7D3EAE32CA6047477A72C00E7
:10F96000381477A604707814001A2DA205102EA65C
:10F9700033332FA62D2D2EA22E2E2FA62F2D2EA2C5
:10F980002E332FA22F2F30A62F2F2EA62E2F2FA6AD
:10F990002E3077A22F72001A90A77090908D001AC7
:10F9A0002DA2A1A180A281A190A2912D001A2FA227
:10F9B00005102EA280802CA280332EA22E802CA295
:10F9C0002C802DA2909030A280902EA62E2C2DA6B9
:10F9D0002D302EA62F2E2CA72D2E001A2CA281A161
:10F9E0002DA281812EA62D912DA22D2DA0A22C2CF1
:10F9F0002CA22C2E2EA22E2E181085442FA2A0331E
:10FA000087442FBAA0042EA62E2C80A62E2F2CA61B
:10FA1000A02C2DA22DA02CA22C8090A62C2D001A5B
:10FA2000702398448223984431A683922FA282A106
:10FA300030A2A1A130A2313031A2818132A22F2F78
:10FA400029A6313231A63191A0A229A131A22F31AC
:10FA50002EA6812F32A630322FA6913032A28132CB
:10FA60002FA22F2E2CA2812F2DA2299180A63231D8
:10FA70002CA62C2D32A62FA031A22C2929A232800F
:10FA800090A63129001A30A2A1A12DA2A2A22CA2D7
:10FA900081A22FA282A12DA2912D30A292302EA25E
:10FAA000A1A22C21A04472C494D496E4006877A744
:10FAB00072043714006C001A2DA272872CA22D81BB
:10FAC00077A7812C391081362CA22D9177A7912C04
:10FAD00039109136001A003077A60570001A90A6EA
:10FAE0008090001A80A281A190A291A1001A31A257
:10FAF00072102CA280802DA290902EA62C2D2FA2C9
:10FB00002C2D2FA2332F2FA62F312EA72E2F2E8D47
:10FB1000001A2CA6819130A281812DA291912EA252
:10FB2000A1A12CA22C2C2EA62E2E2FA6302D2DA737
:10FB3000302D2CA72C2F2EA72F2E90A22D2F80A258
:10FB40002C2EA0A22E2F001A2EA670822E452EA794
:10FB500070822E452FA2A1922EA2A12E30A28191B9
:10FB600031A22E2F32A6912E2EA7812E2CA6812FC8
:10FB70002FA6912F32A22C322CA22E2F2EA630315E
:10FB80002FA7303130A72C2F31A7322E80A22E3054
:10FB900090A22F31A0A23031001A2CA2A2812DA256
:10FBA000A2912FA2A1922EA2A1822C2132450DC595
:10FBB00028D52BE5001A80A77080808D001A585236
:10FBC000022407257D522620CC52E650875026205D
:10FBD00072210A229A503810003906200A210B227D
:10FBE0009A500BA60C0B0BA80B070B8D3810003985
:10FBF0000030E65087500A8E0A8F0B8E0B8F0DA8AF
:10FC0000720B0C200D2135229A500A202B229A507B
:10FC1000EA50585208222B23022435252626265343
:10FC2000E6500081262072212C229A5000AB0A2C2B
:10FC30000030E6502BA872062B8DEA505852022451
:10FC40002B257D520820CC42000C006435A60A0CFE
:10FC5000E65087503520722135229A500BA7073580
:10FC600006200B210B229A50381000390030000C6E
:10FC7000006435A60A0CE65087500B8F35207221A0
:10FC800035229A50EA50585208220B230224352577
:10FC90000D2626530030585226200B2148521D2095
:10FCA00006214A52262026211D22001E1D20082141
:10FCB0004A52262026211D22001E0D20CC42E6504D
:10FCC00087500B200C210A229A5082A70882828D2D
:10FCD0000030585208220C2378240A252626265361
:10FCE00000682620062100AB818000AB9190003097
:10FCF00058520620021050540810F35414105F5547
:10FD000006240B257D521D2008214A52262026213B
:10FD10001D22001E1120CC5211240A257D520D20D7
:10FD2000CC42E65087500A200D212B229A50EA50EF
:10FD3000CF550BA62B700D240B257D520820CC42ED
:10FD40008650000800B8797917A70173179E179E8F
:10FD50000BA2781017A217100C200E2280A60B7091
:10FD600090A2721082A6907092A6707068460E22C1
:10FD70007AA882927A8D00300E210C2211A68191F0
:10FD800012A7819113A2111114A2121215A6829228
:10FD900016A7829215A2151216A2111611A71314F6
:10FDA00081A2131412A2171114A6151615A7151661
:10FDB00082A2141416A2151513A6131292A2160BE2
:10FDC00091A2111312103B46001B0A1040460C2151
:10FDD0000E22424606217A5608217C5636A2060B90
:10FDE00036A236870AA608360A8D0030E6508750BC
:10FDF00091A2918736A2768736A2913681A2818719
:10FE000081A6368181A28172818D91A67070001ABF
:10FE100002248F46062408217A56EA501410C4475B
:10FE2000F34606217A560A8FEA501410C9471C4738
:10FE300035A2811034A2911031A2353536A2343466
:10FE400033A2041035A2313634A2721033A23335F6
:10FE500031A7363136A6343331A73136318D3910DA
:10FE60008134001A31A2911036A2041031A231312E
:10FE700033A2721036A2363131A7313336A636336B
:10FE800033A2363633A2333634A2333335A2343676
:10FE900035A2353134A2313335A23572358D33A7D1
:10FEA000007333A73374339E339E339E352433253A
:10FEB0003526F55035A2351034A2343533A234340A
:10FEC00033A2333633A63331338D722038100520F8
:10FED00081A23480818D7D1081A70081001A000CE1
:10FEE0008650D00811B8080132A2041032A632326E
:10FEF00084210C20A5570C212D2088571120AE57A6
:10FF0000071880222D21C0205D578021AE5700198F
:10FF10000C210C2088C75DD768E7D05011221757F5
:10FF20000A20B9570030001B0C200B102D20684709
:10FF3000000C86500821B6569C5632A2041032A6F8
:10FF40003232920811B80A0602210C20A5570C2162
:10FF50002D2088571120AE57031880222D21C02054
:10FF60005D578021AE57001908212120A557212176
:10FF70002D2088572120AE57031880222D21C02024
:10FF80005D578021AE5700190C2121220C205D57AE
:10FF900088C75DD768E7DA50112217572122175713
:10FFA0000C20B95777A680703E10003900AB0B903B
:10FFB000003031A6918136A7918131A2318236A2DB
:10FFC000369233A670B2734731A6918136A79181DC
:10FFD00031A2319236A2368233A770B2734734A26F
:10FFE000A1A233A2B13335A6313631A7313636A7B7
:10FFF000343333A6343380A2313690A23533A0A2F5
:020000040001F9
:100000003633B0A23531001A31A6918136A79181DD
:1000100034A2313133A2313631A2A1B136A2A1A12D
:1000200031A6313136A6363636A7363334A73431C9
:1000300080A23136A0A2363390A23334B0A231343C
:10004000001A80A2811090A29110A0A27210B0A2FA
:100050008090001A31A6918190A7918180A631707D
:10006000A0A6A1A1B0A2B132001A35A2721035A883
:1000700035A180A2813590A29135808D908D001A96
:10008000082558527D520A20CC4258520821DB578D
:1000900008205F550822062302240A252626265317
:1000A00077A626703E100B3900AB0B270030918FDE
:1000B0002CA291872DA272872CA22C2C2EA72C2D3E
:1000C0002CA22C332CA72C2D2DA22E2E2FA22E2C81
:1000D0002DA22D2F2FA22F2F2FA22D2F2FA22F7227
:1000E0002F8D30A70074309E309E2F2430252F2670
:1000F000F5502FA22F872DA22F2D2FA22D2D2FA20D
:100100002F2C2FA72F2E2F8D3910913481A22D72D5
:10011000818D7C1081A7008177A7810037109134F1
:10012000001A000C7B62865078231BA67D721B9EF2
:10013000341043481B9E83241B257A26F5507A20D1
:100140007A211B229A501BA71B831B8D3910003D5F
:10015000001A00305852782078211C229A501CA690
:100160001C041C209A501CA61C051C8D1C2319580D
:1001700077A67A703D1000307AA7007A00301DA76C
:100180007D721EA61D701E9E83241E257A26F550A4
:10019000381000301EA77A723910003D1FA283105C
:1001A0001DB91D0020A6757021A2721022A6212162
:1001B00022239E5824A6287025A67570A85823A728
:1001C0002821238D39106B4822A622215C481DA7C7
:1001D0001D721D9E1F239E5826A21F2827A2262877
:1001E00028A72721288D381099482AA6727029A29D
:1001F000272728A72921288D3810874829A22929AF
:100200002AA62A727D481EA7202A28A6247025A681
:100210001E70A8582BA6287024A22B2B20A62A706B
:1002200026A22B2627A2272474487AA226727A8D2A
:10023000001A003023A28372238D23241D25232638
:10024000F55028A22310001A25A725723810001A8D
:1002500028A22828A848061000385852022407254A
:100260007D522620CC5200680AA60C800AAC0A01F6
:10027000381000392AA67206E6502BA8722A2AAC3A
:100280002B0187500A2006212B229A502BA7072BDF
:100290002BAC2B012A202B210B229A50381000392D
:1002A000003006100038E65087500A8E0A8F0B8EF9
:1002B0000B8F2AA60A0B2AAC2A0138100039EA5003
:1002C000585208222A2302240B2523262653E650BF
:1002D0002AA60C232AAC2A0100AB0A2A00300610F9
:1002E00000385852E65087502AAC0D0F2AA62A0F24
:1002F0002A2007212A229A502AA6062A2AAC2A0155
:100300002BAC0A0F2BA62B0F2B202A212B229A5025
:100310002BBB2B0C2ABB2A0CEA50585208222A234A
:100320000A242B250D2626530030003885A9010FFD
:10033000001A11BA010F85A78511001A007001A6D5
:100340007070007001A77D72001A007009A67070AD
:10035000007009BB7D0F7D2109620081001A816256
:100360000081001A0F210F260068868EC1523610B8
:100370008636006C021050590310875211A6267061
:1003800012A6277013A62870E65036A8850F368D62
:1003900001213626EA508742900811B8868615D486
:1003A00018E4112012541D201121001C1254112197
:1003B0001D220318C120001E12548021001926A6F8
:1003C000117027A6127028A6137026202621001C63
:1003D000001C001C001B7C22001D262113106B49F1
:1003E0001122BC522621E7D3EAE3001A00680F8EDF
:1003F000006C2CA20F10875902108759A0A2A02CC4
:1004000015108959001A80A2802C90A2902C001AF5
:10041000FA1ED65F00010100000202000014000075
:100420000028000000400000010000000200000061
:100430000100000006000000580401000000000058
:1004400039E0000020000000100000001000000053
:100450002000000000000000110000001108000052
:100460001128000000000000410000000100000011
:1004700001000000800401000100000010101000C5
:1004800011000000110800001148000011280000B0
:10049000010000000F00000010000000100000002C
:1004A000200000001000000010000000B004010057
:1004B00011000000112800001108000001000000D8
:1004C00008060000000200000004000020000000F8
:1004D00040000000200000004800000091AD000036
:1004E0001300000063000000A300000003000000F0
:1004F000F00FEC13EC1300000000E41BE01FD02F02
:10050000C03FE41BE01F00000000E41BE01FD02FF1
:10051000C03F0000C03F54464D5F43525950544FB6
:100520000054464D5F50524F5445435445445F5329
:10053000544F524147455F53455256494345005435
:10054000464D5F494E5445524E414C5F54525553AF
:100550005445445F53544F524147455F53455256AB
:100560004943450054464D5F504C4154464F524D0F
:100570005F53455256494345004B4D5500101414E6
:1005800000001C2030401C2000001C203040004097
:10059000505341004B45590010141400001C2030EA
:1005A000401C2000001C203040004001030240405D
:1005B00040000040408080808000009088684810A3
:1005C000141400001C2030401C2000001C2030406F
:1005D0000040203042000000000000000000000049
:1005E0009861000000000000000000000000000012
:1005F0000000040048080D000000000098610000A1
:1006000000000000000000000000000000000400E6
:1006100000020B00000000000090D003AC5300204B
:100620000C530020C004000090ED00E07FBB0000F0
:1006300087BB00007BBB000067742000147900209A
:040640001879002005
:020000040008F2
:10A0000030F002201D750900C9210B0009750900F7
:10A010000975090009750900097509000975090024
:10A020000000000000000000000000001D76090094
:10A0300009750900000000000D7809000975090084
:10A040009D7809009D7809009D7809009D78090098
:10A050009D7809009D7809009D7809009D78090088
:10A060009D7809009D7809009D7809009D78090078
:10A070009D7809009D7809009D7809009D78090068
:10A080009D7809009D7809009D7809009D78090058
:10A090009D7809009D7809009D7809009D78090048
:10A0A0009D7809009D7809009D7809009D78090038
:10A0B0009D7809009D7809009D7809009D78090028
:10A0C0009D7809009D7809009D7809009D78090018
:10A0D0009D7809009D7809009D7809009D78090008
:10A0E0009D7809009D7809009D7809009D780900F8
:10A0F0009D7809009D7809009D7809009D780900E8
:10A100009D7809009D7809009D7809009D780900D7
:10A110009D7809009D7809009D7809009D780900C7
:10A120009D7809009D7809009D7809009D780900B7
:10A130009D7809009D7809009D7809009D780900A7
:10A140009D7809009D7809009D7809009D78090097
:10A150009D7809009D7809009D7809009D78090087
:10A160009D7809009D7809009D7809009D78090077
:10A170009D7809009D7809009D7809009D78090067
:10A180009D7809009D7809009D7809009D78090057
:10A190009D7809009D7809009D7809009D78090047
:10A1A0009D7809009D7809009D7809009D78090037
:10A1B0009D7809009D7809009D7809009D78090027
:10A1C0009D7809009D7809009D7809009D78090017
:10A1D0009D7809009D7809009D7809009D78090007
:10A1E0009D7809009D7809009D7809009D780900F7
:10A1F0009D7809009D7809009D7809009D780900E7
:10A200009D7809009D7809009D7809009D780900D6
:10A210009D7809009D7809009D7809009D780900C6
:10A220009D7809009D7809009D7809009D780900B6
:10A230009D7809009D7809009D7809009D780900A6
:10A240009D7809009D7809009D7809009D78090096
:10A250009D7809009D7809009D7809009D78090086
:10A260009D7809009D7809009D7809009D78090076
:10A270009D7809009D7809009D7809009D78090066
:10A280009D7809009D7809009D7809009D78090056
:10A290009D7809009D7809009D7809009D78090046
:10A2A0009D7809009D7809009D7809009D78090036
:10A2B0009D7809009D7809009D7809009D78090026
:10A2C0009D7809009D7809009D7809009D78090016
:10A2D0009D7809009D7809009D7809009D78090006
:10A2E0009D7809009D7809009D7809009D780900F6
:10A2F0009D7809009D7809009D7809009D780900E6
:10A300009D7809009D7809009D7809009D780900D5
:10A310009D7809009D7809009D7809009D780900C5
:10A320009D7809009D7809009D7809009D780900B5
:10A330009D7809009D7809009D7809009D780900A5
:10A340009D7809009D7809009D7809009D78090095
:10A350009D7809009D7809009D7809009D78090085
:10A360009D7809009D7809009D7809009D78090075
:10A370009D7809009D7809009D7809009D78090065
:10A380009D7809009D7809009D7809009D78090055
:10A390009D7809009D7809009D7809009D78090045
:10A3A0009D7809009D7809009D7809009D78090035
:10A3B0009D7809009D7809009D7809009D78090025
:10A3C0009D7809009D7809009D7809009D78090015
:10A3D0009D7809009D7809009D7809009D78090005
:10A3E0009D7809009D7809009D7809009D780900F5
:10A3F0009D7809009D7809009D7809009D780900E5
:10A400009D7809009D7809009D7809009D780900D4
:10A410009D7809009D7809009D7809009D780900C4
:10A420009D7809009D7809009D7809009D780900B4
:10A430009D7809009D7809009D7809009D780900A4
:10A440009D7809009D7809009D7809009D78090094
:10A450009D7809009D7809009D7809009D78090084
:10A460009D7809009D7809009D7809009D78090074
:0CA470009D7809009D7809009D78090086
:10A480002DE9F04F146887B005468946506821468B
:10A490001F46164603F05EFE29468046204604F01D
:10A4A00015F9003818BF012004AA03A900F086FAA4
:10A4B0002946D6F8200304F0FFF8DDE904AB0038A4
:10A4C00018BF012004AA03A900F078FA29463068D1
:10A4D00004F0E8F8DDE904430093002800F0B880B8
:10A4E0002946D6F8200304F0FBF8003818BF0120F5
:10A4F00004AA03A900F062FABAF1000F00F0A580E7
:10A50000BBF1000F00F0A1803968484603F02CFF32
:10A51000109B83461B6879684846019303F024FF2B
:10A52000109A516803F018FE59468246019803F0CC
:10A5300013FE0146504603F00DFE31688246284660
:10A5400003F008FE0146504603F00EFF414603F0BB
:10A55000BFFF019903F000FE594603F0FDFD82465E
:10A5600014B1009B002B75D100230393DDE9044354
:10A5700003FB04F4002C5EDD3168284603F0EAFD9D
:10A58000414603F0A5FF25F039FF039B0133A342A9
:10A590000393F8DB82463168284603F0DBFD414631
:10A5A00003F096FF514603F0D5FD4FF07E5106466D
:10A5B000504603F0D1FD04F0B3F86FF04048034675
:10A5C0004FF08041504603EB080A03F0C5FD04F04C
:10A5D000A7F8314680444FF07E5003F0BBFD57F89A
:10A5E0002A10834603F0C0FE034657F82810304671
:10A5F0001F4603F0B9FE0146384603F0ADFD49465B
:10A6000003F0B2FE109B074653F82A10584603F099
:10A61000ABFE0346109A304652F828101E4603F04F
:10A62000A3FE0146304603F097FD0146384603F08D
:10A6300093FD82460394284602F07AFA08B14FF05F
:10A64000000A504607B0BDE8F08F4FF0000A87E7D8
:10A6500000204DE7D7F82013484603F085FE044656
:10A66000109B2146D3F820B3584603F075FDD7F868
:10A670001C138246484603F077FE109BD3F81C1348
:10A6800003F06AFD0146504603F064FDD6F820133E
:10A690008246284603F05EFD0146504603F064FE04
:10A6A000414603F015FF594603F056FD214603F0DD
:10A6B00053FD824658E700BFF8B50F1E0BDD00249E
:10A6C000061F151F56F8040F2DF09FFF0134A742F7
:10A6D00045F8040FF6D13846F8BD00BFF8B502249E
:10A6E00009684F00002FC3E900140BDD0024061F8A
:10A6F000151F56F8040F2DF088FF0134A74245F8C6
:10A70000040FF6D1F8BD00BFF8B501244F681C60F6
:10A710004968002F59600BDD0024061F151F56F8ED
:10A72000040F2DF072FF0134A74245F8040FF6D153
:10A73000F8BD00BF2DE9F04F146889B005460191BE
:10A74000506821461E46174603F004FD2946804600
:10A75000204603F0BBFF003818BF012006AA05A958
:10A76000DDF848B000F02AF92946D7F8200303F0B5
:10A77000A3FFDDE9069A003818BF012006AA05A943
:10A7800000F01CF92946386803F08CFFDDE9064328
:10A790000293002800F0B9802946D7F8200303F07F
:10A7A0009FFF003818BF012006AA05A900F006F98E
:10A7B000B9F1000F00F0A680BAF1000F00F0A280FE
:10A7C000DDF80490DBF80010484603F0CDFD336857
:10A7D0008246DBF804104846039303F0C5FD716818
:10A7E00003F0BAFC51468146039803F0B5FC0146DC
:10A7F000484603F0AFFC39688146284603F0AAFCBE
:10A800000146484603F0B0FD414603F061FE03995E
:10A8100003F0A2FC514603F09FFC814614B1029B59
:10A82000002B74D100230593DDE9064303FB04F4F8
:10A83000002C5DDD3968284603F08CFC414603F0AE
:10A8400047FE25F0DBFD059B0133A3420593F8DBB2
:10A8500081463968284603F07DFC414603F038FE06
:10A86000494603F077FC4FF07E510746484603F017
:10A8700073FC03F055FF6FF0404803464FF08041F2
:10A88000484603EB080903F067FC03F049FF39462B
:10A8900080444FF07E5003F05DFC5BF82910824647
:10A8A00003F062FD03465BF8281038469B4603F030
:10A8B0005BFD0146584603F04FFC019903F054FD3F
:10A8C000034656F829105046994603F04DFD0346BD
:10A8D00056F8281038461E4603F046FD014630461D
:10A8E00003F03AFC0146484603F036FC81460594E5
:10A8F000284602F01DF908B14FF00009484609B09A
:10A90000BDE8F08F4FF0000988E700204CE7DBF846
:10A910002013019803F028FD0446D6F820A3214611
:10A92000504603F019FCDBF81C138146019803F034
:10A930001BFDD6F81C1303F00FFC0146484603F03C
:10A9400009FCD7F820138146284603F003FC014692
:10A95000484603F009FD414603F0BAFD514603F0B5
:10A96000FBFB214603F0F8FB81465BE700234B60CD
:10A970008B6003680B604368CB60704770B50E68EE
:10A980007600002E09DD0025041F54F8040F25F081
:10A9900065FD0135AE422060F7D170BD70B54E68DF
:10A9A000002E09DD0025041F54F8040F25F056FD84
:10A9B0000135AE422060F7D170BD00BF20B1012348
:10A9C000136053600B60704710605060704700BFA9
:10A9D00000239C4610B4421E12F8014F0CF10100F6
:10A9E000013334B1022841F82C3001DD10BC70472E
:10A9F0008446032BF0D1604610BC70472DE9F0432C
:10AA00000C4693B0032C0646DDE91A781546194624
:10AA100000F0858000230C930D930E930F931093F9
:10AA20001193230600F19880620012F0FF020FD00C
:10AA30000DF11809484692002DF011FC49460023FB
:10AA40000CAA51F8040B0133A34242F8040BF8DBC3
:10AA500064B106AA06AB02EBC40003EB84030EAAA2
:10AA600053F8041B834242F8041FF9D1284601F031
:10AA70001BFF014630462DF050FE0446284601F0EB
:10AA8000E5FE014620462DF025FE064628683146A3
:10AA900003F0FEFD0346003B18BF01233146686802
:10AAA0008DF8003003F0F4FD0346003B18BF01238E
:10AAB0003146A8688DF8013003F0EAFD0346003BFB
:10AAC00018BF0123684603A98DF80230FFF780FF05
:10AAD000041E2ED04FF00203C8E900431CDD03A979
:10AAE00038460D4607EB840355F8042B12AE06EBEF
:10AAF000820252F81C2C40F8042B8342F4D107EB5D
:10AB0000C40051F8042B12AC04EB820252F8102C52
:10AB100043F8042B9842F4D113B0BDE8F083043B12
:10AB200014310CAA53F8040F8B4242F8040BF9D1EC
:10AB30009CE73246284601AB0CA900F023FB01201C
:10AB40000221019A029BC8F80000C8F804103A607C
:10AB50007B6013B0BDE8F0830DF118094FF47F72EC
:10AB600048462DF07CFB69E7421EC0F101039818AE
:10AB7000814204DD12F8010F0028F8D1704701204E
:10AB8000704700BF2DE9F04F8C468646012793B0F1
:10AB90001C9C1D46D4F82463D4F8288331464046D3
:10ABA000DDF874B0CDF804E0CDF808C00392059745
:10ABB00003F082FD002840F0E3823146404603F076
:10ABC0008FFD002840F0C1823146404603F06AFD07
:10ABD000374600B146464146D4F82C83404603F040
:10ABE0006BFD002840F0C3823946404603F078FDF3
:10ABF00030B93146404603F055FD00B14646B846EF
:10AC0000032705974FF07E52CBF80C204FF080427F
:10AC100005F10801CBF81020CBF800804022CBF8DA
:10AC200004608BF808700BF114002DF018FBAA6C6F
:10AC30000021CBF85420EA6C4FF0010CCBF85820DF
:10AC4000B24ACBF85C202A6DCBF860206A6DCBF855
:10AC50006420AA6DCBF86820EA6DCBF86C20D5F89B
:10AC60009420CBF87020D5F89820CBF87420D5F834
:10AC70009C20CBF87820D5F8A000A54ACBF87C0022
:10AC800000201268CBF88000CBF88C20CBF8902005
:10AC9000CBF89420CBF89820CBF89C20CBF88400FC
:10ACA000CBF88800CBF8A4008BF8A010CBF8A82034
:10ACB0008BF8B0C0CBF8AC20CBF8B420CBF8B820E0
:10ACC0008BF8BC10CBF8C020CBF8C420CBF8C82040
:10ACD000D5F8A420ABF8D010CBF8CC202A68CBF85C
:10ACE000D4206A68CBF8D820EA6ECBF8DC202A6F33
:10ACF0008BF8FC10CBF8E020864ACBF8E420CBF8A8
:10AD0000E820CBF8F420844ACBF8EC20834ACBF837
:10AD1000F0204FF08342CBF8F820D5F88420CBF810
:10AD20000021D5F88820CBF80421D5F88C20CBF869
:10AD30000821D5F88020CBF80C21794ACBF81021D6
:10AD4000D5F89020CBF81421764ACBF8182195F845
:10AD500060208BF81C216A6ECBF82021AA6ECBF8FC
:10AD60002421686F01F0E4FE002800F0F58104F56D
:10AD7000487A0DF124090AEB87031C944C46994646
:10AD800005975AF8040F684903F0E4F9D14544F8EF
:10AD9000040BF6D139460CAA09A81C9CFFF78CFCC1
:10ADA000014606AA0CA8059101F0ACFD069A5F4980
:10ADB00002F26B5204EB8202506803F0D5FA5C4950
:10ADC00003F0D2FACBF82801B5F87820012FABF8C0
:10ADD0002C21EA6FCBF830210DD0039D3146284657
:10ADE00003F060FC38B94146284603F079FC00289E
:10ADF00000F0C181464604F54977384601F054FD1C
:10AE0000014630462DF089FC0546384601F01EFD0E
:10AE1000014628462DF05EFC0546D4F82403294659
:10AE200003F036FC0246003A18BF01222946D4F846
:10AE300028038DF8102003F02BFC0246003A18BFBF
:10AE400001222946D4F82C038DF8112003F020FCB0
:10AE50000246003A18BF01220FA904A88DF812205B
:10AE6000FFF7B6FD0028059000F078810DDD0FAAF0
:10AE700009AD02EB800052F8043B03F25D5354F835
:10AE80002330904245F8043BF5D10998029903F02C
:10AE90006BFA019903F060F9264A0546CBF8342194
:10AEA000D4F83083D4F83403414603F053F92946EB
:10AEB0000746404603F00AFC003818BF012007AAE5
:10AEC00005A9FFF77BFD079A2946D4F814050692D9
:10AED00003F0F2FB003818BF012007AA05A9DDF82E
:10AEE00020A0FFF76BFD2946D4F8300303F0DAFB0E
:10AEF000DDE90789002800F02D812946D4F81405E2
:10AF000003F0EEFB003818BF012015E00000A04060
:10AF100070200220000010416F12033A17B7D13899
:10AF2000CDCC4C3F0000B4420000C8413333733FE6
:10AF300000007A440000404007AA05A9FFF73EFD43
:10AF4000069A002A00F00381BAF1000F00F0FF809A
:10AF500004F58053D3F8A8113046019303F004FAA6
:10AF6000019B8246D3F89023D3F8AC11304601926E
:10AF7000029303F0F9F9029BD3F8941303F0ECF871
:10AF8000034651460198029303F0E6F80146029801
:10AF900003F0E0F80346D4F830132846029303F098
:10AFA000D9F80146029803F0DFF9394603F090FA28
:10AFB000019903F0D1F8514603F0CEF88246B8F17A
:10AFC000000F34D0B9F1000F31D004F58059D9F811
:10AFD0008C13304603F0C8F98046D9F874354146E1
:10AFE0001846019303F0B8F8D9F888138246304622
:10AFF00003F0BAF9D9F8701503F0AEF801465046DF
:10B0000003F0A8F8D4F814158146284603F0A2F8F6
:10B010000146484603F0A8F9394603F059FA019B66
:10B02000194603F099F8414603F096F88246DDE9A7
:10B03000072101FB02F2002A069240F39E80D4F819
:10B040003013284603F086F8394603F041FA00220F
:10B05000059225F0D3F9DDE9053101338B420593E3
:10B06000F7DB002981464FDDD4F83013284603F082
:10B0700071F8394603F02CFA494603F06BF84FF0AB
:10B080007E518046484603F067F803F049FB4FF0D5
:10B0900080410746484603F05FF803F041FB04EBAC
:10B0A0008707414604EB80044FF07E5003F052F8CE
:10B0B00007F58057D7F8A411814603F055F904F538
:10B0C00080548246D4F8A411404603F04DF901465D
:10B0D000504603F041F8314603F046F9D7F88C1397
:10B0E0000646484603F040F90246D4F88C13404621
:10B0F000144603F039F90146204603F02DF80146C5
:10B10000304603F029F88246284601F011FD08B1C7
:10B110004FF0000A4FF08141CBF838110021099A15
:10B120001E9BCBF848A1CBF84C21CBF83C11CBF8B7
:10B130004011CBF84411CBF85021CBF85421CBF877
:10B1400058211D6013B0BDE8F08F474643E54FF02E
:10B15000000A34E70020EFE6686F33E604F5AB51F0
:10B160002A463846183100F0C5F809908EE6B846F0
:10B170000227059746E5039E3DE600220592C3E7B8
:10B18000B0463FE52DE9F04F8DB01C4606AD0B1FD4
:10B190000192143153F8042F8B4245F8042BF9D156
:10B1A0000568D0F8049029468668484603F07AFA84
:10B1B000DDF820800B9FDDF818A0DDF824B040B941
:10B1C000394642462B465F46D04635468B46924628
:10B1D0001E46079B019803930A9B029301F0A8FC6B
:10B1E00038B1434B1D682846256060600DB0BDE84E
:10B1F000F08F3146284602F0ADFF034631464846FF
:10B20000049302F0A7FF0346494628461D4602F074
:10B21000A1FF0346DDF80C9041464846039302F037
:10B2200099FF294603F054F903464946994650468A
:10B2300002F090FF039903F04BF94946CDF81490C2
:10B2400002F088FF049903F043F9394681460298D9
:10B2500002F080FF294603F03BF9824602995846E6
:10B2600002F078FF039903F033F9514602F072FFC0
:10B27000049903F02DF931468346019802F06AFFE4
:10B2800049460646284603F06FF80146059802F045
:10B2900061FF034631464846994603F065F801468A
:10B2A000484602F059FF314603F05EF8414602F08D
:10B2B00053FF0346594628461D4603F055F80146FC
:10B2C000504602F047FF31468046584603F04CF89E
:10B2D0000146404602F040FF314603F045F839464A
:10B2E00002F03AFF256060600DB0BDE8F08F00BF4E
:10B2F000702002202DE9F04F0568D0F804808946BF
:10B30000D1F800A086682946404683B0144603F071
:10B31000C9F9D9F8087028B92A463B463546574638
:10B3200016469A462046D9F804B001F001FC20B137
:10B33000274B186803B0BDE8F08F3146404602F055
:10B3400009FF81463946584602F004FF494603F09A
:10B35000BFF8034631462846019302F0FBFE034640
:10B36000594650469A4602F0F5FE034641462846A5
:10B370001D4602F0EFFE0146284603F0A9F8DDF86D
:10B380000480414602F0E6FE514603F0A1F8314642
:10B390000546204602F0DEFE29460446484602F0F5
:10B3A000E3FF0146404602F0D5FE0346214628460B
:10B3B0001D4602F0D9FF0146284602F0CDFE214687
:10B3C00002F0D2FF394602F0C7FE03B0BDE8F08FAD
:10B3D000702002202DE9F04FADF5137DDDF874B239
:10B3E00091469BF80840DBF80450012C0E95109014
:10B3F00004910F9306D02946104603F053F9002814
:10B4000000F044879E9B03F54978404601F04CFAD2
:10B4100001460E982DF081F90446404601F016FAD7
:10B42000014620462DF056F905469E9B2946D3F845
:10B43000240303F02DF90346003B18BF01239E9A15
:10B440002946D2F828038DF87C3003F021F9034611
:10B45000003B18BF01239E9A2946D2F82C038DF891
:10B460007D3003F015F90346003B18BF012335A9D1
:10B470001FA88DF87E30FFF7ABFA041E01F04A805A
:10B4800041F3518129A935AA9E9E0B9102EB8400BC
:10B4900052F8043B03F26B5306EB83035B68904264
:10B4A00041F8043BF4D122AB019348AB00939E9B3F
:10B4B000424603F5AC530E989BF808100433FFF78F
:10B4C0009DFA24AB54AA22A948A8FFF707F99BF8D4
:10B4D0000830032B00F0EF87002253924E924F92D8
:10B4E0005092519252921A064EAF01F15D805B006C
:10B4F00013F0FF0322D09A009E9B48A803F5AC519D
:10B500001C312CF0ACFE9BF80860BEB1394648AA4D
:10B510000FFA86FCB30002EB860652F8040BB24227
:10B5200041F8040BF9D148AA134402EBCC0C50AA01
:10B5300053F8041B9C4542F8041FF9D19E9B2946F1
:10B54000D3F8240303F0A4F80346003B18BF0123FB
:10B550009E9A2946D2F828038DF87C3003F098F89B
:10B560000346003B18BF01239E9A2946D2F82C03BC
:10B570008DF87D3003F08CF80346003B18BF0123A3
:10B5800035A91FA88DF87E30FFF722FA061E00F0BD
:10B59000A4871ADD35AA11460DF5907EB00002EBA6
:10B5A000860C51F8043B013B57F823308C454EF88C
:10B5B000043BF6D148AB184452F8043B023357F829
:10B5C0002330944540F8043BF6D120AF9E9B29469A
:10B5D000D3F8240303F05CF80346003B18BF0123B3
:10B5E0009E9A2946D2F828038DF87C3003F050F853
:10B5F0000346003B18BF01239E9A2946D2F82C032C
:10B600008DF87D3003F044F80346003B18BF01235A
:10B6100035A91FA88DF87E30FFF7DAF9031E0D93C8
:10B6200000F0698741F37B802CAA114612920D9A93
:10B6300035AB9E9D03EB820053F8042B02F25D5262
:10B6400055F82220984241F8042BF5D148AB53F825
:10B65000263038467B60489B3CA93B60FFF786F963
:10B66000AB49DBF8DC0002F033FFDBF85430002C90
:10B670001493DBF85830804615930BDD0B9B1E4668
:10B6800003EB84053068414602F06EFE46F8040B79
:10B69000B542F7D10021049803F00EF8002840F0DD
:10B6A00064860021049802F0FDFF002840F08486A3
:10B6B0000021049803F000F8002841F0B480002134
:10B6C000049803F00DF888B10498924902F0EAFF5B
:10B6D00060B19149DBF8580002F046FE03468E49FE
:10B6E000DBF85400159302F0F3FE1490DBF8881099
:10B6F000109802F02FFD2CF088FF04990546DBF826
:10B70000800002F027FD2CF080FF8449064602F0FD
:10B71000E7FF58B12846814902F0E2FF30B14846C0
:10B72000002102F0BFFF002840F0EF87DBF84C312A
:10B7300013937B49DBF8580102F016FE7949054660
:10B74000139802F011FE0146284602F005FD03465B
:10B750007349DBF854011E46179302F005FE714948
:10B760000546304602F000FE0146284602F0F4FC91
:10B7700003461D4631463046189302F0EDFC29463B
:10B7800002F0E8FC49462F90DBF8040002F08AFF43
:10B7900030B94846002102F099FF002800F0F786F2
:10B7A0000D9B12992FA89A002CF059FD40220021E0
:10B7B00062A82CF07AFD0023DBF838013893399326
:10B7C0003A933B9302F0ACFF4FF07E5200EB8000C7
:10B7D000011F431F1D9192A91993002C01EB8303B4
:10B7E0000DF1E00A43F8C02C0DDD0B9B4E4E984640
:10B7F00003EB8405D8F80000314602F0B5FD48F8A7
:10B80000040B4545F6D122AB00930F9B224603F172
:10B810000046304632AB0B9901F0E8F8DBF838010E
:10B8200002F07EFF0223249D2593329B01384AF8C3
:10B8300020306B00002B0CDD54AB984603EBC505A4
:10B84000D8F80010304602F043FE48F8040B454596
:10B85000F6D154A824A9FFF791F8249B92AA02EBF1
:10B86000830353F8F83C44A97B60549B38463B6003
:10B87000FFF77CF8DBF80C0002F052FF03465D1E78
:10B88000449992AA03EB850302EB830343F8C41C9B
:10B890004FF07E5002F05EFC4AF82500DBF8100005
:10B8A00002F03EFF03465D1E92AA479903EB850313
:10B8B00002EB830343F8C41C4FF07E5002F04AFCB5
:10B8C00000214AF82500DBF8800002F04DFD0F99B9
:10B8D00002F04AFD22AB22460B99009332AB01F0F5
:10B8E00085F824AB22A926AA32A8FEF70DFF012372
:10B8F00025992493002919DD26AB03EB81011A68F1
:10B9000002F1004243F8042B9942F8D10EE000BF47
:10B910000000C842A69BC43B000020416F12833B3D
:10B9200072F97F3F17B7D1380000614524A926A8D6
:10B93000FFF734F8DBF8340102F0F2FE0346269AF2
:10B9400092AD03EB830305EB8303DAF8000043F8C1
:10B95000D42C00215A9002F007FD5E90DAF8040022
:10B9600000215B9002F000FD5F90DAF808000021F2
:10B970005C9002F0F9FC6090DAF80C0000215D9018
:10B9800002F0F2FCDBF880506190284601F0D0F81C
:10B99000002800F0B484B44B16931B680393002175
:10B9A0000F9802F0E1FC22AB22460B99009332ABD8
:10B9B00001F01CF8129D24AB2A4622A932A8FEF7FA
:10B9C000A3FEDBF8340102F0ABFE0346269C286898
:10B9D00044AA994621460DF5807800F100401B925B
:10B9E00009920594CDF8188002F0BEFC0BEB890398
:10B9F000D3F83811064603981A9302F0B5FC4FF0BD
:10BA00007E5102F0A9FB0146304602F0ADFC024631
:10BA100009F1FF334FF07E5105984AF8232092AE8A
:10BA200009F1030306EB830602F094FBDBF83C11FB
:10BA300062AC2546DBF880300591DBF84011DBF87D
:10BA400048910791CDF874B2DBF844119B460A94F3
:10BA50004446A846099D5AAF46F8E00C089158F8AC
:10BA6000046B0798D8F80C1002F07EFC8446059908
:10BA70003046664602F078FC0146304602F06CFB28
:10BA8000D8F81C100646089802F06EFC01463046B5
:10BA900002F062FBD8F82C100646484602F064FC1F
:10BAA0000146304602F058FB57F8046B45F8040B8A
:10BAB000F968039802F058FC8446594630466646B9
:10BAC00002F052FC0146304602F046FB66AB4345AD
:10BAD00044F8040BC3D162AB089344AB0A9C0A93AD
:10BAE000002382AF3D46DDF874B2079372AE0BF5CA
:10BAF0009C73099305961C940027069B53F8041B1E
:10BB000006930A9B53F8040B0A9302F025FB0C954D
:10BB10003D46099B059E43F8040F09939D9B1C46D7
:10BB20001193089B53F804BBD3F80C90D3F81C80F6
:10BB30000893DB6A03936169584602F015FCA1691A
:10BB40000746484602F010FC0146384602F004FB66
:10BB5000E1690746404602F007FC0146384602F01C
:10BB6000FBFA216A0746039802F0FEFB01463846BD
:10BB700002F0F2FA46F825000435102D04F1100405
:10BB8000D9D10027059B3E4653F804BB0C9DDA69CA
:10BB9000D3F80C900593DB6A62AC1F46039254F80D
:10BBA000048B4846E16802F0DFFB024659464046F6
:10BBB000904602F0D9FB0146404602F0CDFAE16919
:10BBC0008046039802F0D0FB0146404602F0C4FADA
:10BBD000E16A8046384602F0C7FB0146404602F063
:10BBE000BBFA45F826000436102ED8D1079B043541
:10BBF0000133042B07937FF47FAF1A9B1B48D3F8C4
:10BC00003811DDF874B21C9C2CF064FD0746DBF89B
:10BC10003401CDF81CA002F083FD394606464FF0F2
:10BC20007E502CF07AFD0BEB8606C6F83801DBF867
:10BC3000380102F075FD03460BEB8303D3F838118E
:10BC40000B482CF047FD0746DBF8380102F068FD91
:10BC50003946064607482CF060FD0346159D0BEB60
:10BC60008606284608E000BF70200220000080BF42
:10BC7000CDCC4CBD72F97F3FDAF80010C6F83831F0
:10BC800002F072FB0346DAF804102846039302F030
:10BC90006BFBDAF808108146284602F065FB034684
:10BCA000DAF80C1028461D4602F05EFBCDF874B29F
:10BCB0008046D3462F46039D5BF8046B28463146E9
:10BCC00002F052FB49462060304602F04DFB3946F7
:10BCD0006060304602F048FB02464146A2603046B2
:10BCE00002F042FB3CAB5B45E06004F11004E3D1A1
:10BCF000DDF874B291AF0BF11006B14681AC0DF5D1
:10BD0000C27854F8040F58F8041F02F025FAA7422D
:10BD100049F8040FF5D1DBF8380102F001FD9E9AD5
:10BD20009E9B02F63C0200920BEB800003F5A3639E
:10BD30009E9A0E99D0F83801FEF7A2FB0446DBF874
:10BD4000100002F0EDFC0BEB80003F99D0F83801B9
:10BD500002F00AFB0146204602F0FCF90446DBF83B
:10BD60000C0002F0DDFC0BEB80003C99D0F83801B0
:10BD700002F0FAFA0146204602F0ECF90D9B8146EA
:10BD8000002B13DD0D9A2FAFDDF82C80049D07EBFF
:10BD90008204294657F8040B02F0E6FA01464846A9
:10BDA00002F0D8F9BC4248F8040BF2D14FF0000879
:10BDB000DBF83801CAF80080CAF80480CAF80880A5
:10BDC000CAF80C8002F0ACFC9E9B9E9A03F684633A
:10BDD000009381460BEB800002F536630E990BF160
:10BDE0004005D0F838010695FEF7A4FC09F1FF39AB
:10BDF0004AF82900DBF8340102F092FC0346013BCB
:10BE00004AF82380DBF80C0002F08AFC03463C9AD7
:10BE1000013B02F100424AF82320DBF8100002F057
:10BE20007FFC5C46CDF874B2AB463F9B013803F112
:10BE300000434AF82030DAF80030DAF80890059329
:10BE4000DAF80430DAF80CA047460393DDF81C80DA
:10BE500007966169059802F087FAA169054603987B
:10BE600002F082FA0146284602F076F9E1690546B9
:10BE7000484602F079FA0146284602F06DF9216A37
:10BE80000546504602F070FA58F8046B0146284601
:10BE900002F062F9314602F067FA0146384602F0D4
:10BEA0005BF91034A3450746D3D1014644AF14983B
:10BEB00002F052F93B46DDF874B280460BF12005E2
:10BEC0002F461D46079EDDF814B056F8041F58464D
:10BED00002F04AFA31690446039802F045FA014635
:10BEE000204602F039F9316A0446484602F03CFA2D
:10BEF0000146204602F030F9316B0446504602F00C
:10BF000033FA0146204602F027F9414602F0E0FAF2
:10BF1000B74245F8040BD8D14046B84902F024FA9C
:10BF20000D9B8246002BDDF874B21EDD0B9B129A2E
:10BF30000DF17C094D461446994617460D9903EBC1
:10BF4000810659F8041B109802F004F944F8040B18
:10BF5000396802F009FA514602F0C2FB003818BFF6
:10BF600001204E4505F8010BEBD10D991FA8FEF7F6
:10BF7000FBFD8246002800F0BC814FF000094E46D0
:10BF80004F464946CDF81091CDF81491CDF818914F
:10BF9000CDF81C91129B1C68204602F0E5F9014681
:10BFA000DBF83C0102F0D8F83946CBF83C012046DA
:10BFB00002F0DAF90146DBF8400102F0CDF8314633
:10BFC000CBF84001204602F0CFF90146DBF84401EE
:10BFD00002F0C2F803464946CBF84431204602F04D
:10BFE000C3F90146DBF8480102F0B6F8CBF8480186
:10BFF000DBF8340102F094FB03460BEB8303D3F828
:10C0000038117F482CF066FB0646DBF8340102F05D
:10C0100087FB314604464FF07E502CF07EFB0BEB45
:10C020008404C4F83801DBF8380102F079FB0346D8
:10C030000BEB8303D3F8381100202CF04BFB0646A2
:10C04000DBF8380102F06CFB314604464FF07E50BD
:10C050002CF063FB03460BEB8404C4F838314046F4
:10C06000449902F081F945998146404602F07CF9F5
:10C0700046990746404602F077F9034647994046FD
:10C08000984602F071F90646CDF80CA0CDF874B2CE
:10C09000119CDDF818A0DDF86CB05BF8045B484635
:10C0A000294602F061F90146606902F053F8394609
:10C0B0006061284602F058F90146A06902F04AF88A
:10C0C0004146A061284602F04FF90146E06902F0BE
:10C0D00041F803463146E361284602F045F901463E
:10C0E000206A02F037F8103420615445D5D1DDF8CC
:10C0F0000CA0DDF874B2BAF1000F08D01D9BDBF87C
:10C100005C100BEB8304206902F02EF92061DBF850
:10C11000380102F005FBDBF898600BEB8007314635
:10C120000446D7F8380102F015F8002105460498B6
:10C1300002F0CCFA48B12846002102F0D1FA20B131
:10C140009BF8B030002B40F02C820021049802F0C4
:10C15000A9FA002840F0E880013C049B0BEB840422
:10C16000CBF88030D4F83C319F9A1360199B0BEBCD
:10C17000830358692CF04CFA224902F0F5F8A09B91
:10C180001860109BDBF89000CBF88830139BCBF83D
:10C190004C31189BCBF85431179BCBF858312F9B5F
:10C1A000CBF8503100F0C4FC002800F0C18100231E
:10C1B000002404988BF8A030CBF8A44000F0B8FC21
:10C1C000002871D0169B0E491E68304602F060FAB6
:10C1D000002871D0DBF8380102F0A2FA0BEB8003E3
:10C1E000D3F83831CBF8A860CBF8AC309BF8A0304E
:10C1F000DBF89850002B75D006E000BF0000C84265
:10C20000000080BF0000404000230F9CCBF8A850E6
:10C210008BF8A03000210498CBF8A440CBF88C60B8
:10C2200002F05EFA30B100210F9802F059FA0028AE
:10C2300040F00081DBF8380102F072FA0346002179
:10C240000BEB83032046D3F8387102F049FA30B182
:10C2500000210F9802F044FA002840F00481049B6A
:10C26000A19CCBF890300B9B0E9819682F9A479B96
:10C27000CBF89C50CBF89870CBF8940021606260AA
:10C28000A360E0600DF5137DBDE8F08FDBF80030B2
:10C29000494618460E9302F005FA00287FF4B2A82A
:10C2A000CDF83890FFF7AEB8169B214604981E686B
:10C2B00002F0F8F900288DD1DBF83801CBF8AC603A
:10C2C00002F02EFA0BEB8003D3F83831DBF89850EC
:10C2D000CBF8A8309BF8A030CBF8B460CBF8B860AE
:10C2E000002B91D10F98DBF8A41001F035FF044624
:10C2F00090E74499459F469EDDF81C914AE6284602
:10C30000002102F0CFF9002840F0458128460021A5
:10C3100002F0E6F9002800F0B2814FF07E5303935B
:10C32000AF4B1693FFF73BBB2846002102F0BAF94A
:10C33000002840F0F181D7F83861314600202CF018
:10C34000C9F90546DBF8380102F0EAF92946044646
:10C35000A4482CF0E2F90BEB8404C4F83801DBF8B4
:10C36000380102F0DDF9441EF7E6DBF8380102F08F
:10C37000D7F90BEB8000D0F83851DBF8781028465D
:10C3800002F090F9002840D0002C3EDD0B9BDBF83A
:10C390006860984603EB8405D8F80000314601F048
:10C3A000E3FF48F8040B4545F6D10021049802F05C
:10C3B00079F9002800F03782DBF8380102F0B0F993
:10C3C0000BEB8003D3F838512846864902F06AF90E
:10C3D00008B32946DBF87C0002F064F9002800F07D
:10C3E0005481002C40F351810B9BDBF86C60984624
:10C3F00003EB8405D8F80000314601F0B5FF48F89A
:10C40000040B4545F6D1FFF753B90021049802F01B
:10C4100049F90028D8D12846734902F061F900286B
:10C420003FF44DA928466F4902F03CF900283FF43B
:10C4300046A931E1284600F07BFB002800F0D880B7
:10C44000DBF8380102F06CF90BEB8003DBF8985055
:10C45000D3F83871DBF8A4400021204602F040F9FF
:10C4600000283FF4FCAE2146DBF8700002F01AF918
:10C4700000283FF4F4AEDBF8A810384601F06AFE5D
:10C48000214602F025F829460446384602F00AF90A
:10C49000002840F054812046002102F003F90028D2
:10C4A00040F07381DBF8380102F03AF90BEB8003BE
:10C4B000D3F83871D3E64EAF3A469E9B9E9903F56A
:10C4C000AC5301F5AD501833103053F8041F9842A7
:10C4D00042F8041BF9D1FFF731B8394620AF3B468B
:10C4E0002A464046FEF74EFE3B68012648937B688D
:10C4F0004993FFF76BB89E9B2A4603F5AB51404624
:10C500001831FEF7F7FE01230D932CAB12932C90FC
:10C51000FFF79CB89E9B2A4603F5AD514046143167
:10C52000FEF7E8FE29AB01240B932990FEF7BBBF71
:10C53000DBF89040204600F0FBFA002838D1204676
:10C54000002102F0AFF800283AD12046002102F085
:10C55000C7F8002800F052814FF07E54049800F094
:10C56000E7FA002800F0E380169B20491E68304659
:10C5700002F08EF800283FF439AE20461B4902F045
:10C5800087F800283FF413AE169B1E682EE60123A1
:10C590000D93FFF70BB9154B0393114B1693FFF750
:10C5A000FEB9C7F83861D0E54FF47F72FEF7A4BF3B
:10C5B000169B0E491C68204602F06AF80028CDD070
:10C5C000049800F0B5FA002800F0C080169B0749D7
:10C5D0001C68204602F05CF80028BFD1E7E500BFE8
:10C5E00070200220A4707D3F3333733F000080BF72
:10C5F000DBF8380102F094F80BEB8003DBF898507D
:10C60000D3F838712946384602F056F800283FF42E
:10C6100021AF2946384601F09DFD0F9901F058FFE2
:10C620000646DBF8B80000F083FA002840F0EA8004
:10C63000DBF8B850DBF864100F9801F049FF0446AE
:10C640003046214601F090FE034621461C464FF03D
:10C650007E5001F07FFD294601F086FE214601F063
:10C660007BFD0646DBF83801CBF8B86002F058F8DD
:10C670000BEB8003DBF89850D3F83871EAE600231F
:10C6800003936D4B1693FFF78AB928466B4902F066
:10C6900027F800283FF413A89C9800F049FA0028D6
:10C6A0007FF40DA89C99049801F012FF4FF07E5181
:10C6B0002CF010F862492CF030F86249054602F07F
:10C6C0000FF800283EF4FBAF4FF07E51284601F0F2
:10C6D00041FD5C4901F0FCFE014601F03DFD4FF0DB
:10C6E0007E5101F039FD002C80467EF7E8AF0B9BB0
:10C6F0001D4603EB84062868414601F035FE45F8E7
:10C70000040BAE42F7D1FEF7DABF3146284601F0FE
:10C71000DFFE1390FFF70DB8C7F838610DE62CABBC
:10C720001293FEF793BF29AB0B93FEF7BCBE00211B
:10C73000049801F0B7FF00283FF426AF1DE730460C
:10C7400000F0F6F988B1DBF89850A4E600210498CF
:10C7500001F0A8FF00283FF42AAD049800F0E8F9A2
:10C7600000283FF411AF384CFEE62146304601F078
:10C77000AFFE2BF04AFFDBF8741001F0A7FF002892
:10C7800044D001238BF8A030DDE7214605F10040BD
:10C7900001F09EFE0646DBF8B40000F0C9F978BB54
:10C7A000DBF8B450DBF860100F9801F091FE0446FE
:10C7B0003046214601F0D8FD034621461C464FF085
:10C7C0007E5001F0C7FC294601F0CEFD214601F064
:10C7D000C3FC0021044601F065FFA8B92346CBF84D
:10C7E0008C30DBF83801CBF8B44001F099FF0BEB4B
:10C7F0008003DBF89850D3F8387130E50024ADE6BB
:10C800003546CFE7354615E70023E8E731462046B1
:10C8100001F05EFE2BF0F9FEDBF8741001F056FF1C
:10C820000028AED18FE7DBF8380101F079FF0BEB80
:10C830008003D3F83851EEE5702002203333733F84
:10C840000000204100004040000080BFF8B50446D1
:10C85000006800F06DF950B1606800F069F900B34C
:10C86000A06800F065F9C8B9A5682846F8BD022699
:10C870002568043C54F826702946384601F012FF1A
:10C8800050B9022E06D1E4682846214601F028FF5F
:10C8900000B125462846F8BD3D46F2E72568284602
:10C8A000F8BD03266568E4E7F8B50446006800F0C3
:10C8B0003FF950B1606800F03BF900B3A06800F0A8
:10C8C00037F9C8B9A5682846F8BD02262568043C92
:10C8D00054F826702946384601F002FF50B9022E5E
:10C8E00006D1E4682846214601F0DCFE00B1254669
:10C8F0002846F8BD3D46F2E725682846F8BD0326E0
:10C900006568E4E72DE9F843022905460E46174617
:10C91000046815DC01290ED001F18043013B50F879
:10C9200023902146484601F0BDFE002846D03E60D7
:10C930004846BDE8F883A14639604846BDE8F8831B
:10C94000204600F0F5F8E8B9012302243B60D5F851
:10C95000009004F10048A8F1020805EB8808043DA6
:10C9600005EB860558F8046F4946304601F09AFEFB
:10C9700008B1B1463C60A84504F10104F2D1484633
:10C98000BDE8F8830023022405F104083B60C1469A
:10C99000D9F8000000F0CCF808F10408234601346F
:10C9A00008B93B601CE0A642F1DA3C688CB901236F
:10C9B000D5F800903B604846BDE8F883204600F07B
:10C9C000B7F80028F3D0484600F0B2F80028AED0FF
:10C9D000EDE704F1804909F1FF3905EB89090134DC
:10C9E000A642D9F80090B4DAA2E700BF2DE9F04FD3
:10C9F000012A8BB015461F46019033D0002A27DD4F
:10CA000000240E1F0DF10C0A0DF11C0B0DF1100985
:10CA100004F1010856F8040F0AF8018B4BF82400C2
:10CA20002BF0F3FD454549F824004446F0D1049E1F
:10CA3000059C3146204601F053FEE8B9032D60D134
:10CA40003146069801F04CFE00285AD002231DE022
:10CA500007982BF0DAFD0123149AC2E900350BB0D8
:10CA6000BDE8F08F149B1A605A60096801F030FD30
:10CA700038600BB0BDE8F08F032D44D120460699F5
:10CA800001F010FE002814BF022301230AAA02EBC2
:10CA9000830228336B4413F81C3C52F80C6C8DF85D
:10CAA0000C3030462BF0B1FD0446284601F008FC5E
:10CAB000184901F059FC214601F056FC214601F0CD
:10CAC00005FEAC0022460021F8B948462BF0EDFBEC
:10CAD00031469DF90C600AAB0198013E03EB8606D6
:10CAE00001F0F6FC46F8180C149B22465D60012309
:10CAF000149C4946384623602BF0B1FB0BB0BDE8CF
:10CB0000F08F079ECDE70123C0E748462BF0CDFB11
:10CB1000EAE700BF0000A0350B6843654B688365FA
:10CB20000B7A80F8B0304B7A80F8FC30704700BF49
:10CB300008B500F06BFF02460B4601F059FA0038C9
:10CB400018BF012008BD00BF2DE9F04F8DB0DDF802
:10CB500058A0189CDAF8E860019226608C4EDAF84A
:10CB6000E470326800931A9B6760A260E2601A600A
:10CB700032681B9B80461A60DAF8E0201C9B0F4647
:10CB80001A60BAF82C31179D0293FFF7D1FF38B124
:10CB90003268199BCAF8C8201A600DB0BDE8F08F42
:10CBA0009AF80820DAF80490012A0CD04946384651
:10CBB00001F078FD38B9DAF800903946484601F0BE
:10CBC00071FD00B9B94605F5497B5846FFF76CFE83
:10CBD000014648462BF0A1FD81465846FFF736FE38
:10CBE000014648462BF076FD8146D5F82403494698
:10CBF00001F04EFD0246003A18BF01224946D5F821
:10CC000028038DF8142001F043FD0246003A18BFB6
:10CC100001224946D5F82C038DF8152001F038FD86
:10CC20000246003A18BF012206A905A88DF8162071
:10CC3000FDF7CEFE002869D00FDD06A90DF1240C0A
:10CC400001EB800051F8043B03F26B5305EB8303C7
:10CC50005B6888424CF8043BF4D1DAF8C800FFF76F
:10CC600067FF40B1DAF89C50DAF8CC10284601F0A2
:10CC700019FD002853D1DAF8C800FFF759FF002842
:10CC800056D0DAF8C800FFF753FF002837D19AF8DA
:10CC9000BC209AF81C51009B12BB002B2FD04FF0E8
:10CCA0007E50DAF8C01001F055FA00220546104611
:10CCB000294601F00BFD30B94FF07E51019801F08B
:10CCC0000FFD002868D000213268199BCAF8C820DF
:10CCD000CAF8C0208AF8BC101A600DB0BDE8F08F09
:10CCE000002BDCD14046002101F0F0FC002843D1AC
:10CCF0002DB14046002101F0E9FC00283ED1DAF8D0
:10CD0000C830199A13600DB0BDE8F08F05F5AD512C
:10CD10004A4658461431FEF7EDFA09909DE7002087
:10CD2000CAF8C050CAF8C800FFF702FF0028A8D10F
:10CD3000DAF89C10DAF8C0002BF0EFFC0021CAF8FA
:10CD4000C000404601F0AEFC00289AD09AF8BC2002
:10CD500012B901228AF8BC2040462BF056FC0199FA
:10CD600001F002FB0B4901F0B3FBDAF8C81001F047
:10CD7000F3F9CAF8C80086E7002DA4D0DAF8C0108D
:10CD8000DAF89C0001F0E6F9DAF8202105468EE792
:10CD900070200220000061453846A44901F082FC61
:10CDA000002890D13846A24901F09AFC814600281B
:10CDB00089D1DAF8C8009F4901F0D6FA294601F076
:10CDC00087FB1A9B9C49186001F0CEFA99490746E7
:10CDD000099801F0C9FA0146384601F079FB01468D
:10CDE00093482BF077FC014694482BF096FCDFF833
:10CDF00048821A9B41460746186801F0B5FADAF8EE
:10CE0000281101F065FB014689482BF063FC0146BF
:10CE100040462BF082FC8346BAF82C0101F050FA10
:10CE2000DAF80C1101F052FC00283ED02946DAF85D
:10CE3000100101F041FC002837D0DAF8DC30DAF8D4
:10CE400018111846019301F02DFC70B3019B384670
:10CE5000194601F07FF9DAF8141101F037FC20B31C
:10CE60009AF8FC20CAF8DC80CAF8E080AAF8D090D2
:10CE7000AAF82C915AB100226F49AAF82C21CAF8BD
:10CE8000DC10CAF8E010AAF8D0208AF8FC200021B3
:10CE90003268199BCAF8C820CAF8C0208AF8BC10AA
:10CEA0001A6033681A9A136077E69AF8FC20002A11
:10CEB000E1D1BAF8D020002AE9D0284660492BF009
:10CEC00009FC4FF07E512BF028FC014601F04CFA92
:10CED0000546DAF8F400294601F0FAFA29468146B7
:10CEE000DAF8F80001F0F4FA009B05465BB9DAF8CD
:10CEF00024814846414601F037FA4146814628469A
:10CF000001F032FA0546DAF8EC10DAF8E40001F044
:10CF100023F980464846414601F01EF90146404645
:10CF200001F0D6FA0246DAF8DC9038464946174650
:10CF3000009201F00FF93946039001F015FA4946C5
:10CF400001F00AF907460298CAF8DC7001F0B8F956
:10CF5000DAF8003102901946019301F0B7FB00287E
:10CF60007ED00398DAF8141101F09CFB002869D1F7
:10CF700000994FF07E5001F0EDF8414601F0F4F9D0
:10CF8000DAF8E810CAF8E400DAF8F00001F0E4F8A2
:10CF9000024628461146154601F0DEF801462846AD
:10CFA00001F096FADAF8E08007464146584601F06B
:10CFB000D1F83946814601F0D7F9414601F0CCF865
:10CFC0008346CAF8E0004946DAF8140101F088FB0C
:10CFD000002878D139464FF07E5001F0BBF8294641
:10CFE00001F0C2F90021DAF8DC201B9BCAF8E80046
:10CFF0001A60DAF8E0201C9B1A601A9B1A688AF8FB
:10D00000BC10CAF8C4203268009BCAF8C820CAF80D
:10D01000C020DAF8E8202260DAF8E420A360626039
:10D02000E760DAF8C830199A1360B6E50000A0404E
:10D030000000484200007A440000C8420000F0426C
:10D04000CDCC4C3DDAF80411484601F085F8014694
:10D0500038462BF062FBDAF80031CAF8DC000193A5
:10D0600000994FF07E5001F075F8414601F07CF9CF
:10D07000DAF8F010CAF8E400DAF8E80001F06CF829
:10D08000024628461146154601F066F80146284634
:10D0900001F01EFADAF8E08007464146584601F0F2
:10D0A00059F83946814601F05FF9414601F054F8DC
:10D0B000034601990298CAF8E0309B4601F006FB4E
:10D0C000002887D07FE7DAF80811404601F044F8DD
:10D0D000014658462BF021FBCAF8E0007AE700BF72
:10D0E000F8B50021074615461C46069E01F0DAFAFF
:10D0F00060B954B1B6F8D0300133B3F5803F0CBFFE
:10D100004FF6FF739BB2A6F8D030F8BD38462BF02F
:10D110007CFA294601F028F9124901F0D9F912499F
:10D1200001F022F9D6F8301101F016F8D6F828717E
:10D13000C6F830013946054601F0C8FA0028D8D0B3
:10D14000B6F82C3139460133B3F5803F0CBF4FF6AA
:10D15000FF739BB22846A6F82C3100F0FBFFC6F8FF
:10D160003001C6E70000614500007A444FF0FF320D
:10D1700010B40E4C00EB020C00F263101CF8013FDF
:10D1800083EA020101F00F0154F82110604581EAA1
:10D19000121282EA131303F00F0354F8233083EAC8
:10D1A0001212EBD1D04310BC704700BF28D70B0040
:10D1B00000207047A8B10C4B1B688B4211D810B5EA
:10D1C00003780446012B09D1FFF7D0FFD4F864316E
:10D1D00083420CBF00206FF0080010BD6FF0080004
:10D1E00010BD6FF01500704724D70B00002800F029
:10D1F000A6802DE9F041C36804460E46B0B0002B6E
:10D200002DD0504D1422002128462BF04EF84FF01F
:10D210007E526A60AA6000224B4B2A70EB602B6141
:10D220006369002B00F08680A169484AE0691160BB
:10D23000474A1360C8B1216AFFF7BCFF10B130B094
:10D24000BDE8F081434D4FF4B4722846E1692BF0FC
:10D2500006F8E368002B69D0C5F8603166E0C36961
:10D26000002BCED16FF01500E9E73A4D01464FF49F
:10D27000B47228462BF019F8A822374906A82AF0DC
:10D28000EEFFE768C5F860712569002D40D06B6A34
:10D290001A93AB6A1B93EB6A1C932B6B1D932B6940
:10D2A000219322936B6B2D93AB6B2E936B682B9317
:10D2B000AB682C932B7B002B3FD02849686901F089
:10D2C00007F92F90AB6CD5F818800693EB6C4146AC
:10D2D0004046079301F00EFA08B9CDF88C80AB8B6D
:10D2E000ADF890302B6A25936B6F2A93AA6FE96F84
:10D2F0006B7B20911F928DF878306B6E2693AB6E0E
:10D3000027932B6F2993EB6E28932A78144B1A706E
:10D31000144905AA02920097A268019161682068E9
:10D3200006ABFDF72FFC0EB1059B3360002030B03B
:10D33000BDE8F08119460C4B77E70348C1E76FF071
:10D3400015007047205E02200000C07F185E02209A
:10D350001C5E0220345E022068D70B000000C84229
:10D3600085200220385E0220B1D108002DE9F04F5F
:10D3700000250C4691469E499E4ADFF87CB2CBB010
:10D380001E911F91099001219A46CDE91C55DBF8A9
:10D3900000301068559E98470A90002840F024817C
:10D3A000AC42964D80F29280954BEF681B683946EF
:10D3B0001593944B38461B68169301F09BF910B9EE
:10D3C0002B78022B04D02046696800F0CDFF074679
:10D3D00000238D4ADFF83482127840468DF85C20B5
:10D3E000AA7815A98DF85D20AB70FFF795FBCDF8F5
:10D3F00004802B6939460093D8F85C310998029370
:10D4000018AB05930FAB04930EAB03934A465346F8
:10D41000FDF7E0FFD8F8CC10A8F10404084601F0AD
:10D4200069F9002840F0DC801CAB0293CDF8008045
:10D430002B78D4F86021A3F10503B3FA83F30192AA
:10D4400012AA069211AA059210AA049213AA49469A
:10D4500038465B0903925246FFF776FBCDF8008011
:10D460002B785246A3F10503B3FA83F349463846B5
:10D470005B09FFF735FE2B78052B37D064490E98F2
:10D4800000F072FF549B1860B6B1189BF7603360D0
:10D49000199B73601B9BB360549B1B683361D4F86A
:10D4A000E0307361B4F830313383D4F83431F36150
:10D4B0001E9B33621F9B73624E4A0021DBF80030D3
:10D4C000106898470A984BB0BDE8F08F6B78002B36
:10D4D0007FF46AAF4F4B20461B68A96815934E4BEB
:10D4E0001B68169300F040FF074671E7A8224B49DE
:10D4F00020A82AF0B4FE636E00213493A36E4FF48B
:10D50000AE723593E36E41483693236F3793E36FE2
:10D510004793D4F880304893636F4593A36F469345
:10D52000D4F8D0304993D4F8E0303B93D4F8E430C9
:10D530003C93B4F83031ADF8F830D4F834313F933F
:10D54000D4F82C313D93D4F8D8302093D4F8DC3083
:10D550002193D4F81831D4F8A0A0449394F8203142
:10D560008DF8E030D4F824313993D4F828313A9347
:10D57000D4F810314093D4F804314193D4F80831F1
:10D580004293D4F80C314393B4F8D4300B93D4F8CD
:10D59000E8300C93D4F8EC300D932AF086FECDF8E9
:10D5A0000480D4F860C1002FCDF800C00DF1500CFC
:10D5B00020ABACBF394600214A460998CDF808C0D7
:10D5C000FDF7E0FA0B9BC4F8A0A0A4F8D4300C9BA4
:10D5D000C4F8E8300D9BC4F8EC3000232B704DE705
:10D5E000034B1193129346E76FF02D030A9369E7FB
:10D5F0000000C07F185E02201C5E0220205E022018
:10D60000782002207420022085200220385E02202B
:10D610000000C842802002207C20022068D70B0036
:10D620002DE9F041444FDFF8148106460D46D8F845
:10D630000020012138689047002879D10446072E40
:10D6400009D8DFE806F0161A041E32465C1215B13E
:10D650002B78052B69D96FF015040021D8F800301C
:10D66000386898472046BDE8F0810122344B9A7013
:10D67000F3E70122324B5A70EFE70022304B5A7029
:10D68000EBE7002DE7D02D682946284601F032F857
:10D690000028E0D1002DDEDB0021284600F0F8FF55
:10D6A0000028D8D1264B5D60D7E7002DD3D02D6858
:10D6B0002946284601F01EF80028CCD1002DCADBEF
:10D6C0000021284600F0E4FF0028C4D11C4B9D60D7
:10D6D000C3E7002DBFD02D682946284601F00AF87F
:10D6E0000028B8D10021284600F0D2FF0028B2D18E
:10D6F000134B002DA8BF05F10045DD60ADE7002DFF
:10D70000A9D02D682946284600F0F4FF0028A2D1B0
:10D710000021284600F0BCFF00289CD1084B002DBA
:10D72000A8BF05F100451D6197E7054A137094E70E
:10D730006FF02D0496E700BF185E02201C5E0220E9
:10D74000205E022081F0004102E000BF83F0004330
:10D7500030B54FEA41044FEA430594EA050F08BF8C
:10D7600090EA020F1FBF54EA000C55EA020C7FEA50
:10D77000645C7FEA655C00F0E2804FEA5454D4EBCD
:10D780005555B8BF6D420CDD2C4480EA020281EA97
:10D79000030382EA000083EA010180EA020281EACF
:10D7A0000303362D88BF30BD11F0004F4FEA013121
:10D7B0004FF4801C4CEA113102D0404261EB410130
:10D7C00013F0004F4FEA03334CEA133302D05242B6
:10D7D00063EB430394EA050F00F0A780A4F1010472
:10D7E000D5F1200E0DDB02FA0EFC22FA05F28018AC
:10D7F00041F1000103FA0EF2801843FA05F3594192
:10D800000EE0A5F120050EF1200E012A03FA0EFC10
:10D8100028BF4CF0020C43FA05F3C01851EBE3713A
:10D8200001F0004507D54FF0000EDCF1000C7EEB57
:10D8300000006EEB0101B1F5801F1BD3B1F5001F95
:10D840000CD349085FEA30004FEA3C0C04F10104B4
:10D850004FEA445212F5800F80F09A80BCF1004FDD
:10D8600008BF5FEA500C50F1000041EB045141EA5F
:10D87000050130BD5FEA4C0C404141EB0101013C28
:10D8800028BFB1F5801FE9D291F0000F04BF014617
:10D890000020B1FA81F308BF2033A3F10B03B3F1E9
:10D8A00020020CDA0C3208DD02F1140CC2F10C0279
:10D8B00001FA0CF021FA02F10CE002F11402D8BFD7
:10D8C000C2F1200C01FA02F120FA0CFCDCBF41EAA3
:10D8D0000C019040E41AA2BF01EB0451294330BD72
:10D8E0006FEA04041F3C1CDA0C340EDC04F114044F
:10D8F000C4F1200220FA04F001FA02F340EA030026
:10D9000021FA04F345EA030130BDC4F10C04C4F16B
:10D91000200220FA02F001FA04F340EA030029464B
:10D9200030BD21FA04F0294630BD94F0000F83F495
:10D93000801306BF81F480110134013D4EE77FEA78
:10D94000645C18BF7FEA655C29D094EA050F08BFC4
:10D9500090EA020F05D054EA000C04BF19461046A5
:10D9600030BD91EA030F1EBF0021002030BD5FEAE9
:10D97000545C05D14000494128BF41F0004130BD11
:10D9800014F580043CBF01F5801130BD01F0004565
:10D9900045F0FE4141F470014FF0000030BD7FEAD8
:10D9A000645C1ABF194610467FEA655C1CBF0B46D3
:10D9B000024650EA013406BF52EA033591EA030FEA
:10D9C00041F4002130BD00BF90F0000F04BF0021E2
:10D9D000704730B54FF4806404F132044FF0000515
:10D9E0004FF0000150E700BF90F0000F04BF00218E
:10D9F000704730B54FF4806404F1320410F00045F4
:10DA000048BF40424FF000013EE700BF42004FEAEE
:10DA1000E2014FEA31014FEA02701FBF12F07F436B
:10DA200093F07F4F81F06051704732F07F4208BF22
:10DA3000704793F07F4F04BF41F40021704730B529
:10DA40004FF4607401F0004521F000411CE700BF75
:10DA500050EA010208BF704730B54FF000050AE0F8
:10DA600050EA010208BF704730B511F0004502D5F9
:10DA7000404261EB41014FF4806404F132045FEAFB
:10DA8000915C3FF4D8AE4FF003025FEADC0C18BFA4
:10DA900003325FEADC0C18BF033202EBDC02C2F196
:10DAA000200300FA03FC20FA02F001FA03FE40EA28
:10DAB0000E0021FA02F11444BDE600BF70B54FF02C
:10DAC000FF0C4CF4E06C1CEA11541DBF1CEA13550A
:10DAD00094EA0C0F95EA0C0F00F0DEF82C4481EA72
:10DAE000030621EA4C5123EA4C5350EA013518BF92
:10DAF00052EA033541F4801143F4801338D0A0FB7F
:10DB000002CE4FF00005E1FB02E506F00042E0FB2B
:10DB100003E54FF00006E1FB03569CF0000F18BF31
:10DB20004EF0010EA4F1FF04B6F5007F64F54074D9
:10DB300004D25FEA4E0E6D4146EB060642EAC6216C
:10DB400041EA55514FEAC52040EA5E504FEACE2ED9
:10DB5000B4F1FD0C88BFBCF5E06F1ED8BEF1004FDC
:10DB600008BF5FEA500E50F1000041EB045170BD58
:10DB700006F0004646EA010140EA020081EA03019C
:10DB8000B4EB5C04C2BFD4EB0C0541EA045170BD98
:10DB900041F480114FF0000E013C00F3AB8014F112
:10DBA000360FDEBF002001F0004170BDC4F100045B
:10DBB000203C35DA0C341BDC04F11404C4F12005DC
:10DBC00000FA05F320FA04F001FA05F240EA020037
:10DBD00001F0004221F0004110EBD37021FA04F66D
:10DBE00042EB06015EEA430E08BF20EAD37070BD27
:10DBF000C4F10C04C4F1200500FA04F320FA05F086
:10DC000001FA04F240EA020001F0004110EBD37087
:10DC100041F100015EEA430E08BF20EAD37070BDF7
:10DC2000C4F1200500FA05F24EEA020E20FA04F3D0
:10DC300001FA05F243EA020321FA04F001F000417F
:10DC400021FA04F220EA020000EBD3705EEA430EF0
:10DC500008BF20EAD37070BD94F0000F0FD101F01F
:10DC60000046400041EB010111F4801F08BF013C58
:10DC7000F7D041EA060195F0000F18BF704703F096
:10DC80000046520043EB030313F4801F08BF013D1D
:10DC9000F7D043EA0603704794EA0C0F0CEA1355D9
:10DCA00018BF95EA0C0F0CD050EA410618BF52EA93
:10DCB0004306D1D181EA030101F000414FF0000099
:10DCC00070BD50EA410606BF1046194652EA4306A7
:10DCD00019D094EA0C0F02D150EA013613D195EA1B
:10DCE0000C0F05D152EA03361CBF104619460AD163
:10DCF00081EA030101F0004141F0FE4141F470016D
:10DD00004FF0000070BD41F0FE4141F4780170BD5C
:10DD100070B54FF0FF0C4CF4E06C1CEA11541DBFC1
:10DD20001CEA135594EA0C0F95EA0C0F00F0A7F8C3
:10DD3000A4EB050481EA030E52EA03354FEA0131F0
:10DD400000F088804FEA03334FF0805545EA131303
:10DD500043EA12634FEA022245EA111545EA1065CB
:10DD60004FEA00260EF000419D4208BF964244F162
:10DD7000FD0404F5407402D25B084FEA3202B61A81
:10DD800065EB03055B084FEA32024FF480104FF455
:10DD9000002CB6EB020E75EB030E22BFB61A7546C9
:10DDA00040EA0C005B084FEA3202B6EB020E75EB5C
:10DDB000030E22BFB61A754640EA5C005B084FEAC4
:10DDC0003202B6EB020E75EB030E22BFB61A754691
:10DDD00040EA9C005B084FEA3202B6EB020E75EB9C
:10DDE000030E22BFB61A754640EADC0055EA060E5D
:10DDF00018D04FEA051545EA16754FEA06164FEAA0
:10DE0000C30343EA52734FEAC2025FEA1C1CC0D14B
:10DE100011F4801F0BD141EA00014FF000004FF0D8
:10DE2000004CB6E711F4801F04BF01430020B4F199
:10DE3000FD0C88BFBCF5E06F3FF6AFAEB5EB030C51
:10DE400004BFB6EB020C5FEA500C50F1000041EB4E
:10DE5000045170BD0EF0004E4EEA113114EB5C041B
:10DE6000C2BFD4EB0C0541EA045170BD41F48011EE
:10DE70004FF0000E013C90E645EA060E8DE60CEAF6
:10DE8000135594EA0C0F08BF95EA0C0F3FF43BAF13
:10DE900094EA0C0F0AD150EA01347FF434AF95EACA
:10DEA0000C0F7FF425AF104619462CE795EA0C0FAE
:10DEB00006D152EA03353FF4FDAE1046194622E77B
:10DEC00050EA410618BF52EA43067FF4C5AE50EA55
:10DED00041047FF40DAF52EA43057FF4EBAE12E745
:10DEE0004FF0FF3C06E000BF4FF0010C02E000BF26
:10DEF0004FF0010C4DF804CD4FEA410C7FEA6C5C09
:10DF00004FEA430C18BF7FEA6C5C1BD001B050EAAB
:10DF1000410C0CBF52EA430C91EA030F02BF90EA96
:10DF2000020F0020704710F1000F91EA030F58BF55
:10DF3000994208BF90422CBFD8176FEAE37040F0B7
:10DF4000010070474FEA410C7FEA6C5C02D150EA55
:10DF5000013C07D14FEA430C7FEA6C5CD6D152EA10
:10DF6000033CD3D05DF8040B704700BF84461046D5
:10DF700062468C461946634600E000BF01B5FFF7D4
:10DF8000B7FF002848BF10F1000F01BD4DF808EDA4
:10DF9000FFF7F4FF0CBF012000205DF808FB00BF75
:10DFA0004DF808EDFFF7EAFF34BF012000205DF8CF
:10DFB00008FB00BF4DF808EDFFF7E0FF94BF01201C
:10DFC00000205DF808FB00BF4DF808EDFFF7CEFF1D
:10DFD00094BF012000205DF808FB00BF4DF808ED5C
:10DFE000FFF7C4FF34BF012000205DF808FB00BF2D
:10DFF0004FEA410C7FEA6C5C02D150EA013C0AD145
:10E000004FEA430C7FEA6C5C02D152EA033C02D136
:10E010004FF0000070474FF0010070474FEA410297
:10E0200012F5001215D211D56FF47873B3EB62526A
:10E0300012D94FEAC12343F0004343EA505311F091
:10E04000004F23FA02F018BF404270474FF0000023
:10E05000704750EA013005D111F0004008BF6FF061
:10E06000004070474FF00000704700BF4A0011D2D7
:10E0700012F5001211D20DD56FF47873B3EB625222
:10E080000ED44FEAC12343F0004343EA505323FA2E
:10E0900002F070474FF00000704750EA013002D1A3
:10E0A0004FF0FF3070474FF0000070474FEA4102D9
:10E0B000B2F1E04324BFB3F5001CDCF1FE5C0DD9E6
:10E0C00001F0004C4FEAC0024CEA5070B2F1004F30
:10E0D00040EB830008BF20F00100704711F0804F33
:10E0E00021D113F13872BCBF01F00040704741F4F8
:10E0F00080114FEA5252C2F11802C2F1200C10FAFC
:10E100000CF320FA02F018BF40F001004FEAC123DF
:10E110004FEAD32303FA0CFC40EA0C0023FA02F383
:10E120004FEA4303CCE77FEA625307D150EA013359
:10E130001EBF4FF0FE4040F44000704701F0004029
:10E1400040F0FE4040F40000704700BF80F0004007
:10E1500002E000BF81F0004142001FBF5FEA4103BF
:10E1600092EA030F7FEA226C7FEA236C6AD04FEABF
:10E170001262D2EB1363C1BFD21841404840414004
:10E18000B8BF5B42192B88BF704710F0004F40F4B6
:10E19000000020F07F4018BF404211F0004F41F4D2
:10E1A000000121F07F4118BF494292EA030F3FD09E
:10E1B000A2F1010241FA03FC10EB0C00C3F12003B1
:10E1C00001FA03F100F0004302D5494260EB400040
:10E1D000B0F5000F13D3B0F1807F06D340084FEAAB
:10E1E000310102F10102FE2A51D2B1F1004F40EBA0
:10E1F000C25008BF20F0010040EA03007047490008
:10E2000040EB0000013A28BFB0F5000FEDD2B0FAA4
:10E2100080FCACF1080CB2EB0C0200FA0CF0AABFC7
:10E2200000EBC25052421843BCBFD0401843704765
:10E2300092F0000F81F4000106BF80F4000001326B
:10E24000013BB5E74FEA41037FEA226C18BF7FEA42
:10E25000236C21D092EA030F04D092F0000F08BF84
:10E260000846704790EA010F1CBF0020704712F06B
:10E270007F4F04D1400028BF40F00040704712F1AA
:10E2800000723CBF00F50000704700F0004343F00F
:10E29000FE4040F4000070477FEA226216BF084645
:10E2A0007FEA23630146420206BF5FEA412390EA08
:10E2B000010F40F4800070474FF0000304E000BFFE
:10E2C00010F0004348BF40425FEA000C08BF7047AF
:10E2D00043F0964301464FF000001CE050EA010273
:10E2E00008BF70474FF000030AE000BF50EA010288
:10E2F00008BF704711F0004302D5404261EB410175
:10E300005FEA010C02BF84460146002043F0B64399
:10E3100008BFA3F18053A3F50003BCFA8CF2083ABE
:10E32000A3EBC25310DB01FA02FC634400FA02FCC7
:10E33000C2F12002BCF1004F20FA02F243EB0200CE
:10E3400008BF20F00100704702F1200201FA02FC30
:10E35000C2F1200250EA4C0021FA02F243EB020023
:10E3600008BF20EADC7070474FF0FF0C1CEAD05267
:10E370001EBF1CEAD15392EA0C0F93EA0C0F6FD028
:10E380001A4480EA010C400218BF5FEA41211ED006
:10E390004FF0006343EA501043EA5111A0FB0131F2
:10E3A0000CF00040B1F5000F3EBF490041EAD371C7
:10E3B0005B0040EA010062F17F02FD2A1DD8B3F143
:10E3C000004F40EBC25008BF20F00100704790F0B2
:10E3D000000F0CF0004C08BF49024CEA502040EA04
:10E3E00051207F3AC2BFD2F1FF0340EAC2507047CA
:10E3F00040F400004FF00003013A5DDC12F1190F08
:10E40000DCBF00F000407047C2F10002410021FA79
:10E4100002F1C2F1200200FA02FC5FEA310040F191
:10E42000000053EA4C0308BF20EADC70704792F00A
:10E43000000F00F0004C02BF400010F4000F013A42
:10E44000F9D040EA0C0093F0000F01F0004C02BF3D
:10E45000490011F4000F013BF9D041EA0C018FE7AC
:10E460000CEAD15392EA0C0F18BF93EA0C0F0AD0B2
:10E4700030F0004C18BF31F0004CD8D180EA0100D8
:10E4800000F00040704790F0000F17BF90F0004F71
:10E49000084691F0000F91F0004F14D092EA0C0F53
:10E4A00001D142020FD193EA0C0F03D14B0218BFE6
:10E4B000084608D180EA010000F0004040F0FE402C
:10E4C00040F40000704740F0FE4040F440007047C8
:10E4D0004FF0FF0C1CEAD0521EBF1CEAD15392EA47
:10E4E0000C0F93EA0C0F69D0A2EB030280EA010C37
:10E4F00049024FEA402037D04FF0805343EA1111D0
:10E5000043EA10130CF000408B4238BF5B0042F12D
:10E510007D024FF4000C8B4224BF5B1A40EA0C00D2
:10E52000B3EB510F24BFA3EB510340EA5C00B3EB04
:10E53000910F24BFA3EB910340EA9C00B3EBD10FF2
:10E5400024BFA3EBD10340EADC001B0118BF5FEA44
:10E550001C1CE0D1FD2A3FF650AF8B4240EBC2506D
:10E5600008BF20F0010070470CF0004C4CEA50202E
:10E570007F32C2BFD2F1FF0340EAC250704740F47D
:10E5800000004FF00003013A37E792F0000F00F06F
:10E59000004C02BF400010F4000F013AF9D040EAED
:10E5A0000C0093F0000F01F0004C02BF490011F481
:10E5B000000F013BF9D041EA0C0195E70CEAD15379
:10E5C00092EA0C0F08D142027FF47DAF93EA0C0F60
:10E5D0007FF470AF084676E793EA0C0F04D14B0244
:10E5E0003FF44CAF08466EE730F0004C18BF31F0F6
:10E5F000004CCAD130F000427FF45CAF31F00043F0
:10E600007FF43CAF5FE700BF4FF0FF3C06E000BF88
:10E610004FF0010C02E000BF4FF0010C4DF804CDAB
:10E620004FEA40024FEA41037FEA226C18BF7FEABB
:10E63000236C11D001B052EA530C18BF90EA010FBD
:10E6400058BFB2EB030088BFC81738BF6FEAE1704C
:10E6500018BF40F0010070477FEA226C02D15FEAE8
:10E66000402C05D17FEA236CE4D15FEA412CE1D054
:10E670005DF8040B704700BF844608466146FFE71B
:10E680000FB5FFF7C9FF002848BF10F1000F0FBDFD
:10E690004DF808EDFFF7F4FF0CBF012000205DF8F6
:10E6A00008FB00BF4DF808EDFFF7EAFF34BF01207B
:10E6B00000205DF808FB00BF4DF808EDFFF7E0FF14
:10E6C00094BF012000205DF808FB00BF4DF808ED65
:10E6D000FFF7D2FF94BF012000205DF808FB00BFC8
:10E6E0004DF808EDFFF7C8FF34BF012000205DF8AA
:10E6F00008FB00BF4FEA40024FEA41037FEA226C69
:10E7000002D15FEA402C08D17FEA236C02D15FEA94
:10E71000412C02D14FF0000070474FF001007047CC
:10E720004FEA4002B2F1FE4F0FD34FF09E03B3EB1E
:10E7300012620DD94FEA002343F0004310F0004F5E
:10E7400023FA02F018BF404270474FF000007047B4
:10E7500012F1610F01D1420205D110F0004008BF53
:10E760006FF0004070474FF0000070477BB972B9FE
:10E770000029BEBF00204FF0004106E008BF00287E
:10E780001CBF6FF000414FF0FF3000F057B8ADF103
:10E79000080C6DE904CE002909DB002B1ADB00F020
:10E7A00069F8DDF804E0DDE9022304B07047404277
:10E7B00061EB4101002B1BDB00F05CF8DDF804E0AD
:10E7C000DDE9022304B0404261EB4101524263EBB8
:10E7D00043037047524263EB430300F04BF8DDF80C
:10E7E00004E0DDE9022304B0404261EB41017047DF
:10E7F000524263EB430300F03DF8DDF804E0DDE94D
:10E80000022304B0524263EB4303704753B94AB941
:10E81000002908BF00281CBF4FF0FF314FF0FF3028
:10E8200000F00CB8ADF1080C6DE904CE00F022F850
:10E83000DDF804E0DDE9022304B07047704700BF53
:10E8400010F8012B11F8013B012A28BF9A42F7D09A
:10E85000D01A7047034611F8012B03F8012B002A48
:10E86000F9D17047034613F8012B002AFBD1181A7F
:10E87000013870472DE9F0478C468E46089E1546B4
:10E8800004461946002B40F0D080724547D9B2FAB1
:10E8900082F74FB1C7F120030EFA07FCBD40BC4020
:10E8A00020FA03F343EA0C0C4FEA154EA8B2230CEE
:10E8B000BCFBFEF80EFB18CC08FB00F943EA0C4346
:10E8C000994528D9EB1808F1FF3204D2994502D9AD
:10E8D000A8F102022B44A3EB0903A4B2B3FBFEFC94
:10E8E0000EFB1C330CFB00F044EA0344A04214D995
:10E8F0002C190CF1FF3304D2A04202D9ACF102036F
:10E900002C44241A43EA02401EB1FC400023346028
:10E910007360BDE8F0874246DDE76346F1E7002A11
:10E9200079D0B2FA82F3002B3FD01946C1F120030F
:10E9300002FA01F500FA01F42EFA03F20EFA01FED2
:10E9400020FA03F3AFB243EA0E034FEA154EB2FBCF
:10E95000FEFC0EFB1C201A0C0CFB07F842EA0042DE
:10E9600090455AD9AA180CF1FF3004D2904502D92B
:10E97000ACF102002A44A2EB08029BB2B2FBFEFCFF
:10E980000EFB1C220CFB07F743EA02439F4246D9C9
:10E99000EB180CF1FF3204D29F4202D9ACF1020213
:10E9A0002B44DB1B42EA004202E0AEEB02030122F1
:10E9B0004FEA154EAFB2200CB3FBFEFC0EFB1C332E
:10E9C0000CFB07F840EA034398452AD9EB180CF1F1
:10E9D000FF3004D2984502D9ACF102002B44A3EBDE
:10E9E0000803A4B2B3FBFEFC0EFB1C330CFB07F7C1
:10E9F00044EA0344A74216D92C190CF1FF3304D280
:10EA0000A74202D9ACF102032C44E41B43EA0040C4
:10EA10000F46114678E71F2188E76046ABE762465C
:10EA2000BFE76046DBE76346EFE7734506D916B9F3
:10EA3000002108466DE7C6E9000EF9E7B3FA83F74F
:10EA400087B9734501D3824207D8841A6EEB03035A
:10EA500001209C461EB900215BE73846FAE7C6E96B
:10EA6000004CF8E7C7F1200CBB4000FA07F422FA8B
:10EA70000CF520FA0CF1BA401D432EFA0CF30EFAF5
:10EA800007FE4FEA154941EA0E011FFA85FEB3FB66
:10EA9000F9F809FB18300B0C08FB0EFA43EA0043A7
:10EAA0009A4540D9EB1808F1FF3004D29A4502D9B3
:10EAB000A8F102002B44A3EB0A0389B2B3FBF9F8D7
:10EAC00009FB183308FB0EFE41EA03418E452CD9A1
:10EAD000691808F1FF3304D28E4502D9A8F1020368
:10EAE000294443EA0040A1EB0E01A0FB02984145F6
:10EAF000CE46434602D306D14C4504D20138B9EB89
:10EB0000020E68EB0503002EA5D0B4EB0E0261EBFC
:10EB1000030101FA0CFC22FA07F3F9404CEA030363
:10EB2000C6E9003197E74046C5E74346D9E700000C
:10EB300030B54B49426985B08A4208D1037E012B2A
:10EB400002D1484909F05EFC002005B030BD4649BD
:10EB50008A4274D1037E002BF6D18DF8043040F642
:10EB600035420023414801A914F0A2FF0346B0B189
:10EB70003F480268540703D001213E4A21F08BFD33
:10EB800021F08BFD00213C4821F089FD3B4980228A
:10EB90003B4821F0C0FE8021384821F0B3FE01241B
:10EBA0000290039003A88DF8084001F09FFF02AD8A
:10EBB000034628B32E48026812F0060F03D0022144
:10EBC000304A21F068FD24A3D3E900232E481DF02C
:10EBD000CBFC031EB8DA26480268520703D0012195
:10EBE0002A4A21F058FD21F058FD0021224821F049
:10EBF00056FD2249C722224821F08DFEC721CBE7CE
:10EC0000002340F635422946214814F051FF0346BF
:10EC10000028D8D016480268510703D01D4A214663
:10EC200021F039FD21F039FD0021134821F037FD95
:10EC300012498D22124821F06EFE8D21ACE70C485E
:10EC4000036813F0060F3FF47FAF0221124A22F04F
:10EC500029F979E7AFF30080301A1E0100000000A7
:10EC6000AC9A0B0040A30B00989A0B00849A0B00FF
:10EC70002821022047D90B00B4C40400FBD80B00A4
:10EC80002FD90B006ED90B0030000220B1D90B0038
:10EC9000709A0B008DD90B00DED90B00000000002C
:10ECA000002307B540F635428DF804302048002394
:10ECB00001A914F0FDFE0346B0B11E4802685107D9
:10ECC00003D001211C4A21F0E6FC21F0E6FC0021E2
:10ECD0001A4821F0E4FC1A496A221A4821F01BFE66
:10ECE0006A21174821F00EFE0FA3D3E9002316482E
:10ECF0001DF03AFC031E14DA0E480268520703D0D6
:10ED00000121124A21F0C7FC21F0C7FC00210B4869
:10ED100021F0C5FC0A4970220A4821F0FCFD70214F
:10ED2000DFE703B05DF804FB389C1C000000000026
:10ED30005C9A0B002821022004DA0B00B4C4040002
:10ED4000FBD80B002FD90B00000002202ADA0B00A1
:10ED50002DE9F8430D46174698460646002853D03D
:10ED600032A3D3E900232A481CF064FB044660B1B7
:10ED70002848036813F0060F04D03C230221264ADA
:10ED800022F099F82046BDE8F88316F03BF9041EFE
:10ED900003DA1F4821F08FFCF4E70023DFF87C90B2
:10EDA000C9F8C856C9F8CC76C9F8D0360DB107B144
:10EDB0002B7033464FF48071194A1A4820F0F0F84E
:10EDC000FF2807D96FF015040023C9F8C83616F0DC
:10EDD00033F9DEE71349A1F1540023F0ABFC00281E
:10EDE000F0DB4146104823F0DBFC0F49A1F5B3608E
:10EDF00023F018FC04460028E6D199F8C030002B17
:10EE000018BF6FF00404DFE76FF01504BAE700BF26
:10EE1000EC2C02202C210220A1DD0B003826022040
:10EE20008CEF0B00EC2B0220D02B0220389C1C0016
:10EE300000000000000000002DE9F04704460F46E6
:10EE4000164688B029F030F94FF47A75A0FB050C0E
:10EE500047F6122205FB01C10023FFF7D7FC012F63
:10EE600080460D4607D102460B462046264922F031
:10EE70009FFA002011E0766824483146FFF7E0FC55
:10EE800070B131462248FFF7DBFC48B120463246DC
:10EE9000204922F0A9FA6FF0040008B0BDE8F0871D
:10EEA000404617A3D3E900232946FFF75FFC064637
:10EEB0000D4610461946184A0023FFF757FC8046B6
:10EEC0000F46104619464EF660220023FFF74EFC0F
:10EED00082468946104619464FF47A720023FFF79E
:10EEE00045FCCDE902A9CDE90623CDE9040132466E
:10EEF0002B462046CDE90087084922F059FAB8E7A9
:10EF0000005C26050000000078E90B0089E90B0091
:10EF10008CE90B0095E90B0080EE3600ADE90B00A3
:10EF20002DE9F04721F00042B34F88B00446BA42C1
:10EF30000D464FEAD17632D9B04FBA4212D9C1F359
:10EF400013030246034305D00B46FEF701FC0446BB
:10EF50000D4602E0002E40F01F812046294608B0F1
:10EF6000BDE8F0878EA3D3E90023FFF737F8074603
:10EF700028B1002008B0BDE8F04721F067BB8AA3A4
:10EF8000D3E9002320462946FFF70AF8002800F0BD
:10EF90008580384608B0BDE8F04729F08BBB984B18
:10EFA0009A4240F2A780974B9A4277D8964BF4004A
:10EFB00086F0010A03EBC603AAEB060AD3E9002395
:10EFC000FEF7C4FB914B804689462344D3E90034C5
:10EFD000CDE90034DDE9002340464946FEF7B6FBA3
:10EFE00004460D4622462B4620462946FEF766FD7E
:10EFF00006460F466EA3D3E90023FEF75FFD6EA31E
:10F00000D3E90023FEF7A2FB32463B46FEF756FD4E
:10F010006BA3D3E90023FEF79BFB32463B46FEF78A
:10F020004DFD69A3D3E90023FEF790FB32463B4632
:10F03000FEF744FD66A3D3E90023FEF789FB3246C1
:10F040003B46FEF73BFD02460B4620462946FEF7AF
:10F050007DFB02460B4606460F4620462946FEF734
:10F060002DFDCDE90201BAF1000F5AD100224FF077
:10F07000804330463946FEF769FB02460B46DDE920
:10F080000201FEF745FE22462B46FEF75FFB0246D5
:10F090000B4600205E49FEF759FB58E75D4B2046C2
:10F0A000294603EBC6064CA3D3E90023FEF706FD71
:10F0B000D6E90023FEF74CFBFEF7B0FF8246FEF7D1
:10F0C00093FC06460F4646A3D3E90023FEF7F6FC61
:10F0D00002460B4620462946FEF738FB8046894605
:10F0E0003046394640A3D3E90023FEF7E7FCCDE9DB
:10F0F00000016FE7484B9A420ED83DA3D3E90023A5
:10F10000FEF726FB0022424BFEF768FF38B10022D3
:10F110003F4B2046294618E74FF0000A62E7824637
:10F1200060E732463B4600204FF08041FEF70EFB81
:10F1300002460B46DDE90201FEF7EAFD02460B46F8
:10F14000DDE90001FEF702FB42464B46FEF7FEFA00
:10F1500002460B4600202E49FEF7F8FA0B460C46F5
:10F160006FF47F7102468A4508DBCDE90423DDE9AF
:10F17000042304EB0A5314461D46EEE60AF57A7A98
:10F18000CDE906230022DDE9060103EB0A514FF029
:10F19000B873FEF793FCDAE600240025DDE600BF35
:10F1A000EF39FAFE422E864051302DD5104987C0E6
:10F1B000D0A4BE726937663EF16BD2C541BDBB3E7D
:10F1C0002CDE25AF6A56113F93BDBE166CC1663F5B
:10F1D0003E5555555555C53FFE822B654715F73FA2
:10F1E0000000E0FE422EE63F763C7935EF39EA3DFD
:10F1F0009C7500883CE4377E412E8640FFFFEF7F00
:10F20000422ED63FB1A2F03F20A30B0010A30B006B
:10F210000000F03F30A30B00FFFFEF3D00000000B7
:10F2200030F0004201462DE9F84F034604D1012099
:10F23000BDE8F84F21F01EBA002803DABDE8F84F08
:10F2400021F020BAB0F1FF4F03DBFEF785FFBDE8E8
:10F25000F88FB0F5000F35DA4FF09841FFF784F8DA
:10F260006FF018020346C3F31604DE15764B4FF019
:10F270007E517F3E2344164403F4000006EBD35630
:10F2800080F07E502043FEF765FF04F10F026F4BC4
:10F2900005461340002B3ED10021FFF7F9F998B144
:10F2A000002E00F0C8803046FFF70AF8684905468E
:10F2B000FFF75AF8044667492846FFF755F8014614
:10F2C0002046C2E70022CEE75DA1D1E90001FEF7AA
:10F2D000EDFE2946FFF748F801464FF07C50FEF757
:10F2E00039FF044629462846FFF73EF801462046E6
:10F2F000FFF73AF804460EB921466FE03046FEF7B4
:10F30000DFFF07465249FFF72FF8524906463846B5
:10F31000FFF72AF872E04FF08041DFF83CB1FEF7CA
:10F320001BFF01462846A344FFF7D2F8814630462A
:10F33000FEF7C6FF494680464846FFF715F80146E6
:10F340008246FFF711F845490746FFF70DF8444993
:10F35000FEF702FF3946FFF707F84249FEF7FCFEC9
:10F360003946FFF701F84049FEF7F6FE5146FEF731
:10F37000FBFF3E4982463846FEF7F6FF3C49FEF762
:10F38000EBFE3946FEF7F0FF3A49FEF7E5FE394657
:10F39000FEF7EAFF01465046FEF7DEFEC4F55713BE
:10F3A000074603F5227343EA0B03002B30DD4FF0D1
:10F3B0007C512846FEF7D8FF2946FEF7D5FF0146C7
:10F3C00004463846FEF7C8FE4946FEF7CDFF07461D
:10F3D00046B901462046FEF7BDFE01462846FEF727
:10F3E000B9FE34E71A494046FEF7BEFF1949064602
:10F3F0004046FEF7B9FF3946FEF7AEFE014620460D
:10F40000FEF7A8FE2946FEF7A5FE01463046E6E7D0
:10F4100001462846FEF79EFE4946FEF7A5FF044634
:10F42000002E3FF469AF0A494046FEF79DFF0949A7
:10F43000064640466CE7002009E700BFAFF30080B6
:10F44000555555555555D53F20FB4A00F0FF7F00D7
:10F450008071313FD1F71737305CCFFF9788173E67
:10F4600025333A3E2549923EABAA2A3F4FD01C3E57
:10F47000298E633ECDCCCC3E01481DF07BB800BF49
:10F480003000022008B5064A4169914205D1037E49
:10F49000022B02D1034908F0B5FF002008BD00BFD0
:10F4A000AC9A0B0054A30B00002307B540F635427D
:10F4B0008DF804301048002301A914F0F9FA03462E
:10F4C000B0B10E480268520703D001210C4A21F066
:10F4D000E2F821F0E2F800210A4821F0E0F80A49B8
:10F4E0000A485B2221F017FA5B21074821F00AFA4B
:10F4F00003B05DF804FB00BF989A0B00282102209E
:10F50000D8D80B00B4C40400FBD80B002FD90B00D3
:10F51000F8B5164D04462B6808465B0700AF16D0B9
:10F5200028F019FD6E468AB06A46114B0790CDE966
:10F53000053440F20133ADF820300E4B42F8103F55
:10F5400000234FF41151284603F0DEFDB54621F0AB
:10F55000A4F80021084821F0A2F808490848DC2254
:10F5600021F0D9F9DC21054821F0CCF9282102202D
:10F5700054DA0B0004000001B4C40400FBD80B00F3
:10F580002FD90B0010B5154C236803F00703022B8D
:10F5900004D903212046124A21F084FC0023114A99
:10F5A00011481CF0E1FF031E16DA2268520704D04E
:10F5B00001210E4A094821F06EF821F06EF8002171
:10F5C0000B4821F06CF80B490B48AE2221F0A3F94F
:10F5D000AE21084821F096F910BD00BF2821022075
:10F5E00083DA0B005A62020030000220B1D90B000E
:10F5F000B4C40400FBD80B002FD90B00D3B563486B
:10F6000004F09EFC00270346614EA8B161480268E1
:10F61000520703D00121604A21F03DF821F03DF866
:10F6200000215B4821F03BF85C49ED225C4821F069
:10F6300072F9ED2159480BE05A4B1B7853B95A49DE
:10F64000574840F2463221F066F940F246315648BA
:10F6500021F058F908F034F9544B55491A585548D7
:10F6600004F0DCFC041E15DA4A4803685F0704D086
:10F6700001212346504A21F00EF821F00EF8002116
:10F68000434821F00CF84549F422454821F043F95C
:10F69000F421CFE70023002248481CF065FF031E39
:10F6A00014DA3C480268560703D00121444A20F08E
:10F6B000F2FF20F0F2FF0021354820F0F0FF37493B
:10F6C000FC22374821F027F9FC21B3E73D493E48A9
:10F6D00022F025FE204604F071FC0346B0B12D480F
:10F6E0000268540703D00121384A20F0D4FF20F0EB
:10F6F000D4FF0021264820F0D2FF284940F207120B
:10F70000274821F008F940F2071193E7304ACDE984
:10F7100000673048111F14F031FA10F1230F03462F
:10F72000D8D0B0B11B480268510703D001212A4A42
:10F7300020F0B1FF20F0B1FF0021154820F0AFFF0D
:10F7400016494FF48972164821F0E5F84FF4897193
:10F7500070E71D4822F008FE03460028BAD00D4885
:10F760000268520703D001211C4A20F094FF20F0C8
:10F7700094FF0021064820F092FF084940F2191238
:10F78000074821F0C8F840F2191153E72C8B0B0001
:10F79000B4C40400282102208DDA0B00FBD80B0032
:10F7A0002FD90B00EE790220A6DA0B00080000002A
:10F7B00011F50800E0930400D1DA0B0000000220EC
:10F7C0002ADA0B0040A30B0078520220E9DA0B0082
:10F7D00090520220E49A0B0002DB0B001FDB0B00AF
:10F7E000002208B511460A230748FFF7B1FA02467E
:10F7F00040B1064803685B0704D0BDE808400449EF
:10F8000020F052BF08BD00BF38DB0B008C21022066
:10F810005BDB0B00DFB503225D495E4B08464B60A6
:10F820005D4B0027C1E9042311F034FB02225B4940
:10F830005B4B08464B605B4B5B4EC1E9042311F008
:10F8400029FB5A4B1B7853B959495A4840F2463262
:10F8500021F061F840F24631554821F053F808F0A4
:10F860002FF8554B55491A58554804F0D7FB041E3C
:10F8700015DA544803685F0703D05349224620F045
:10F8800013FF20F00FFF0021474820F012FF4F49DF
:10F89000DF22484821F03FF8DF214C48DDE74C49A2
:10F8A0004C4822F03CFD032340F635428DF80C30E5
:10F8B0004948002303A914F0FBF8024698B14148D7
:10F8C00003685E0702D0454920F0EEFE20F0EAFE14
:10F8D0000021354820F0EDFE3C49EA22354821F070
:10F8E0001AF8EA21D9E7204604F068FB024698B1ED
:10F8F000344803685C0702D0394920F0D5FE20F077
:10F90000D1FE0021284820F0D4FE3049F2222948B7
:10F9100021F001F8F221C0E7324ACDE90067111F5A
:10F92000314814F02BF910F1230F0246DBD098B1C7
:10F9300024480368590702D02C4920F0B5FE20F076
:10F94000B1FE0021184820F0B4FE2049FC221948DD
:10F9500020F0E1FFFC21A0E71E4822F005FD024651
:10F960000028C0D0174803685B0702D0204920F068
:10F970009BFE20F097FE00210B4820F09AFE1349D1
:10F980004FF481720B4820F0C6FF4FF4817184E779
:10F99000602502203DFC0800000050F048250220B0
:10F9A000C1FB0800000020D0B4C40400EE7902209E
:10F9B000A6DA0B002FD90B000800000009FB080095
:10F9C000E09304008C21022074DB0B0097DB0B001A
:10F9D00068A30B0094520220AC9A0B00DEDB0B00F4
:10F9E000E9DA0B00AC520220F09A0B0002DB0B00AC
:10F9F000F7DB0B00012008B513F094FE0246A8B116
:10FA00000B4803685B0702D00A4920F04DFE20F046
:10FA100049FE0021084820F04CFE08490848AE2263
:10FA200020F079FFAE21054820F06CFF08BD00BF33
:10FA30008C21022012DC0B00B4C4040097DB0B0005
:10FA40002FD90B0008B5037E012B05D0042B01D163
:10FA5000FFF7D0FF002008BD014908F0D3FCF9E70B
:10FA600068A30B00012008B513F04AFE0246A8B1B6
:10FA700017480368590702D0164920F015FE20F0F8
:10FA800011FE0021144820F014FE1449812214486C
:10FA900020F041FF8121114820F034FF012013F0B4
:10FAA00053FE024698B10A4803685B0702D00D492D
:10FAB00020F0FAFD20F0F6FD0021074820F0F9FDC6
:10FAC00006498722064820F026FF8721E3E708BD84
:10FAD0008C21022032DC0B00B4C4040097DB0B0045
:10FAE0002FD90B0050DC0B0008B5037E022B05D08C
:10FAF000032B01D1FFF7B6FF002008BD014908F034
:10FB000081FCF9E77CA30B00F8B5164D04462B6881
:10FB100008465B0700AF16D028F01DFA6E468AB083
:10FB20006A46114B0790CDE9053440F20133ADF838
:10FB300020300E4B42F8103F00234FF4115128465D
:10FB400003F0E2FAB54620F0ADFD0021084820F0B0
:10FB5000B0FD08490848C12220F0DDFEC12105485A
:10FB600020F0D0FE8C21022073DC0B000400000189
:10FB7000B4C4040097DB0B002FD90B0008B50B4869
:10FB800003685B0703D00121094A21F08BF920F0BB
:10FB900089FD0021074820F08CFD074907486A22AB
:10FBA00020F0B9FE6A21044820F0ACFE8C2102202E
:10FBB000A5DC0B00B4C4040097DB0B002FD90B00AD
:10FBC000044908B58B4208BF022A01D1FFF7D6FFCE
:10FBD00008BD00BF000020D007B5002340F6354225
:10FBE0008DF8040001A90F4813F062FF0246A8B186
:10FBF0000D4803685B0702D00C4920F055FD20F04A
:10FC000051FD00210A4820F054FD0A490A484922C2
:10FC100020F081FE4921074820F074FE03B05DF812
:10FC200004FB00BFAC9A0B008C210220DEDB0B0032
:10FC3000B4C4040097DB0B002FD90B0007498B429B
:10FC400008BF012A04D08B4208BF022A03D07047A4
:10FC50000220FFF7C1BF0120FBE700BF000050F00A
:10FC600037B5164C0D46D4F8C806B8B1D4F8CC1642
:10FC7000A1B19AB1012A2B6812D06A68104D002AEE
:10FC800008BF2A4600920F4A1FF08AF9002809DAB5
:10FC90000023D4F8C826C4F8D036137003B030BDA2
:10FCA000074AEFE7D4F8CC3683429ABF03F1FF331B
:10FCB000C4F8D036C4F8D006F0E700BF38260220DA
:10FCC00075EC0B00E7F60B00022A70B50E4629D141
:10FCD000154CD4F8C8362BB3D4F8CC1611B37068D1
:10FCE00028F048FB0546D4F8CC36D4F8D006AA1C38
:10FCF0001B1A9A4216D8D4F8C8362A467168184496
:10FD000028F0ADFAD4F8D03600211D446A1CC4F89E
:10FD1000D0260A22D4F8C8365A55D4F8C826D4F8C2
:10FD2000D036D15470BD00BF382602200448036885
:10FD300013F0060F03D00221024A21F0B3B8704736
:10FD40002C210220E1DC0B00012A38B50C461546B7
:10FD500011D9486878B10849FEF772FD58B9022DEB
:10FD600009D0A06838B10549FEF76AFD18B9BDE8A9
:10FD70003840FFF7DBBF38BD2DDD0B0036DD0B0053
:10FD80002DE9F8430D4617464AB30B683BB3154CB3
:10FD90004FF0FF324FF0FF3313481BF04BFB0026B0
:10FDA000A046D4F8D896B9F1000F12D02968D4F83B
:10FDB000D406FEF745FD60B90C2303FB06883946DF
:10FDC0002846D8F8DC26C847BDE8F843064820F0A6
:10FDD00072BC0136042E04F10C04E2D1F4E7BDE854
:10FDE000F88300BF382602203C2D02202DE9F04187
:10FDF0008CB02C22002101A828F057FA4FF4806320
:10FE0000ADF80C304C4B4D4C04934D4B01250693F3
:10FE100004F58063089308234FF00208ADF82430FE
:10FE2000484B02948DF814508DF81C500A93ADF88D
:10FE30002C8004F2745027F0DCFF04F2C450A4F5C7
:10FE4000A07427F0D6FF204601A908F03BFE064625
:10FE5000C8B13D4803685B0704D03C4A3346294695
:10FE600021F029F802F01CFF002139481DF03CFC6C
:10FE70003849394840F2131220F04DFD40F2131179
:10FE8000344820F03FFD04F5AE6022F023FC3349F6
:10FE900004F5AE6022F022FC304904F5AE6022F099
:10FEA0002EFC04F5AE602E4922F03AFC294604F5FA
:10FEB000AE6022F037FC314604F5AE6022F034FC2F
:10FEC00004F2845022F006FC264904F2845022F009
:10FED00005FC224904F2845022F011FC314604F260
:10FEE000845022F01FFC04F5AC67314604F28450C4
:10FEF00022F01AFC384622F019FC424604F5AE61A5
:10FF0000384622F028FC184B2046C4F89835174B89
:10FF1000C4F89C75C4F8A4350323A4F8A8351E239F
:10FF2000A4F8A055C4F8AC65C4F8B03515F042F893
:10FF300030460CB0BDE8F0813BDD0B007827022095
:10FF400074EC0B00CCA30B002C2102203DDD0B0038
:10FF5000B4C4040058DD0B002FD90B0075EC0B0066
:10FF6000C9FC080065480C0023530C0090A30B004B
:10FF70002DE9F84388469146074638B331B3154E0C
:10FF80004FF0FF334FF0FF3213481BF053FA0025B8
:10FF90003346D6F8D84674B90C2202FB05330E4816
:10FFA000C3F8D476C3F8D886C3F8DC9620F083FB78
:10FFB0002046BDE8F8830135042D06F10C06E8D192
:10FFC000054820F078FB6FF00B00F2E76FF01500AA
:10FFD000EFE700BF382602203C2D0220F8B5164D71
:10FFE00004462B6808465B0700AF16D027F0B3FF26
:10FFF0006E468AB06A46114B0790CDE9053440F24F
:020000040009F1
:100000000133ADF820300E4B42F8103F00234FF47F
:100010001151284603F078F8B54602F041FE002160
:10002000084820F04AFB084908484C2220F073FC9D
:100030004C21054820F066FC0421022006DE0B005E
:1000400004000001B4C4040036DE0B002FD90B00FD
:100050002DE9F0474FF00009DFF858819EB0564B6C
:100060001B7853B95549564840F2463220F053FCAC
:1000700040F24631514820F045FC07F021FC514B3D
:1000800051491A58514803F0C9FF061E1ADB504D5A
:10009000304603F093FF034658B34D4802685207B9
:1000A00003D001214B4A20F006FF02F0F9FD0021A8
:1000B000494820F002FB49496522414820F02BFCC9
:1000C000652114E042480368590704D001213346F2
:1000D000434A20F0F0FE02F0E3FD00213E4820F00C
:1000E000ECFA3E495E22364820F015FC5E213B4882
:1000F000C1E7CDE900893B4804AA03A913F03EFDFE
:1001000010F1230F0446C3D0A8B1314803685B0740
:1001100004D001212346344A20F0CDFE02F0C0FD78
:1001200000212D4820F0C9FA2C496E22244820F0E5
:10013000F2FB6E21DBE72D4B039A9A4230D19DF8FA
:1001400010A0BAF1010FA3D1059F60213B46284AB8
:1001500006A81EF025FF1E232246214606A8FEF70C
:10016000F7FD2A68034602F0070278B122B1214A5E
:100170005146174820F09FFE2B6813F0060F87D0DA
:1001800002211D4A124820F08DFE81E7022A7FF6E7
:100190007FAF03213B462846184A20F08CFE77E7C4
:1001A0002B6813F0060F3FF473AF02212846144A60
:1001B000E9E700BF68890900EE790220A6DA0B00A2
:1001C0002FD90B0008000000DDFF0800C0D401009B
:1001D00004210220E9DA0B00B4C4040036DE0B006F
:1001E000D1DA0B00CC9A0B0002DB0B00709A0B00EB
:1001F00079DE0B00C2DE0B00FCDE0B00DADE0B004A
:100200002ADF0B00022970B50546144606D01749AF
:1002100021F0EAF86FF01504204670BD144E1E233D
:1002200060684FF480623146FEF792FD33780446F1
:1002300023B1324628460F4921F0BAF8631C0ED08C
:1002400044B114F1100F0FD0224628460A4921F07C
:10025000CBF8E1E72846094921F0AAF8DCE708498C
:10026000284621F0C1F8D7E70649F9E75CDF0B0023
:10027000B35F02204A2B0C009FDF0B0079DF0B00DD
:100280007DDF0B0091DF0B00F8B5164D04462B689F
:1002900008465B0700AF16D027F05DFE6E468AB0B9
:1002A0006A46114B0790CDE9053440F20133ADF8B1
:1002B00020300E4B42F8103F00234FF411512846D6
:1002C00002F022FFB54620F0FAF90021084820F09C
:1002D000F8F9084908486D2220F01DFB6D210548FA
:1002E00020F010FB1C210220ECDF0B0004000001B9
:1002F000B4C404001FE00B002FD90B002DE9F0431C
:10030000042983B000AF48D94568002D3DD02B7833
:100310002B3BDBB20E2B38D847F6E57222FA03F3FB
:10032000DB0732D5234B1B6803F00703022B2CD9C4
:10033000D0E902980469204627F0BFFF022828D0A0
:10034000042828D01C4B012808BF1C466E468CB0E0
:100350006A461A4B07F10801CDE90535184BCDE97E
:1003600007983B6003F102337B600AAB099411E903
:10037000030083E80300134B42F8103F002344F2CC
:10038000C0010C4802F0C0FEB5460C37BD46BDE8C2
:10039000F0830D4CDAE70D4CD8E70129F5D8054874
:1003A000036813F0060FF0D00221094A20F07AFD0D
:1003B000EBE700BF1C21022068E00B0084E00B008B
:1003C000000201030600000474E00B007EE00B0055
:1003D000B0E00B002DE9F0430022604960488FB087
:1003E000FFF7C6FD002703465E4EA8B15E480268CF
:1003F000560703D001215D4A20F05DFD20F05FF932
:1004000000215B4820F05DF95A497F225A4820F0CC
:1004100082FA7F2157480BE0584B1B7853B9584953
:10042000554840F2463220F076FA40F246315448C0
:1004300020F068FA07F044FA524B53491A585348CF
:1004400003F0ECFD041E1CDBDFF84481464D204622
:1004500003F0B4FD034650B343480268540703D089
:1004600001214C4A20F027FD20F029F900214048C5
:1004700020F027F93F498C223F4820F04CFA8C218C
:10048000C8E7394803685D0704D001212346424A82
:1004900020F011FD20F013F90021354820F011F96A
:1004A00034498522344820F036FA8521B2E7CDE977
:1004B00000673A4802AA03A913F060FB10F1230F6A
:1004C0000346C4D0A0B128480268510703D00121D7
:1004D000334A20F0F0FC20F0F2F80021244820F00C
:1004E000F0F824499522244820F015FA952191E747
:1004F000039B434529D19DF80890B9F1000FA6D17F
:1005000007232821274A04A81EF04AFD3C234A4617
:10051000494604A8FEF71CFC0346002897D0DFF8E4
:100520004890D9F80020520704D0012148461E4ABD
:1005300020F0C1FCD9F8003013F0060F87D002215B
:100540001A4A094820F0AEFC81E72B6813F0060F29
:100550003FF47DAF02212846154AF3E7FD0209006A
:10056000E1DD0B00688909001C210220DCE00B00A2
:10057000B4C404001FE00B002FD90B00EE79022059
:10058000A6DA0B000800000089020900F049020009
:10059000849A0B00E9DA0B00D1DA0B00D89A0B0031
:1005A00002DB0B000EE10B00C2DE0B0028E10B00AA
:1005B00055E10B0010B403460A46034881680C69F4
:1005C0001946234610BC18476C8C0B00F8B5164D25
:1005D00004462B6808465B0700AF16D027F0BBFC2B
:1005E0006E468AB06A46114B0790CDE9053440F259
:1005F0000133ADF820300E4B42F8103F00234FF48A
:100600001151284602F080FDB54620F05CF800212B
:10061000084820F05FF808490848E82220F07BF9F4
:10062000E821054820F06EF9F820022087E10B0050
:1006300004000001B4C40400B9E10B002FD90B0081
:100640002DE9FF471E46002382460F469146CDE91D
:100650000033374D4C21D5F808802846D8F80C30A7
:1006600098470446002852D169463620FFF7A2FF7A
:10067000044600284BD10198FDF722FE2D49FDF7D5
:1006800027FF04460098FDF71BFE01462046FDF7B4
:1006900063FD6946CAF800003A20FFF78BFF044665
:1006A000002834D10198FDF70BFE2249FDF710FF19
:1006B00004460098FDF704FE01462046FDF74CFD78
:1006C0006946C9F800003720FFF774FF0446F0B907
:1006D0000198FDF7F5FD1749FDF7FAFE044600986D
:1006E000FDF7EEFD01462046FDF736FD00F1004026
:1006F000386069464D20FFF75DFF044638B9009B1E
:100700003360D8F8046036B900230C9A1370204681
:1007100004B0BDE8F08713224F21284602ABB04752
:100720000028F1D1029B003B18BF0123EDE700BF79
:100730006C8C0B00002474492DE9F04F95B097485C
:1007400027F0C3FAB0B9964803685E0703D00121C9
:10075000944A20F0A7FB1FF0B6FF002192481FF03B
:10076000B9FF9249FC22924820F0D5F8FC218F482D
:1007700020F0C8F8242200210BA827F096FD8D4B0D
:100780000DF1240B0E93CDF800B00AAB0DAA0CA905
:100790000BA8FFF755FF0446F0B1814803685D07D9
:1007A00003D0224684491FF090FF7D4803685B0711
:1007B00003D0824922461FF088FF1FF084FF0021EA
:1007C00079481FF087FF79494FF48172784820F00B
:1007D000A2F84FF48171CAE701460BA8FCF706FDA9
:1007E000044630B16E4803685907DED0744922468A
:1007F000D9E7744B019000930D9A00230C990B9844
:10080000FCF7B4FD044630B1654803685A07CCD004
:100810006D492246C7E727F047FC4FF47A74A0FBE6
:10082000040547F6122204FB01510023FDF7EEFFF9
:1008300004460D46654B1B784BB965495C4840F250
:10084000463220F068F840F24631614890E707F000
:1008500037F8604B60491A5847F2305003F0DEFB1E
:10086000031E039316DA4E4803685F0703D05B4903
:10087000039A1FF02AFF1FF026FF00214A481FF0AD
:1008800029FF4A494FF48572494820F044F84FF453
:1008900085716CE74FF0FF3A039803F08FFB024637
:1008A000A8B13F4803685E0702D04D491FF00DFF15
:1008B0001FF009FF00213C481FF00CFF3B4940F2AC
:1008C00011123B4820F027F840F211114FE70023A6
:1008D000444A4548CDE9002306A905AA13F04EF97C
:1008E00010F1230F0246D7D0A8B12D4803685D0749
:1008F00002D03E491FF0E9FE1FF0E5FE00212A4824
:100900001FF0E8FE29494FF48D72294820F003F8C2
:100910004FF48D712BE7069B354A934240F0CC8013
:100920009DF81430002BB7D10DF1170300935A46F0
:100930000AAB08A907A8FFF783FE0746F0B11848DD
:1009400003685C0703D03A461B491FF0BEFE1448FB
:1009500003685B0703D027493A461FF0B6FE1FF035
:10096000B2FE002110481FF0B5FE104940F22512DA
:100970000F481FF0D0FF40F22511F8E69DF8170050
:10098000394680F00100FCF74BFE0746B0B304483F
:1009900003685907DBD018493A46D6E76C8C0B0040
:1009A000F820022000E20B00B4C40400B9E10B00FF
:1009B0002FD90B0034A40B0019E20B0072E20B00DC
:1009C00031E20B00B852022050E20B00EE79022017
:1009D000A6DA0B0008000000CD050900D1DA0B00F3
:1009E000E9DA0B0068890900C09A0B0002DB0B00F2
:1009F0005C9A0B00D8E20B008EE20B000A9E564573
:100A00002BD127F051FB4FF47A7CA0FB0C0E47F65C
:100A1000122200230CFB01E1FDF7F8FE8146001BCA
:100A2000884661EB0501FDF761FC2949FDF750FDA2
:100A300000220192274A034600920899099A0798D2
:100A4000FCF794FC0746002832D0234803685A0775
:100A50003FF47DAF21493A4677E7B20722D47307C6
:100A600022D4370722D4C6F300139B00DBB2022046
:100A70000BA98DF82C30FCF7D3FD07460028C0D019
:100A8000154C236858073FF462AF15493A46204693
:100A90001FF01BFE236859073FF459AF11493A462E
:100AA000204652E70523E2E70123E0E70223DEE7E1
:100AB000B2464C464546EFE60748036813F0060F7A
:100AC0003FF4EAAE0221084A20F0ECF9E4E600BF68
:100AD00000007A44B8520220F820022050E20B00B5
:100AE0008EE20B00B9E20B00F2E20B0070B5054696
:100AF00090B10C4B00211E683046FDF7D3FD70B954
:100B000030460949FDF7ECFD044640B93046FDF793
:100B100007FE2860204670BD6FF01500FBE76FF000
:100B20003C00F8E7B85202200000C8422DE9F84F17
:100B300004461FF0D1FDB0FA80F0C0F11F0004EBB5
:100B40008006D6F81090CD0005F1040A0B46063554
:100B50008FB2B9F1000F0AD10121E26881400A4346
:100B6000E260336124F80A706753BDE8F88F4FEAFA
:100B7000C906043634F806B04FEACB0808F1060877
:100B800034F8083099450FD00B4803685B0703D051
:100B900001210A4A20F086F9002383F31188BFF36C
:100BA0006F8F0423184602DF24F80AB024F805905A
:100BB00024F80870A753D8E7942102202AE30B00F9
:100BC00010B500EBC1035B880446DB070A460ED470
:100BD0001FF087FD34F83030C01A814207D134F855
:100BE00031102046511A1FF07CFD82420FD0084878
:100BF00003685B0703D00121064A20F053F9002364
:100C000083F31188BFF36F8F0423184602DF10BDF2
:100C1000942102204EE30B002DE9F84300EBC103C1
:100C2000DF880446B94202F104080BD1012303FA1C
:100C300002F2C36823EA0203C360002340F82830AD
:100C4000BDE8F883B3F80490FD004FEAC906063604
:100C5000835B0435994202D1435B99420FD00B4824
:100C600003685B0703D00121094A20F01BF9002328
:100C700083F31188BFF36F8F0423184602DF44F813
:100C80002870A75324F80590DAE700BF94210220CA
:100C90002AE30B002DE9F0478A4600AF002900F057
:100CA000A38004680E1F361BF50826F0070604EB28
:100CB0000608B8F8023013F0010319D14C48026855
:100CC00052070DD0E94688B06A464A49CDE9051A6F
:100CD000032142F8101F4FF4C25102F015FACD461D
:100CE000002383F31188BFF36F8F0423184602DFBC
:100CF000294620461FF0F5FC34F83030C01A8542F2
:100D00001AD03B4803685B070ED0E94688B06A46B4
:100D1000394BCDE9053A032342F8103F00234FF445
:100D2000C25102F0F1F9CD46002383F31188BFF3DD
:100D30006F8F0423184602DFA15B2046691A1FF05B
:100D4000D0FCA8421AD02A48036859070ED0E946B9
:100D500088B06A46294BCDE9053A032342F8103F93
:100D600000234FF4C25102F0CFF9CD46002383F3A4
:100D70001188BFF36F8F0423184602DFB8F80230E2
:100D8000294623F00103A8F8023020461FF0A9FCF1
:100D900004EBC0035B888046DA070CD4014620468A
:100DA000FFF70EFF414620461FF0A0FC42462946B1
:100DB00020461FF0E7FCA65BAE1B04EBC6035B8876
:100DC000DB070DD431462046FFF7FAFE31462046B8
:100DD0001FF08CFC2A46314620461FF0D3FC3546D6
:100DE00029462046FFF7A2FEBD46BDE8F08700BFBA
:100DF00094210220E7E30B0097E30B00C0E30B0014
:100E0000B2F5802F2DE9F8430AD336494FF43772F3
:100E100035481FF080FD4FF4377132481FF072FDE6
:100E2000042A08D82F4940F2E3222F481FF073FD0F
:100E300040F2E321F1E7043ACD1D114425F0070506
:100E400021F00706A6EB0508B8F1170F4FEAD807FF
:100E500008D824494FF43B7223481FF05CFD4FF43F
:100E60003B71DAE7B7FA87F44FF00009C4F12002CA
:100E7000C4F12404A4000734E408631CBB420560E9
:100E8000AF60C5F80C9008D9164940F202321648F6
:100E90001FF041FD40F20231BFE74946920005F1E3
:100EA000100027F002FAA2B2530043F001036B8056
:100EB0003B1B9BB205EBC4015800A5F8009048808D
:100EC00025F83420A6F8029025F8083005EBC70372
:100ED0005A88214642F001025A802846BDE8F8436C
:100EE000FFF724BE0CE40B002FD90B002DE9F04FC7
:100EF00091B0009302F004030293C2F3C2030133E2
:100F0000840705460E46DDF868A00392059340F07D
:100F1000B381041D98BB01F00706341DC6F1080615
:100F2000009B4FF0000804275A1E4FF0FF33C146C4
:100F30000193C3463B46CDF810800DB10099216066
:100F40000598002800F3BB8098480099814203D39C
:100F500097488142C0F0B3800399601B11F0020CE6
:100F600040F0C280B9F10F0F40F2C180914940F2C8
:100F7000812291481FF0CFFC40F28121B1E0072986
:100F8000CED86FF01B0011B0BDE8F08F7A285AD888
:100F90004B280FD8472856D829282DD825284FD098
:100FA00051D8202818BF23280CBF4FF0010B4FF059
:100FB000000B6EE04C382E2845D8DFE800F06A447C
:100FC00044444444444444444444474444444444DE
:100FD000444444544447475454546A4768446A4418
:100FE00018471844447B794744444744790000201B
:100FF0004FF0000B042734E001212A38C0B201FA77
:1010000000F010EA0E0F44D110F0625C2BD110EA10
:10101000010B3ED06046013C3C44B4FBF7F47C43FA
:1010200025B1A3EB050CA444B445AAD8002800F0D0
:1010300092800599013905915AF8041B00917CE7CB
:101040000199013901914FF0000B22E012F8010CD7
:101050006C2831D1002012F8023C83466C2BC9D198
:1010600008273B46D7E70AF1070A2AF0070A0734A0
:1010700024F00704FAE802BC35B106982044B042D7
:101080003FF67FAFC4E900BC4FF0000B08340827DF
:101090003B4612F8010F002876D0BBF1000F7FF419
:1010A00075AF2528F5D14FF0010B019B013301935A
:1010B0000427EDE758469BE700208346ABE70399FA
:1010C00088072BD54FF0010C601BB0F5007FFFF4B3
:1010D00049AF38494FF41F7237481FF01CFC4FF4DA
:1010E0001F7134481FF00EFC4FF0000CEDE705B304
:1010F00009F140010DEB010E0199C0F387000EF8D4
:10110000200C0EF8101CBCF1000F0ED060F07F0018
:101110000EF8200C08F1010809F10109C5F10801D8
:101120004FF6DA7E04340691B3E704980130049058
:10113000F2E7BCF1000F01D00136EDE7029802366C
:101140000028E9D10098CDE90632FDF78BFBDDE9F7
:1011500006320644E0E7042B08D10AF1040015B179
:10116000DAF8001021608246043492E70AF107039E
:1011700023F0070303F1080A1DB1D3E90001C4E914
:1011800000010823083484E7631BB3F5806F08D39C
:10119000084940F2D22208481FF0BDFB40F2D2219C
:1011A0009FE75DB9A6F10804E018ECE6A4880B00FF
:1011B000C4610C0037E40B002FD90B00029A9B0886
:1011C00028602B709DF81030BAB1EB7085F8028062
:1011D000B8F1000F05D0002208A8C5F1010791451C
:1011E0000DD14FF0000AC5F1010308AF01930DF1D5
:1011F000300BD14512D1601BC5E66B70E6E710F8E5
:10120000013B190608D507EB040CB44503F07F0336
:101210003FF6B7AE04F8013B0132E0E7B8F1000F4A
:1012200003D097F90020002A16DB029BC3B11AF8FD
:101230000B2004F8012B0022019B18191044B04226
:101240003FF69FAE3878009904F8010B20460392D0
:1012500027F005F8039A14440AF1010A0137C8E798
:101260003A7855F822300093029B009845F82230D6
:10127000FDF7F8FA421CDFE76FF00D0083E600BFD0
:101280002DE9F04F95B000AF8A460546C7E9083210
:1012900050B99B4940F299329A481FF03CFB40F20A
:1012A000993197481FF02EFB49B90378467880782A
:1012B00000EB83002844564521D8A0EB050ABB6FFC
:1012C00095F8028003F00103BC6F3B61EB78B8F145
:1012D000000F0CBF002404F00104FB6113B1BB6FCD
:1012E0009A0715D4A4B97B6A1BB1514628463A6ABD
:1012F0009847564630465437BD46BDE8F08F441CEB
:101300002046FDF7AFFA013020440AF1010AD2E786
:10131000BB6FC3F3C0037B612B78FB609B007B60DA
:101320006B68BB60FB6805EB830B7B6A002B74D199
:101330005646D844A4B11C461BF8013B55F823007F
:10134000FDF790FAFB6F01303BB1D7F880309C423B
:101350003EBFFB6F23F814000134D8450644EBD19F
:10136000BB6F4FF0000913F0050F0CBF4FF0020BDD
:101370004FF0010BFB699945BCD298F8013008F198
:10138000020855F823A0604B9A45C0F07E815F4B60
:101390007A699A452CBF002301232AB318F8021C4E
:1013A000B8687B621FF080FA7B6AE8B1584803682E
:1013B00013F0060F14D0EA468AB06A46554B0593DF
:1013C000BB68CDE906314FF40073ADF82030524BC5
:1013D00042F8103F00234FF4125101F095FED5461C
:1013E000023E09F10109C5E723B13B692BB9A6EB20
:1013F0000B06F6E7BB6F9B07F3D55046FDF732FAB5
:10140000FB6F43B1D7F880309C423FBFFA6F431C5B
:1014100022F8143001340644E3E7002C65D1B8F11A
:10142000000F68D0BB6F580768D5C14607F1400070
:101430004246594626F013FF0BEB0803BB6100231D
:10144000324AF9698B4269D3BA6F95F801B03969AC
:10145000920704EB0B0348BF0022DBB258BF4FEAF0
:101460005902002940F0DB80B96F11F0040F14BF5E
:10147000494600216B70A970EA7028463A6A79687B
:101480007B6A9847061EFFF635AFFB6849462B700E
:10149000FB693A6AEB7085F801B07B6A85F80280D7
:1014A00007F140009847B0F10009C0F2EA807B687C
:1014B000FA69B86903EB420141443A6A7B6AAAEBD4
:1014C000010198470028C0F2DE804FF0000BB144C4
:1014D00009EB000607F1300AA345C0F0A280002105
:1014E0003A6A08467B6A984704E744464FF0000989
:1014F00007F130009CE74446C1469DE7A1469BE7C3
:1015000037E40B002FD90B00A4880B00C4610C003A
:10151000FC20022065E40B0004000001B869DFF83C
:1015200084C110F8021B10F8016CB86155F8260050
:101530006045C0F0B080904278692CBF4FF0000B3E
:101540004FF0010B30B1B8683B601FF0ADF93B685C
:10155000554A50BBBBF1000F29D0396951B10F2C4E
:1015600033D9524940F2434251481FF0D4F940F276
:10157000434196E6B96F490717D5B9F10F0F08D95E
:101580004A4940F246424A481FF0C5F940F24641F6
:1015900087E609F1280007F1280C09F1010100EBA9
:1015A0000C0909F8106C5FFA81F9013349E7B86F4B
:1015B000800714D50F2C08D93C4940F24D423C48D5
:1015C0001FF0A9F940F24D416BE6611C04F12800BF
:1015D00007F12804041904F8206CCCB2E5E7B9F14E
:1015E0000F0F08D931494FF48A6231481FF093F93F
:1015F0004FF48A6155E609F1280C07F1280EF444EE
:1016000009F101000CF8101C07F1500109F1020961
:1016100051FA80F05FFA89F900F8106CC5E70021F3
:1016200028E71BF80A3055F8239087F82F30FB6F16
:1016300023B3D7F880309B4520D2FB6F33F81B8053
:1016400001213A6A7B6A07F12F00984700281ADBCC
:101650000644B8F1000F06D14846FDF703F900F142
:1016600001081FFA88F8414648463A6A7B6A98475B
:10167000002808DB06440BF1010B2DE74FF00008B2
:10168000DEE74E4636E6064634E67B69002B3FF43D
:10169000B1AE002382E67869002888D04FF0000BB5
:1016A00051E700BFA4880B00C4610C0037E40B00B5
:1016B0002FD90B0008B550B90849094840F27D12EE
:1016C0001FF029F940F27D1104481FF01BF98068D2
:1016D000044B98428CBF0020012008BD19E50B0087
:1016E0002FD90B00FFC99A3BF8B50D46044610B13F
:1016F000FFF7E0FF50B9244940F2B91223481FF028
:101700000AF940F2B91120481FF0FCF81DB1284633
:10171000FFF7D0FF40B91C494FF4DD721B481FF0A2
:10172000FAF84FF4DD71EEE7D4E90032002AD5E98A
:10173000000118DA002908DA4FF000465F4266EB34
:101740000206B84271EB06061CDB1B1842EB0102D5
:10175000C4E90032A368AA6820461344A360BDE828
:10176000F84000F019BC53EA0206EED0012871F1EE
:101770000006EADBDE4386426FF00046A6EB020677
:101780008E41E1E70020F8BD19E50B002FD90B00D1
:1017900038B5044638B920496A2220481FF0BBF802
:1017A0006A211D4811E0EFF31185202383F312888D
:1017B000BFF36F8F1A481CF0A1FC40B9194984226D
:1017C00016481FF0A8F8842116481FF09BF814480B
:1017D0001CF0B8FC144B0FCB84E80F0010481CF031
:1017E0009BFC40B90F494FF499720C481FF093F8D5
:1017F0004FF49971E8E785F31188BFF36F8F2046A6
:10180000FFF758FF30B90449702204481FF083F8ED
:101810007021C6E738BD00BF4AE50B002FD90B0089
:10182000BC5202206CE50B00902F022001281FB54E
:101830000C4605D0042829D06FF0150004B010BD67
:1018400026F032FC47F612220023FCF7DFFF4FF4AC
:10185000FA435A43C4E90001A2606846FFF798FFC3
:1018600069462046FFF740FF18B9104B0FCB84E8BC
:101870000F002046FFF71EFFB0B90D490D48632247
:101880001FF049F863210A481FF03CF826F00CFCD1
:1018900047F612220023FCF7B9FF4FF4FA435A43EC
:1018A000C4E90001A260E4E70020C7E7909F0B00B5
:1018B0004AE50B002FD90B0001287FB50D464BD10F
:1018C0000846FFF7F7FE002846D026F0EDFB47F666
:1018D00012220023FCF79AFF214B404202FB03F344
:1018E00061EB4101CDE900016846029300F054FB31
:1018F00029466846FFF7F8FEEFF31186202383F3AD
:101900001288BFF36F8F17481CF0F8FB40B91649D7
:10191000842216481EF0FFFF842113481EF0F2FFB8
:10192000134D10481CF00EFC9DE80F0085E80F00D9
:101930000C481CF0F1FB40B90B494FF499720B486D
:101940001EF0E9FF4FF49971E7E786F31188BFF3C2
:101950006F8F002004B070BD6FF01500FAE700BF74
:101960000083FFFFBC5202206CE50B002FD90B0057
:10197000902F0220014B1860704700BF701D02209D
:1019800080B505460E46174698461BF021FF0346D4
:1019900005F096FFDFF83490044649F800304246DF
:1019A00039463046A8470A4B1B7853B909490A48BB
:1019B00040F246321EF0AFFF40F2463105481EF0BD
:1019C000A1FF54F8090005F00BFF00BF080000005C
:1019D000EE790220A6DA0B002FD90B0038B50D46A0
:1019E00004462022002126F060FC0022EB68E3611F
:1019F000AB68A3612B6823626B68A26263622A6989
:101A000023B1591E194208BF42F00102226101228E
:101A1000002104F12C0026F021FA40B104490548C8
:101A20002F221EF078FF2F2101481EF06BFF38BDDA
:101A300099E50B002FD90B002DE9F04F002689B056
:101A4000CDE90123436A04468B428846B246059697
:101A5000079652D34FF0200B00F11407EFF31183D8
:101A600000938BF31288BFF36F8F3846DDF8009038
:101A70001CF044FB40B94649842246481EF04BFF07
:101A8000842143481EF03EFF38461CF05BFB079A5A
:101A90002AB1314620461FF024F80023079306A9F7
:101AA00020461EF045FF0699054641452ED3226883
:101AB000236A204613F8221003EB820A21F0030167
:101AC00003F82210216842461EF056FFE3682060AA
:101AD000984216D0002538461CF01EFB50B389F3FF
:101AE0001188BFF36F8F059929B1A3690BB1204607
:101AF000984700230593002DB0D1504609B0BDE8AA
:101B0000F08F236943F008032361E3E718B120460F
:101B10001EF04CFFDFE7DDE90132134330D00391C3
:101B200026F010FA039958BB009B4BBB38461CF0BB
:101B3000F3FA40B916494FF4997216481EF0EBFEBD
:101B40004FF499719DE785F31188BFF36F8F04F10E
:101B50002C00DDE9012319F073FF0546EFF311892D
:101B60008BF31288BFF36F8F38461CF0C7FA00283A
:101B700081D0B5FA85F538461CF0E4FA6D09AAE77C
:101B8000204607AB05AA26681EF02FFF0546A2E7F0
:101B90006CE50B002FD90B002DE9F0410446C36919
:101BA00008460D46984704F114060746EFF31188DE
:101BB000202383F31288BFF36F8F30461CF09EFA08
:101BC00040B91649842216481EF0A5FE8421134808
:101BD0001EF098FE30461CF0B5FA2B783A4643F0DA
:101BE00001032B70616820461EF0C6FE606020462F
:101BF0001EF092FF30461CF08FFA40B907494FF4AF
:101C0000997207481EF087FE4FF49971DFE788F359
:101C10001188BFF36F8FBDE8F08100BF6CE50B004A
:101C20002FD90B002DE9F0470446002700F11406D8
:101C3000EFF31188202383F31288BFF36F8F3046B0
:101C40001CF05CFA054640B93449842234481EF041
:101C500062FE842131481EF055FE30461CF072FAB7
:101C60002369A168180702D463688B4200D2636AB3
:101C70005B1A002B3CD0206A10F8213000EB810960
:101C800013F0030237D0022A04D150F821205FEA72
:101C9000920A05D1DA071BD44846E3699847824681
:101CA000A168524620461EF067FE5146A0602046BD
:101CB0001EF070FE2F4630461CF02EFAE8B9174988
:101CC0004FF4997216481EF026FE4FF49971C1E741
:101CD00043F0020300F82130E3694846A5689847BD
:101CE0002946024620461EF047FE0025A060E2E796
:101CF0001D46A946DFE71546FBE788F31188BFF3C9
:101D00006F8F002D94D137B1B9F1000F03D104F1D9
:101D10002C0019F02BFE4846BDE8F0876CE50B005F
:101D20002FD90B002DE9F0410446C36908460D4642
:101D3000984704F114070646EFF31188202383F334
:101D40001288BFF36F8F38461CF0D8F940B9234989
:101D5000842223481EF0DFFD842120481EF0D2FD9E
:101D600038461CF0EFF92B7823F001032B70236920
:101D70009B0705D5E268236A03EB82039D421DD1D0
:101D80002B7823F002032B70D4E90231994204D15D
:101D9000324620461EF0F0FDA060314620461EF07F
:101DA000F9FD38461CF0B8F968B90C494FF499723E
:101DB0000B481EF0B0FD4FF49971CEE72B6866F327
:101DC0009F032B60EDE788F31188BFF36F8F04F159
:101DD0002C00BDE8F04119F0C9BD00BF6CE50B0057
:101DE0002FD90B0070B5044600F11405EFF31186EE
:101DF000202383F31288BFF36F8F28461CF07EF9EF
:101E000040B91649842216481EF085FD84211348E6
:101E10001EF078FD28461CF095F92369A0681B0781
:101E200002D4636883420ED2646A241A28461CF0E6
:101E300073F950B909494FF4997209481EF06BFDC6
:101E40004FF49971E3E71C1AF0E786F31188BFF3AA
:101E50006F8F201E18BF012070BD00BF6CE50B0006
:101E60002FD90B00044608B5EFF31183202383F329
:101E70001288BFF36F8F16F0FFF8204605F084FB41
:101E800002481EF032FD20F0BDF9FCE7BFE50B0073
:101E90002DE9F84340F26C7344690569E117013597
:101EA000E41841F10001022D8CBF00230123E41A44
:101EB000C76861F100010029064607F1FF374EDAD5
:101EC0006FF4C7704FF4C8720023201861F100014D
:101ED000FCF74CFC244B4FF03C0E03FB0044D6E9CE
:101EE00000834FEAE37C99466346032D024634BFE4
:101EF00009206FF00200B6680544C6FB0E93A9FBEB
:101F00000EC60EFB036640F26D1E9920A3080EFB61
:101F100004333B44642745430520B4FBF7F4023502
:101F2000B5FBF0F51B1B114C1CEB080CA2FB0420AD
:101F300004FB01012B4446EBE87698180C4A41F16A
:101F4000000380180B4A63F10003A0FB020102FBAF
:101F5000031110EB0C0041EB0601BDE8F8834FF4D0
:101F6000C87200232046B3E770FEFFFFB13A0200BB
:101F70009405F5FF8051010010B5FFF789FF00249B
:101F8000024605F09DFC0B46024944501046194696
:101F900010BD00BF0C000000F8B540B92649C922A9
:101FA00026481EF0B8FCC92123481EF0ABFC82680D
:101FB000234EB24217DDD0E90037224C012B92FBB1
:101FC000F4F477F100054FEAE4711EDA1E4D1B1997
:101FD00005FB042241EB0701B242C0E900318260F7
:101FE00022D80120F8BD002AFBDAD0E90031154FD4
:101FF000B41A0029B4FBF7F410DA01F10045A3424A
:1020000075F100050ADA0020ECE7DD43A5426FF028
:102010000045A5EB07058D41D8DAF4E71B1B07FB4C
:10202000042261F10001D7E70349F02203481EF0C2
:1020300072FCF021B8E700BFE8E50B002FD90B00D8
:10204000FFC99A3B00CA9A3B003665C408B500F048
:10205000B7F8012200230949C0E90022416108497B
:10206000C0E902330A60074903610A60064A136047
:10207000064A1360064A136008BD00BF75EC0B00EA
:10208000901D02208C1D0220C8520220C452022042
:10209000C05202202DE9F04781468846174600F0DD
:1020A0008FF8C36804461BB943691A78002A3ED1E9
:1020B0000023E36063684B4558F8232008DB314B6D
:1020C0006361204600F060F84FF0FF30BDE8F08714
:1020D000511C616192F800A0BAF12D0FEFD1951C4F
:1020E000656156782D2EA66004D1927872B90133BD
:1020F0006360E4E756B9234D51463846656126F0E2
:1021000007F90028DDD05646C4F808A03146384605
:1021100026F0FEF83A2E00D070B92B7813B9636818
:1021200001336360204600F02FF83F20CEE75D1CAE
:1021300045611E788660E9E743783A2B0BD000238F
:1021400023612B7813B9636801336360204600F084
:102150001BF8A068BAE72B780A4A33B963680133E1
:102160009945636004DD58F82350C4E90452EAE756
:1021700062613D7820463A2DD5D100F005F8284619
:10218000A4E700BF75EC0B000168084A084B11601A
:102190004168084A11608168074A1160074AC168AE
:1021A000116002691A6005F04FBE00BF901D022049
:1021B000C05202208C1D0220C8520220C4520220AC
:1021C00000487047741D02202DE9F84F838B0446A8
:1021D0001807904613D501290CBF43F0100343F0B4
:1021E0002003A38304F114001BF096FF002800F0E5
:1021F0009A8088F31188BFF36F8FBDE8F88F0229AA
:1022000003F0070A40F04B8120461EF0E2FC05284F
:1022100000F2F08001A353F820F000BFE52109008F
:102220009F240900F5230900AB2209003B23090084
:102230009723090002F00702531F012B1AD800232D
:10224000062A256889B2C4E9003309D12B4603E088
:10225000E28B0132E2831B68002BF9D141F00201CD
:102260002046A1831EF0B5FC002800F0268141F035
:10227000200121E1042A0DD189B22046A1831EF05C
:10228000A8FC0546002800F0188141F02001002537
:10229000A18312E1944940F21B1294481EF03BFBCB
:1022A00040F21B1190481EF02DFBBAF1000F08D030
:1022B0008D494FF4AB728D481EF02DFB4FF4AB717E
:1022C000F0E7236843B9884940F2571287481EF067
:1022D00022FB40F25711E5E723691F6847B982499D
:1022E0004FF4AD7281481EF016FB4FF4AD71D9E783
:1022F000564655464FF00609A18B21F0070141F0E3
:10230000060189B2A183A368002B00F0DD804FF0A5
:10231000010B41F0080104F1140A5046A1831BF09F
:10232000FBFE00286FD172494FF499726F481EF07E
:10233000F2FA4FF499716E48B5E7BAF1020F08D07E
:10234000694940F25D1269481EF0E5FA40F25D11FC
:10235000A8E7E68B46B164494FF4AF7263481EF0BC
:10236000DAFA4FF4AF719DE723695F6847B95E49B8
:1023700040F261125D481EF0CEFA40F2611191E721
:10238000A18B354621F0070141F0040189B24FF0DD
:102390000409A183B7E7BAF1010F08D052494FF4FD
:1023A000B27252481EF0B7FA4FF4B2717AE723685E
:1023B00043B94D4940F265124C481EF0ACFA40F268
:1023C00065116FE723699F6847B947494FF4B472B5
:1023D00046481EF0A0FA4FF4B47163E70026A18BC3
:1023E000354621F0070141F0050189B24FF005099A
:1023F000A18388E73C4940F26B123C481EF08BFAFF
:1024000040F26B114EE788F31188BFF36F8FBBF179
:10241000000F16D165BB17B120463649B847EFF318
:102420001188202383F31288BFF36F8F50461BF06F
:1024300065FE28BB2E4984222C481EF06CFA8421AC
:1024400079E7A1680029E5D0D1F800800029E1D022
:1024500033464A462046D1F804B0D847B8F1000FB9
:1024600004D0D8F8003041469846EFE74346FAE7F3
:10247000294633464A4620462D681EF0D6FBC9E75A
:1024800050461BF05FFEA18B21F0080189B2A183A9
:10249000CA061FD521F01003A38301F0070AA6691D
:1024A000A28B002E22F00701BFF6C4AE00232568E0
:1024B000C4E9003341F00101A18301F00709D145CE
:1024C0004FF000077FF41FAF0DB9002FE0D04FF0A1
:1024D000000B1EE78B067FF585AE21F02003A3835A
:1024E00001F0070A90E600BF1BE60B002FD90B0096
:1024F0006CE50B00F9240900F8B504460D4600F11F
:102500001406EFF31187202383F31288BFF36F8F34
:1025100030461BF0F3FD40B909490A4884221EF0F9
:10252000FAF9842106481EF0EDF930461BF00AFE48
:10253000A5613A462046BDE8F8400121FFF744BEB8
:102540006CE50B002FD90B002DE9F04704460E4631
:102550001EF05BFB051E5ADB04F11409EFF3118A30
:10256000202383F31288BFF36F8F48461BF0C6FD0C
:10257000804638B93149842231481EF0CCF9842193
:102580002E483CE048461BF0DDFD4FF6FF72E38B22
:10259000A78B934207F007073CD0062F26D8DFE829
:1025A00007F0193C0925190419006FF085054FF053
:1025B000000802E002250133E38348461BF0ACFD2E
:1025C00070BB1E494FF499721D481EF0A4F94FF4D8
:1025D0009971D5E700233360636823B9C4E90066C5
:1025E0007FB13D46E3E71E606660F9E71549144890
:1025F0004FF4E4721EF08FF94FF4E47111481EF0AD
:1026000081F9524602212046FFF7DEFD3D4628466D
:10261000BDE8F0876FF00A05C9E76FF00405C6E76B
:102620008AF31188BFF36F8FB8F1000FEFD000234A
:102630003A46314620461EF0F8FAE8E76CE50B0012
:102640002FD90B001BE60B00F8B5054600F1140668
:10265000EFF31187202383F31288BFF36F8F304687
:102660001BF04CFD38B92049842220481EF053F954
:1026700084211D4825E030461BF064FDAC8B04F03E
:102680000704022C12D0012C0CBF6FF004046FF071
:10269000850430461BF040FD08BB13494FF4997286
:1026A00012481EF038F94FF49971E2E7EB8B53B9F9
:1026B0000F490E4840F2EF121EF02DF940F2EF11D3
:1026C0000B481EF01FF9013B9BB2EB83002BE0D1BE
:1026D0003A4621462846FFF777FD2046F8BD87F3A6
:1026E0001188BFF36F8FF8E76CE50B002FD90B0053
:1026F0001BE60B0010B54268034602F00302022AF3
:10270000816015D0032A0AD0012A14D00B490C4845
:1027100045221EF000F9452108481EF0F3F8046830
:10272000002000225A6008B11CF0C4F9204610BDF8
:1027300000240068F5E700242046F2E740E60B009D
:102740002FD90B002DE9F34106460F4615464FF0F1
:1027500000082A46304601A91EF0BCFA044640B1E2
:1027600002463946019825F07AFD2D1BA0442744E6
:10277000EFD142463046311D1EF0CAFA40B106493B
:10278000064848221EF0C7F8482103481EF0BAF850
:10279000404602B0BDE8F08166E60B002FD90B0081
:1027A0002DE9F34107460E4615464FF000082A462C
:1027B000384601A91EF09DFA044648B12EB10246E2
:1027C0000199304625F04BFD26442D1BA044EED147
:1027D0004246384607F10A011EF09AFA40B106490E
:1027E000064863221EF097F8632103481EF08AF81A
:1027F000404602B0BDE8F08166E60B002FD90B0021
:1028000008B550B90649074840F235121EF083F862
:1028100040F2351102481EF075F84368587908BD3A
:1028200091E60B002FD90B0010B540B908490948B3
:10283000A0221EF070F8A02105481EF063F803687E
:102840001B6913B1BDE810401847184610BD00BF02
:1028500091E60B002FD90B002DE9F84304460646FC
:102860000127DFF8408094FAA4F5B5FA85F507FA58
:1028700005F308EB05156FEA030924EA03042B7B33
:102880005BB12846FFF7D0FF38B96B6803222846B2
:10289000196806EA09061EF08DFA002CE3D13046CD
:1028A000BDE8F8834C9A0B0010B5002288B00E49A1
:1028B0000E4825F041FC002200230024CDE9062328
:1028C0000E234FF40062CDE90334CDE90144084BF7
:1028D00008490094084819F0FBFF0849064819F018
:1028E00005FF204608B010BDC92909006840022034
:1028F000052D0900F0950220A02F0220C9E60B004B
:102900002DE9F047DFF8AC902B4C8046A9EB04038F
:102910008F2B0F460AD9294940F2531228481DF03F
:10292000FAFF40F2531125481DF0ECFF25481EF038
:102930001DFA064640B300252846BDE8F087237BF4
:102940008BB12368DB680BB120469847636820464B
:1029500083F806A0FFF768FF90B96368032220465A
:1029600019681EF027FA013610344C4510D9134966
:1029700040F25F1212481DF0CEFF40F25F11D2E725
:102980000AFA06F31D43EEE705464FF0010AECE7AD
:10299000D5D3B8F1000FCFD0002DCCD02846FFF70B
:1029A0005BFF0546002FF7D0002140F239101AF0E6
:1029B0009BFEF1E75C9A0B004C9A0B00D1E60B00F2
:1029C0002FD90B00E0520220014818F0CFBF00BF02
:1029D0004823022008B5034608462BB1044A136079
:1029E00000F070FE002008BD6FF01500FBE700BF8F
:1029F000941D022010B5044C237813B9034818F035
:102A0000B5FF0123237010BDB563022048230220C7
:102A100010B5044609481EF0A9F93CB1084BD3E8AB
:102A2000EF1F0139C3E8E21F002AF8D105481BF067
:102A30009BFFBDE81040044818F098BFD852022010
:102A4000DC52022068400220482302200022044B6E
:102A5000D3E8EF0FC3E8E12F0029F9D1704700BF99
:102A6000D852022070B5FFF7F1FF05460E4C0F4E0D
:102A7000B44216D90E490F4840F216221DF04BFF02
:102A800040F216210A481DF03DFF2046FFF7B8FE30
:102A900028B123685B6813B1294620469847103453
:102AA000E6E7F2D370BD00BF4C9A0B005C9A0B00B6
:102AB000D1E60B002FD90B0010B5044C0449204679
:102AC000FEF78CFF034B1C6010BD00BFB02002203E
:102AD00034BA0B00CC5202200023144A10B51370F4
:102AE000134A14491360144A14481360FFF772FF25
:102AF000FFF7E2FF00F002FA114B124918468B4231
:102B000011D91149114840F22B121DF004FF40F277
:102B10002B110D481DF0F6FE1A1A5C6812110132D5
:102B200022711033EBE7F7D310BD00BFB66302206C
:102B3000D852022040420F00DC520220690D0B00E7
:102B40004C9A0B005C9A0B00D1E60B002FD90B00BE
:102B50000146002200230148FEF76EBFB02002208C
:102B60000148FFF75FB800BFB0200220024B0146CA
:102B70001868FFF7D7B800BFCC5202200148FFF712
:102B800031B900BFB02002202DE9F0413C4B1B7849
:102B9000002B71D0FFF7E4FF044600285BD1394BCE
:102BA000394D1B68002B19DD25F07EFA4FF47A763B
:102BB000A0FB060747F61222002306FB0171FBF774
:102BC00025FED5E90032C01A40F2E93361EB02017B
:102BD000984271F1000101D3FFF744FFD5E90032BB
:102BE00013F57A7342F10002C5E90032002C43D09C
:102BF000BDE8F041FFF7C2BF2846FFF701FE38B13C
:102C000021784B0712D52B68214628461B68984728
:102C10001035454523D91D491D4840F20A221DF0B3
:102C20007AFE40F20A2119481DF06CFE20462688E3
:102C3000C1F3C20700F072FBC6F382160246002EF3
:102C4000E1D00028DFDB01233946284600F02AFACC
:102C5000B042DDD3D7E70F4DDFF83C80D9E7CBD3C7
:102C60002046FFF783FF0D4BD3E8EF1F0139C3E880
:102C7000E21F002A93D0F7E70020BDE8F08100BFF3
:102C8000B5630220D852022060400220D1E60B003A
:102C90002FD90B004C9A0B005C9A0B00DC520220DF
:102CA00070B5134D297811BB0120FFF729FE114C97
:102CB000114EB44214D91149114840F2CF121DF0FF
:102CC0002AFE40F2CF110D481DF01CFE2046FFF7F2
:102CD00097FD18B1236820469B6898471034E8E7B1
:102CE000F4D3FFF751FF0028FBD101232B7070BDF7
:102CF000B66302204C9A0B005C9A0B00D1E60B00E5
:102D00002FD90B002DE9F843334F344BFB1A1B0925
:102D100009D133494FF46F7232481DF0FCFD4FF476
:102D20006F712F4815E000210846FFF7E9FD0446C2
:102D300088B140F21B684FF000092B4B1B787BB920
:102D40002A49284840F246321DF0E5FD40F246315E
:102D500026481DF0D7FD4FF0FF384FF0FF39ECE764
:102D600004F0AEFD224B234A1B58136033B1224BB3
:102D70001B68092B02DD214818F0F8FD002544B13D
:102D80002046FFF769FD044618B94FF0FF384FF0B1
:102D9000FF39FFF7F9FE064628B935B9174842460C
:102DA0004B4618F04DFE3546E9E70C4D08E0F5D2EC
:102DB0002B689B691BB100222846114698471035A5
:102DC000BD42F4D906494FF46C7206481DF0A3FDCC
:102DD0004FF46C71A5E700BF5C9A0B004C9A0B0096
:102DE000D1E60B002FD90B00EE790220A6DA0B00FA
:102DF00008000000D4520220DC52022048230220A6
:102E000013B526481DF0B2FF254B1B785BB3EFF3DB
:102E10001184202383F31288BFF36F8F21481BF0A6
:102E20006DF940B92049842220481DF074FD8421A9
:102E30001D481DF067FD1B481BF084F9FFF7A4FE39
:102E400018481BF069F940B917494FF499721748AF
:102E50001DF061FD4FF49971EAE784F31188BFF327
:102E60006F8F02B010BD124B1B68002BF9D050B908
:102E7000002200230F48CDE9002347F61222002349
:102E80001BF016FDEDE70928EBD10A481BF06CFD9D
:102E9000094802B0BDE8104018F068BDDC520220BD
:102EA000B6630220D05202206CE50B002FD90B0034
:102EB000D4520220684002204823022010B5064B5D
:102EC00004461B6898472146A0600448FEF764FE4C
:102ED000BDE81040FFF794BF941D0220B0200220EF
:102EE000044A054B9B1AB1EBD30F34BF52F83100A3
:102EF00000207047AC980B004C9A0B000021084B47
:102F0000084A09489B1ADB08994200D170470268B9
:102F1000013122F0070242F0030240F8042BF3E7EC
:102F20004C9A0B00AC980B00F8200220F8B506462E
:102F300000240A4F0A4BDB1BDD08AC4203D14FF0E3
:102F4000FF342046F8BD57F8340020B13146FBF776
:102F500077FC0028F5D00134EFE700BFAC980B00F8
:102F60004C9A0B002DE9F04715461F462C4A2D4B75
:102F700088469B1AB5EBD30F0AD32B492B4840F256
:102F8000C3121DF0C8FC40F2C31127481DF0BAFC63
:102F900000281DDA4FF0000A5446DFF89490254EC1
:102FA000A6EB09063609B24509F1100902D12046FF
:102FB000BDE8F08759F80C0C3B462A46414600799B
:102FC000FFF7D0FF844238BF04460AF1010AEAE75E
:102FD00002EBC50214790722BC4228BF3C46164EBC
:102FE000C0B200EB400056F82530824023EA0203CD
:102FF00004F00702824013430021032223FA02F067
:1030000000F00700814202F1030238BF01461E2A88
:10301000F4D123F007030B4346F82530C7E700BF80
:10302000AC980B004C9A0B0002E70B002FD90B0059
:103030004C9A0B005C9A0B00F8200220F8B506466B
:103040000F460024074D084BED1AED08AC4200D3A3
:10305000F8BD002122B23B46304601341DF0A2FEED
:10306000A4B2F3E74C9A0B00AC980B0010B50446E1
:1030700050B90A490A4840F235121DF04CFC40F2A2
:10308000351106481DF03EFC43685B7913B1002101
:10309000FFF7D4FF002263685A7110BD91E60B0060
:1030A0002FD90B0010B590B1416809791148124C25
:1030B000241AB2EBD40F0DD31049114840F2AF12CD
:1030C0001DF029FC40F2AF110C481DF01BFC4FF025
:1030D000FF31EBE74BB1CBB20A4903EB430351F8A5
:1030E0002200D84000F0070010BD00EBC2000079BC
:1030F000FAE700BFAC980B004C9A0B0002E70B00FC
:103100002FD90B00F82002202DE9F04F8FB0C1F32A
:103110004A2604AF0D469046B8607B600C0D002E29
:1031200069D04FF000090A234FF0040B07F1140A8D
:10313000FE60C7E90799C7F824900093CDF808B05E
:10314000CDF804A007F11C034A464046F968FEF793
:1031500097F8B0F5006F034620D32F48036813F0AB
:10316000060F17D06C468AB0D8F8041004AB2B4D6C
:103170001A46C3E9055140F2FF71D9614FF400715D
:103180001984274B42F8103F4FF412514B46FFF77A
:10319000BBFFA5462C37BD46BDE8F08FC0F30A063D
:1031A00004F11700184420F0070080083B60FFF787
:1031B000CFFC66F35325044628B33B6800F11001A9
:1031C000C7E908390A23F961CDE901AB009340460C
:1031D000144AF96807F11C03FEF752F8002812DAC6
:1031E0001149124840F249121DF095FB40F2491175
:1031F0000D481DF087FB04F1170020F00700800840
:10320000FFF7A6FC044666F353252A4620467B6852
:10321000B9681DF0F7FDBDE72021022038E70B005B
:1032200004000001D70D0B0077E70B002FD90B002E
:103230002DE9F04F87B00546DDE9106BDDE9127A24
:1032400088461446994647B33B465A46102100200B
:10325000CDF800A0CDF814A0FDF748FE00280ADA4A
:103260002A494FF4B4722A481DF055FB4FF4B4714B
:1032700026481DF047FBB0F5006F01460FD32548E7
:10328000036813F0060F3DD040F2FF730221224A7B
:1032900007B0BDE8F04F1DF00EBE3946384604F0C9
:1032A000070305F00704E40044EA831444EA4024D9
:1032B00044EA065406F11700084420F0070080088D
:1032C0000391FFF745FC054698B197B13B465A4636
:1032D0000399CDF800A01030FDF708FE002808DAA9
:1032E0000A4940F28D120A481DF015FB40F28D117B
:1032F000BEE74B4622464146284607B0BDE8F04FA0
:103300001DF080BD07B0BDE8F08F00BF77E70B0070
:103310002FD90B0020210220A3E70B00406820B129
:10332000034BC01A40F38F0070474FF0FF307047D7
:10333000F82002200EB403B503AB53F8042B01466A
:103340000448019304F03EFD02B05DF804EB03B0C5
:10335000704700BF75330900CA0605D48B064CBF01
:1033600002490349FFF7E6BF704700BF74EC0B004A
:103370009D090C0038B54B6805461A68CB680C46A9
:103380009A4202D108461DF0BAFD6368D3E8EF2FD8
:10339000511CC3E8E01F0028F8D1A3689D5463685E
:1033A0001A68E3689A4208D90549064872221DF056
:1033B000B2FA722102481DF0A5FA002038BD00BF04
:1033C000DBE70B002FD90B002DE9F04F89B09946B0
:1033D0009DF85080159B044606930D46DDE916A323
:1033E000189F05920493B8F1000F00F09F80B8F188
:1033F000040F0AD987494FF4157287481DF08BFADC
:103400004FF4157183481DF07DFA07F4807307931C
:103410001DF0C6FC07F0020B0246002855D02046DE
:103420007E49FFF787FF0646BBF1000F08D017F073
:10343000440F4CD12A4620467949FFF77BFF0644CA
:1034400007F0010353B1774B204653F82820764B01
:103450007649002A08BF1A46FFF76CFF07F480730D
:10346000002B07F0080318BF4FF00009002B5AD0BB
:103470006F4B204653F828206E49FFF75BFF054647
:10348000059B2BB11A4620466B49FFF753FF0544B5
:10349000B9F1000F05D04A4620466849FFF74AFFB8
:1034A000054467483544069B002B46D022466549B3
:1034B0001DF0C9F9002840DA564940F2B1225648B9
:1034C0001DF029FA40F2B1219CE70646ACE75E4BBD
:1034D00018680028B3D05D4B4FF47A7B1B684FF01F
:1034E0003C0CB5FBF3F5B5FBF0F14FF4616300FB69
:1034F00011550BFB05F5B1FBF3F2B5FBF0FE03FB39
:10350000121100FB1E55B1FBFCF30BFB05F5B5FBDF
:10351000F0F50CFB131120460091CDE901E54C4973
:10352000FFF708FF8BE707F00805A9E7B9F1010FDE
:1035300045460CBF42484748B5E7049B002B54D092
:10354000DDF810903946B9F1100F204628BF4FF032
:1035500010090026FFF700FFB54218DC00263346AD
:1035600020461AF803203C49FFF7E4FE0136102EEE
:1035700013D0710703D120463849FFF7DBFE4E45D3
:103580003346EDD320463649FFF7D4FEEEE720461A
:103590003249FFF7CFFE0136DEE7002620463149EB
:1035A000FFF7C8FE33461AF803202046A2F1200395
:1035B0005F2B28BF2E222C49FFF7BCFE0136102EB0
:1035C0000DD0720703D120462449FFF7B3FE4E45C4
:1035D0003346E8D320462149FFF7ACFEEEE7049BD3
:1035E000CA44B3EB09030493AAD1B8F1000F0AD07F
:1035F000FB0704D520460C4A0C49FFF79BFE3946D1
:103600002046FFF7A9FE204609B0BDE8F04F1DF0A7
:1036100076BC00BFDBE70B002FD90B002BF90B00AA
:103620000FE80B0048BA0B000AE80B008CEF0B0008
:103630005CBA0B0034E80B003AE80B003EE80B00E4
:1036400075330900C57D0900E8520220E4520220CA
:1036500018E80B00190F0B0043E80B004BE80B00B8
:1036600049E80B004DE80B00E3F80B0042F20F7342
:1036700073B58B4228BF0B46056804460521684692
:103680000D4A1BF08DFC0646636828460B225B68DA
:103690000A491DF026FC63683246694628465B6885
:1036A0001DF01FFC63681B2228465B6804491DF05F
:1036B00018FC02B070BD00BF0BE10B003D610C00B7
:1036C00021610C0000210123064A904206D8064AD7
:1036D00001B901231360054B1860704701214008B0
:1036E0005B00F2E740420F00E4520220E852022061
:1036F000014B03600020704770BA0B0003289ABF8B
:10370000024B53F820000248704700BF70BA0B000C
:1037100075EC0B0070B5046A0D469CB31E4A237904
:10372000565CB34231D01D4A525C9A4230D1A368F4
:103730009847002810DA022D0CD0032D0BD110F180
:10374000860F07D0D4E8EF3F43F00203C4E8E23F1E
:10375000002AF6E7267170BD022D267101D00020E7
:10376000F9E7D4E8EF3F23F00403C4E8E23F002A7E
:10377000F7D1D4E8EF3F23F00203C4E8E23F002A88
:10378000EDD0F6E76FF05700E5E76FF07700E2E77E
:103790006FF08500DFE700BF4D610C0049610C0050
:1037A000024B187880F00100704700BFEE790220CC
:1037B00010B50024094B86B009480393CDE90444B1
:1037C00018F012FD03AB00934FF4806223460549C5
:1037D000034818F01FFD204606B010BD8EE80B0010
:1037E000A0400220F09D022070B50446006A002827
:1037F0003BD008211DF039FC014678B3256A143509
:10380000EFF31186202383F31288BFF36F8F2846CE
:103810001AF074FC40B91649842216481DF07BF852
:10382000842113481DF06EF828461AF08BFC2046C0
:103830001DF0F0FB044628461AF06EFC40B90C4916
:103840004FF499720B481DF066F84FF49971E8E750
:1038500086F31188BFF36F8F204670BD2046BDE808
:1038600070400022002300F027B90446F4E700BFAF
:103870006CE50B002FD90B002DE9F74F056A0646C2
:1038800025B90024204603B0BDE8F08F0521284665
:103890001DF0EBFB0028F4D00821306A1DF0E5FB99
:1038A000044600284ED0376A1437EFF311882023DE
:1038B00083F31288BFF36F8F38461AF01FFC40B9AC
:1038C0007A4984227A481DF026F8842177481DF031
:1038D00019F838461AF036FC356AEB6843BB2B689A
:1038E0005A070DD4286958B1036A1B68DB0521D536
:1038F000FFF7C2FF041E0EDB2B6843F004032B60AE
:1039000001213046AB689847041E04DB00232B716D
:10391000EB680133EB6038461AF0FEFB68B9634987
:103920004FF4997262481CF0F6FF4FF49971CDE79D
:103930000024EDE76FF00A04EDE788F31188BFF388
:103940006F8F9FE7FFF72CFF074668BBEFF31188E7
:10395000202383F31288BFF36F8F56481AF0CEFBF3
:1039600004460028ACD053481AF0ECFBEB6823B1B6
:103970002A7912B927460133EB604E481AF0CCFB86
:103980000028CCD088F31188BFF36F8F002F7FF40D
:1039900078AF24F0D7FA421E67F1000305F1180052
:1039A0001DF069FB041E7EDB24F0CCFA10B12B79EC
:1039B000022B13D02F692FB30221306A1DF055FB63
:1039C00000BB3846FFF758FF044648B90121284696
:1039D0001DF04BFB70B13846FFF706FF6FF00A048D
:1039E000FFF7DEFE00287FF44DAF05F118001DF053
:1039F00044FB47E7D5E8EF3F43F00403C5E8E23F67
:103A0000002AF7D1EB680133EB602B79022B08D148
:103A100005F1400018F0AEFD10F0010001D1287151
:103A2000DEE7FFF7BDFE40B94FF0FF384FF0FF393A
:103A300005F1300A2B79022B1AD0EB68012BCFD875
:103A40000121AB6868699847041E29DAEB68013BDD
:103A5000EB60002FC4D03846FFF7C6FE336AD3E8C8
:103A6000EF1F21F00401C3E8E21F002AB8D0F6E7F7
:103A70000321504605F1180B24F0D4FB58461DF0E5
:103A8000FCFA002203215046CDE9008924F0CEFB48
:103A90004FF0FF324FF0FF3358461DF0ECFAC9E704
:103AA00000232B719CE76FF00A04EBE66CE50B003A
:103AB0002FD90B00EC5202202DE9F047046A07468B
:103AC0008A4620460521914698461DF0CEFA18B93F
:103AD00000252846BDE8F087EFF31185202383F306
:103AE0001288BFF36F8F41481AF008FB064640B9B1
:103AF0003F4984223F481CF00EFF84213C481CF0C3
:103B000001FF3A481AF01EFBE3683848012B86BFD4
:103B100003F1FF33E36000261AF0FEFA40B934499E
:103B20004FF4997233481CF0F6FE4FF49971E5E7B3
:103B300085F31188BFF36F8F002EC9D1FFF730FED8
:103B4000C8B924F0FFF9421E66F1000304F1180021
:103B50001DF091FA051E46DB5646E3686BB9264810
:103B6000036813F0060F03D00221244A1DF09AF9CE
:103B70006FF077050EE03546EFE7013BE3604BB9A8
:103B80008EB102234A4623711D48434604F1400189
:103B900018F00EFCFFF704FE00289AD104F118007B
:103BA0001DF06BFA95E73146A36860699847051EDA
:103BB00003DAE3680133E360ECE7012323710221B8
:103BC000386A1DF052FA0028E4D03B6A1869FFF702
:103BD0000BFE3B6AD3E8EF1F21F00401C3E8E21FAC
:103BE000002AD7D0F6E76FF00F0572E7EC520220FB
:103BF0006CE50B002FD90B0098210220A3E80B00E5
:103C0000A0400220F8B50021044650F8383C50F896
:103C10002C0C98470546A4F128074FF0FF334FF0CE
:103C2000FF3238461DF027FA002DB7BF54F8343C58
:103C30000123013344F8343CB8BF002304F83C3C72
:103C40000121A4F11000994024F0E8FA3846A4F1CB
:103C500040061DF012FA45B10D490E48A6221CF08F
:103C60005AFEA6210A481CF04DFE022130461DF0E6
:103C7000FCF958B154F8300CFFF7B6FDD6E8EF3F29
:103C800023F00403C6E8E23F002AF7D1F8BD00BFE5
:103C9000B6E80B002FD90B0070B50446006AC8B314
:103CA00008211DF0E2F978B3256A1435EFF3118687
:103CB000202383F31288BFF36F8F28461AF01EFA71
:103CC00040B91549842215481CF025FE842112486C
:103CD0001CF018FE28461AF035FA20461DF09AF915
:103CE000044628461AF018FA40B90B494FF4997265
:103CF0000A481CF010FE4FF49971E8E786F311882A
:103D0000BFF36F8F204670BD2046BDE87040012193
:103D1000FFF7D2BE0446F5E76CE50B002FD90B0088
:103D20002DE9F041056A0646002D00F08880052146
:103D300028461DF09AF9002840F0848030461DF096
:103D400038F9044600287FD10821306A1DF08DF92A
:103D5000002843D0D6F8208008F11405EFF311872E
:103D6000202383F31288BFF36F8F28461AF0C6F919
:103D700040B93749842237481CF0CDFD84213448AE
:103D80001CF0C0FD28461AF0DDF998F8041041B97E
:103D90003046D8F808309847041E0BDB012388F81A
:103DA0000430D8F8003043F02003C8F80030002376
:103DB000C8F80C3028461AF0AFF940B924494FF43E
:103DC000997224481CF0A7FD4FF49971D7E787F347
:103DD0001188BFF36F8F2046BDE8F081FFF7E0FC4C
:103DE00038B94FF0FF324FF0FF3305F118001DF0E6
:103DF00042F96B692BB918496E6105F1400018F062
:103E00006FFA2979C9B9AB6868699847041E0BDB5A
:103E100001232B710023EB60D5E8EF3F43F0200333
:103E2000C5E8E23F002AF7D1FFF7BAFC0028D2D15B
:103E300005F118001DF021F9CDE70024EAE76FF045
:103E40008504C8E70024C6E76FF00F04C3E700BF8E
:103E50006CE50B002FD90B00053C0900244BF7B58E
:103E6000C01841F100034FF0FF340021214A1568CA
:103E700045B1D2E90265864275EB0307BEBF0C4629
:103E800030462B460131052902F11802EFD11A4ABA
:103E90000128546373F100026FF0010222DB6FF01E
:103EA0000044824274EB0301BCBF104623464FF02E
:103EB000FF31121A61EB03034FF0FF304FF0FF3177
:103EC000CDE900010C481AF0F3FC0C4B1B7863B1F0
:103ED0000B4B18680B4B19688368DB6803B0BDE8AF
:103EE000F04018474FF0FF33E6E703B0F0BD00BFE6
:103EF000B4C40400B841022080410220B76302200C
:103F0000F4520220F052022010B5406B431C05D041
:103F1000182343430949CA18CB582BB91AF0D0FBD0
:103F2000BDE81040FFF79ABF53691BB1BDE81040D0
:103F3000116918470120FDF795FF00BFB841022025
:103F40001FB5F0B1022242F224718DF80C2000223C
:103F50008368CDE900210292114A9B68694610608E
:103F60009847104C0028034620600ADA0E48026881
:103F7000520703D001210D4A1CF09DFF206804B0B8
:103F800010BD00220A490B4824F0D6F81AF098FB1D
:103F9000FFF764FF0122084B00201A70EFE700BF13
:103FA000F4520220F0520220B4210220E4E80B0077
:103FB000093F090080410220B863022004282DE94E
:103FC000F041044624D819F073F91AF079FB18224D
:103FD00047F6122C05460E4640F2E73000215443C6
:103FE0000D4B4FF47A721F191C590023E4FB0C018E
:103FF000FAF70CFC401946EB0101C7E9020128461B
:104000003146FFF72BFF19F0A5F90020BDE8F0813C
:104010006FF01500FAE700BFB84102202DE9F0412A
:104020000E461746054600285AD0EFF31188202384
:1040300083F31288BFF36F8F2B481AF05FF840B9F3
:104040002A4984222A481CF066FC842127481CF057
:1040500059FC25481AF076F800244FF0180C254B2F
:104060000CFB04F01958C21859BB1D504FF0FF311A
:104070004FF0FF30204DC2E902012B7817615661E5
:1040800043B91E4B186828B1836802211B68984702
:1040900001232B702046FFF791FF13481AF03CF8DC
:1040A00040B912494FF4997211481CF034FC4FF496
:1040B0009971CBE788F31188BFF36F8F2046BDE875
:1040C000F0810134052CCBD107481AF025F80028DF
:1040D000E7D088F31188BFF36F8F6FF00B04EDE723
:1040E0006FF01504EAE700BFF85202206CE50B0000
:1040F0002FD90B00B8410220B7630220F4520220EE
:1041000010B5044623F068FB0349024620461DF023
:104110004FF9002010BD00BF26E90B0037B513464C
:104120000022044601920A21586801AA02F0FEF812
:10413000019D95B947F6122C20EAE074294640F219
:10414000E7304FF47A720023E4FB0C01FAF75EFBD0
:1041500019F0CAFA284603B030BD2A462046024963
:104160001DF042F9019DF5E752E90B0008B5034A3D
:1041700003491DF01DF9002008BD00BF3FEA0B00F8
:1041800045EA0B00F7B51746002305460A2101AAA8
:10419000B868019302F0CAF81749C6B228461DF064
:1041A00015F9019C44B12246284614491DF01CF91A
:1041B000019C204603B0F0BD042E09D932462846A2
:1041C0000F491DF011F928461DF01CF90124F0E7F4
:1041D0007868FEF7ABFE021E07DA28467A680949BE
:1041E0001DF002F96FF01504E3E73346214620463F
:1041F00012B21CF0D7FDDCE768EA0B00CEEA0B0038
:10420000F5EA0B000CEB0B00002307B500906946A4
:1042100004488DF8043023F026FF9DF8040003B015
:104220005DF804FBBD100B0070B504461AF00CFAE3
:10423000064613F00DFF054630461AF025FA2A46C9
:10424000204606491DF0B4F8204605491DF0B0F897
:104250002146044823F00AFF002070BD97EB0B00B5
:10426000B6EB0B006942090070B58EB004460D46EE
:10427000D0F8A46023F06FFE0346294A127852B9A1
:104280002849294840F246321CF045FB40F24631AD
:1042900024481CF037FB03F013FB244A1158244A2E
:1042A0002448002B08BF1346234A00938C4218BFB2
:1042B00002462346284621491DF07AF8D4E90A230C
:1042C000CDE90023284694F90E30A2891C491DF03F
:1042D0006FF806A92022204618F018FAE36E02466D
:1042E000184928461DF064F8204605A923F041FE30
:1042F000024628B1284614491DF05AF80EB070BD88
:104300006422059B2846F11A4A43B2FBF6F200915B
:10431000CDE901620D4932461DF04AF8EEE700BFD3
:10432000EE790220A6DA0B002FD90B00080000005E
:10433000C0EB0B004BE80B00BA030C00C3EB0B0007
:10434000CFEB0B00FBEB0B0012EC0B003FEC0B0078
:1043500070B5054690B008AE20220021304623F00B
:10436000A4FF1A222021304623F09FFF294615483A
:1043700023F07CFE4FF40061134807AA23F0EDFD03
:10438000044640B11149124850221CF0C4FA502191
:104390000E481CF0B7FA6423079A0096C2F5006134
:1043A0004B43DB0A05934FF40063CDE90313CDE9DA
:1043B000013208490346044A28461CF0F9FF20460A
:1043C00010B070BDD9430900F0C602208BEC0B0081
:1043D0002FD90B00D2EC0B0070B504460D46D0F877
:1043E000A46088B007A923F0C4FD024628B128467E
:1043F0000E491CF0DDFF08B070BD204623F0ABFD78
:104400006422079B0096F11A4A43B2FBF6F2CDE90B
:104410000131074BCDE90362002818BF034622464D
:10442000284604491CF0C4FFE5E700BF12EC0B006E
:10443000C0EB0B001BED0B0038B5134605461022F0
:10444000002158681AF04AFE0446FFF7DDFE38B92D
:104450002246284614491CF0C7FF6FF0150038BDEE
:10446000124B1B7853B91249124840F246321CF0E5
:1044700052FA40F246310E481CF044FA03F020FA9A
:104480000D4B1B589C4204D128460C491CF0ACFF34
:10449000E3E7204618F002FC2846224608491CF0B3
:1044A00087FF0020DBE700BF7FED0B00EE790220E5
:1044B000A6DA0B002FD90B00080000009AED0B00C4
:1044C000C2ED0B0038B5134605461022002158688E
:1044D0001AF004FE0446FFF797FE38B92246284634
:1044E00014491CF081FF6FF0150038BD124B1B788A
:1044F00053B91249124840F246321CF00CFA40F20D
:1045000046310E481CF0FEF903F0DAF90D4B1B584A
:104510009C4204D128460C491CF066FFE3E7204684
:1045200018F0A0FC2846224608491CF041FF002054
:10453000DBE700BF7FED0B00EE790220A6DA0B006F
:104540002FD90B0008000000F9ED0B001FEE0B0047
:1045500038B5134605461022002158681AF0BEFDF2
:104560000446FFF751FE38B92246284614491CF08C
:104570003BFF6FF0150038BD124B1B7853B9124941
:10458000124840F246321CF0C6F940F246310E485D
:104590001CF0B8F903F094F90D4B1B589C4204D160
:1045A00028460C491CF020FFE3E7204603F018F9E9
:1045B0002846224608491CF0FBFE0020DBE700BF2E
:1045C0007FED0B00EE790220A6DA0B002FD90B004D
:1045D000080000005AEE0B007FEE0B0010B50C46F1
:1045E00000211DF009F900B100680023024A206093
:1045F000C4E90123E36010BD50F00B0010B50C4678
:1046000000211DF0FDF800B100680023024A20607F
:10461000C4E90123E36010BD50F00B0073B50546FB
:104620001646506816F0C6F8044640B92846726827
:1046300016491CF0D9FE6FF0120002B070BD1CF0DC
:1046400024FD38B92846726811491CF0CDFE6FF080
:104650008500F2E720460DF107011CF0A1FC9DF852
:10466000072073684AB9284608210A4A1CF085FECB
:104670002046FFF7B9F80020DFE728460821064A60
:104680001CF07BFE2046FFF7F7F8F4E7B7EE0B00CF
:10469000CCEE0B0000EF0B001BEF0B0010B5034638
:1046A00000680C46114608B1027822B92046024A39
:1046B0001AF076FC204610BD36EF0B0010B50C68E2
:1046C000D1E90112FFF7EAFF08210346024A20461A
:1046D0001CF053FE002010BD3BEF0B0070B50546EB
:1046E0000C4623F0F2FA68B9D4E90112284626688C
:1046F000FFF7D4FF0449024630461CF075FE6FF008
:10470000150070BD0020FCE74BEF0B002DE9F04FCA
:1047100093B0044602A88846914616F03FF8282335
:10472000029F082103FB00773C4A20461CF025FE2F
:10473000029DBD4203D3002013B0BDE8F08F0DF100
:10474000180A302251462846FFF7A8FFB8F1020F99
:10475000064606D1D9F8041023F02EFE08B92835F4
:10476000E7E73346082120462D4A1CF006FE28467E
:1047700023F0ABFA00283ED00023284603A98DF889
:104780000C301CF00DFC002833D19DF80C00FEF716
:10479000B5FF064628461CF07EFC00282DDB009065
:1047A0003346082120461F4A1CF0E7FD30232846E7
:1047B0001D4903AA0593CDE9034A23F091FA6B6AD8
:1047C000002BCCD01E68002EC9D03368002BC6D079
:1047D00008212046154A1CF0D0FDB3464FF0000AD0
:1047E0003368534510D808212046114A1CF0C5FDF6
:1047F000B5E7104ECEE7104ECCE7334608212046F1
:104800000E4A1CF0BAFDD1E7082120465BF8043FB0
:104810000B4A1CF0B2FD0AF1010AE1E780EF0B0040
:104820008AEF0B008FEF0B00BD460900A0EF0B00D5
:1048300074EC0B0071EF0B0077EF0B007C2A0C007F
:104840008BEF0B00F0B5054691B0506816461CF092
:10485000DBFF074648B92846726816491CF0C4FDBC
:104860006FF01204204611B0F0BD23F02EFA30B1E3
:104870007268114928461CF08DFD0024F2E704AB54
:104880000293302338460D4901AA0195039323F082
:1048900027FA041EE6DB384623F00EFA7268044657
:1048A00028B10346064928461CF09EFDDAE7054973
:1048B000E0E700BFB7EE0B00B2EF0B00DD460900EA
:1048C000D4EF0B0001F00B00F7B5137806463A2B36
:1048D0000F46154614D1541C23783A2B28D10134A5
:1048E0000A22204601A91AF085FB019A0346A2423A
:1048F000386017D01078A8B93C2B15D915490EE0AF
:104900000A22284601A91AF075FB019CB860AC4246
:1049100008D023783A2B05D1172807D90E493046FD
:104920001CF062FD6FF0150003B0F0BD0134D3E759
:104930000A22204601A91AF05DFB019B7860A34280
:10494000F0D01A783A2AEDD13B2801D90349E6E79D
:104950005C1CC5E7E3F00B00C5F00B00D3F00B00C7
:104960002DE9F0410D4694B006A9044601201746F2
:10497000FCF75CFF0BA906A81AF066FA032D55D1C7
:104980007D680A22284605A91AF034FB059E804658
:10499000B54215D032782D2A12D101360A2230467E
:1049A00005A91AF027FB059B9E4209D01A782D2AEB
:1049B00006D1451E0B2D0CD92E4920461CF014FDA6
:1049C00020461CF01FFD6FF01505284614B0BDE809
:1049D000F0815E1C0A22304605A91AF00BFB059BEC
:1049E0009E42EDD01B78002BEAD1431E1E2B01D92D
:1049F0002149E2E7A8F26C73CDE90F53BA680E9033
:104A000020460BA9FFF760FF0028D9D10BA8FDF7BE
:104A1000B3FAB1F1FF3F08BFB0F1FF3FCDE90601A6
:104A200008D1204615491CF0DFFCCCE7022DC7D188
:104A30007A68E5E700230893012006A9FCF73CFF0C
:104A4000054628B102460E4920461CF0CDFCBAE7C7
:104A50000B9B109A03930C9B204602930D9B0949D4
:104A600001930E9B02F26C7200930F9B01331CF0BA
:104A70009FFCAAE7F3F00B0002F10B000FF10B0013
:104A800038F10B004FF10B0010B5044692B004A9A9
:104A90000120FCF7CBFE09A904A81AF0D5F9099B5F
:104AA0000E9A03930A9B204602930B9B064901939F
:104AB0000C9B02F26C7200930D9B01331CF078FC8E
:104AC000002012B010BD00BF4FF10B002DE9F041E6
:104AD0001446884607461022002160681AF0FEFA44
:104AE000B8F1020F06461CD90A220021A0681AF06C
:104AF000F5FAC5B22A4638461E491CF059FCB8F1F1
:104B0000030F1DD8102D0ED0202D0FD0082D0FD142
:104B10003278D2B20023384617491CF049FC0020F5
:104B20000CE02025E6E7328892B2F3E73268F1E73D
:104B3000384612491CF03CFC6FF01500BDE8F081CE
:104B40001022E06800211AF02FFB0B4602460446B3
:104B50000B4938461CF02CFC102D06D0202D07D018
:104B6000082DE5D1E4B23470D9E7A4B23480D6E799
:104B70003460D4E79EF10B00C9F10B00B3F10B00D8
:104B8000DCF10B0000232DE9F04791464FF0FF3593
:104B9000012286B00193514B074688461A602026B1
:104BA000FDF754FA2C46494640464D4AFDF772FA45
:104BB000431C06D1691C41D14A4938461CF014FCFB
:104BC00017E073281AD0772828D0612811D1DFF890
:104BD00018A11021DAF8000001AA01F0A7FB019B3F
:104BE0000546002BDFD0DAF80020404938461CF09B
:104BF000FBFB6FF0150006B0BDE8F087DFF8E8A01A
:104C00000021DAF8000001AA01F090FB019B0446A4
:104C1000002BC8D0DAF800203549E7E7DFF8C8A054
:104C20000021DAF8000001AA01F080FB019B064692
:104C3000002BB8D0DAF800202E49D7E7621C01D14A
:104C40002D49BAE75FFA86F8A8F10803DBB2182B02
:104C5000C6F3C40604D8294A22FA03F3DB0723D497
:104C60004246384626491CF0A3FBC2E7B8F1100FB4
:104C700021D0B8F1200F24D0B8F1080F01D10A7863
:104C80001A70314433444218102AEFD9102CA1462F
:104C900028BF4FF0100929464B46384602AA01F0BA
:104CA00051F91035A4EB0904B4B1A642EED8294657
:104CB00002AB701BE7E70A8892B21A70120A5A70A8
:104CC000DFE70A68C2F3072C1A70120C9A70120AF6
:104CD00083F801C0DA70D4E720468CE78C1D0220EF
:104CE0002CF20B0033F20B00C0520220F2F10B0049
:104CF00005F20B0018F20B0050F20B00010100014D
:104D00006AF20B0070B50E4E04460D46337829B199
:104D100023B10C49BDE870401CF066BB83F0010371
:104D200033702BB1204608491CF042FB012333703D
:104D300029462046BDE87040002201F059BA00BF64
:104D4000B963022084F20B00BFF20B002DE9F041A1
:104D500005460C46DFF8EC803B4E8F18A74201D188
:104D6000BDE8F08198F8002014F8013B182A22D100
:104D7000112B20D10026354C28462268344988F86A
:104D800000601CF015FB28463146FFF7BBFF314B96
:104D900018780028E4D1304A23681168042B2EDCEF
:104DA00008B12360116013F003012FD1126813685A
:104DB0001BBA1360D4E7A3F13002092A88F8003047
:104DC00004D923F02002413A052A04D83168234A45
:104DD0005354013131603368022BBFD110220021BE
:104DE0001E481AF07BF91E4A136803F8010B136082
:104DF000164A13680133136000233360AEE7086876
:104E0000043B00BA41F8040B0120C7E75B4203F002
:104E1000030358BF5942022904D1126813885BBAB0
:104E20009BB2C6E703299BD1106802681104C2F344
:104E3000074301F47F010B4302F47F4213430360F5
:104E40008EE700BFBA630220FC520220005302200A
:104E5000E9F20B00BB63022004530220BC63022072
:104E6000085302202DE9F8430023804617460D46DB
:104E70002549264E0B60264933700B60012DB9463B
:104E800057F8044F1DD902222046224923F04DFA3B
:104E900070B9A378003B18BF01231C4402222046AE
:104EA0001D4923F042FA28B901233370013DE5E79B
:104EB0000023F2E720461749F9F7C2FCC0B909F10F
:104EC00004090022D9F8040011461AF007F900225B
:104ED000124B11461860D9F804001AF0FFF8104B75
:104EE000104918604046FFF70DFF0020BDE8F88329
:104EF00023782D2BE5D16378002BE2D02246404663
:104F000009491CF055FAD1E7FC520220BB6302208C
:104F10000053022003F30B0006F30B00085302209A
:104F2000045302204D4D090009F30B0008B5024956
:104F30001CF03EFA002008BD70F40B0008B50249D1
:104F40001CF036FA002008BD7EF40B0008B50249BB
:104F50001CF02EFA002008BD8BF40B0007B50948A1
:104F600022F0B3FE58B104233A22009305490123ED
:104F7000054801F0ADF8002003B05DF804FB6FF0C8
:104F80001200F9E7048B0B002C9B0B002DE9F34179
:104F90004468884604F1280601A930461F4622F0DD
:104FA00067F9054602460199404623F058F929461B
:104FB000304612F0F9FA3D60636C83B378B3304643
:104FC00022F035F994F83460054650B9164917486F
:104FD00040F2D9121BF09FFC40F2D91112481BF08D
:104FE00091FC04F14403D3E8EF1F0139C3E8E21F49
:104FF000002AF8D120683246836829461B69984701
:1050000000280CDA10F10D0F0AD100232068636428
:1050100083683246DC68294642F21073A0470020BC
:1050200002B0BDE8F08100BF84F50B002FD90B0062
:1050300070B5044608466168C1E900028B60FEF75E
:105040001BFC00284ADB6468264604F1480356F836
:10505000285BA3634FF48273E363042384F8403036
:105060000021012204F1100022F0F8FE304604F184
:10507000380112F0D3FA40B11949FB2219481BF04C
:105080004AFCFB2116481BF03DFC304622F0CFF8CD
:10509000AB6806461B6843B9114940F2011211483A
:1050A0001BF039FC40F20111ECE7224628460E497C
:1050B00098470028F0D194F83420AB683146DC687A
:1050C000284642F21073A04740B1054940F205124C
:1050D00004481BF020FC40F20511D3E770BD00BF6F
:1050E00084F50B002FD90B006B110B0010B5044693
:1050F0008168183101F086FCA1682046BDE81040A7
:10510000014A183101F01EBCE7F50B0008B5094B48
:105110001B7853B90849094840F246321BF0FBFBA3
:1051200040F2463104481BF0EDFB02F0C9FB044B92
:10513000185808BDEE790220A6DA0B002FD90B0013
:105140000800000038B5044650B91D4940F221520C
:105150001C481BF0E0FB40F2215119481BF0D2FB28
:1051600083680BB1426842B9154940F22252154892
:105170001BF0D1FB40F22251EFE7D3F88032DB0580
:105180001BD4C0691CF02AFE606803685B689847FE
:10519000054620B9E0681CF0FAFFA3681D75A368F6
:1051A0005B6C13B12946204698470022A368C3F8D8
:1051B000AC22FFF7ABFF02F013FB6FF00F05EEE739
:1051C000F5F50B002FD90B0001491CF031B800BFD9
:1051D00074EC0B002DE9F04FA5B0044654220021D9
:1051E0000FA823F062F800230493A36820465C33E1
:1051F00002931CF025FC20461CF068FB10B9606986
:10520000FFF7E2FF00274FF0FF38BA463D463E4623
:10521000B946A06814220021183023F046F8204631
:105220001CF0AFFAA168E068B1F854205C311CF0C2
:1052300073FF0DF13C0B0397049B012B05D0142D3C
:1052400000F0D480B8F1000F1AD1B9F1000F0AD0E4
:1052500099F81130FE2B06D124AB03EB850353F8EC
:10526000543C03B10135A068436A002B40F08A80AA
:10527000CFB1C3699F422BD00B9700F1180522E0F4
:1052800059460223029A04A81CF07EF95BF8042F09
:1052900004990346029231B101290AD148B1574A13
:1052A000204601F08BF96FF00705284625B0BDE8D0
:1052B000F08FC5B15BF8040C01F0D4FB98B167B175
:1052C000A5680B9718350AAE0FCE0FC533682B6053
:1052D0002046FFF70BFF0125E7E701212046484A5A
:1052E00001F06CF9DFE7039B33B948465BF8041C17
:1052F00005AA1CF0F9F9064608F1FF383EB3F36839
:10530000ABB1B646A36803F1180CBEE80F00ACE8D9
:105310000F00DEF80030CCF80030B36833B9737C8E
:10532000FE2B04BF96F8108008F1FF38AA46D6F885
:1053300004C0BCF1000F08D0B6460AAFBEE80F00AB
:105340000FC7DEF800303B606746B14602E055B15A
:1053500001230393B8F1000F03D1049B022B7FF4C8
:105360006BAF013568E7A368DB6A13B1DB68002B1C
:10537000EED1244B0121009320460F9B224A01F0DD
:105380001DF9E5E790F82830A5EB0A05BBB14FF60B
:10539000FF7290F82910FF2918BF0A469D4202D3D8
:1053A00013449D420BD9836901212046174A01F01D
:1053B00005F92046FFF79AFE6FF0150575E7012104
:1053C0001BF055FFA0681BF046FFA3680FAA2946F3
:1053D0005B6A02EB8A02204698470546A0681BF0EC
:1053E0003EFF0021A0681BF042FF5EE7022B7FF426
:1053F0002CAF0121064B074A52E700BF1DF60B00F8
:1054000031F60B004FF60B006A1B0C0087F60B0001
:1054100063F60B004A2B0C00F7B5044680680D4676
:10542000817D002949D1D0F880325A0504D51BF07E
:1054300029FFE0681CF042FEE368DB6873B9002DC9
:105440003BD0A66806F15C0738461BF0FEFE00283C
:1054500035D0394606F5AE70F9F7FCF9A268294651
:10546000E0680DF106035C321CF02BFE58B9A06811
:1054700000F5AE715C30F9F7EDF9A0685C301BF017
:10548000E4FEADF8060020461CF0D3FAA368D3F87A
:105490007C329B0603D50B4960691BF0C9FE204690
:1054A00000F0AAFFA268BDF806302046A2F85630E8
:1054B000A268A2F854301CF020FA03B0F0BD86F8C0
:1054C0005C01CBE7C89F0B00022210B5836804463D
:1054D0001A7583689B6CBBB91BF089FE8368D3F88F
:1054E0008032DB040BD50321084B094A01F066F832
:1054F000A0686FF4805100F520701BF08EFE2046EE
:10550000BDE8104001F0B6B910BD00BFA2F60B0017
:105510008CEF0B0000232DE9F04F0446B1B0099346
:10552000A36860689E6C026815691EB3DF6C102268
:1055300009AB1BA9A847099BCBB10121A0681BF0AF
:1055400096FEA0681BF087FE3B46099A1BA92046E1
:10555000B047A0681BF083FE0021A0681BF087FE07
:10556000A3689B6C002BDBD12046FFF7ADFF31B069
:10557000BDE8F08F09AB01220DF12301A847099B7B
:10558000002BF4D09DF923109DF823300029A26848
:10559000C6DB517D032900F23C83DFE811F00400F3
:1055A000BD02D4023A030D2B43D00A2B41D0B2F8EE
:1055B0008012092B21F0FF01A2F880126DD028D8AB
:1055C000002B00F0EB80082B00F00E82A268D2F8CE
:1055D0007C12890740F1E280013B162B00F2DE804D
:1055E000DFE813F00003210230021D02FA02490233
:1055F000DC00DC00DC00DC004D025102DC00660255
:10560000DC006B02DC00DC00DC006D027D02DC00F3
:1056100092021B2B3DD07F2B00F0F381A3F12002DF
:105620005E2AD3D80121A0681BF02CFE9DF8231020
:10563000ECE0D2F88012C9B221B1D2F88012C9B21E
:105640008B42C3D1B2F8801263F30701A2F8801233
:10565000A568AB7D012B06D16069FFF7B5FD02227D
:10566000A3689A7583E7B5F8541061B928461BF012
:1056700009FEE0681CF022FD6069FFF7A5FD2046E9
:10568000FFF722FF4CE72046FFF7A4FDC5F8B00264
:10569000F5E70122A3685A7580E0A068D0F87C3253
:1056A0009B077BD501211BF0EDFDA068857D002DBA
:1056B00074D1B0F85430FF2B70D0B0F8562000F100
:1056C0005C0100F5AE7022F0CAFDA3681BA9B3F817
:1056D00056200BA8134483F85C51A268142302F5EA
:1056E000AE721BF051FF0B99142957D830AB03EB66
:1056F000810343F8545CA368B3F85620002A00F0F5
:105700008A82134493F85B30202B00F0888221B109
:10571000093B042B37D9012934D100250A950A9B6E
:1057200030AA02EB830353F854AC002650461BF01A
:105730008CFDB34681463746B0464146284616AAF8
:1057400000F086FD034668BB012E74D10A9B30AA87
:1057500002EB830353F8540C1BF077FDA268064656
:1057600039462846183200F073FD002832D1B0497E
:105770004FF4BA72AF481BF0CEF84FF4BA71AC4890
:105780001BF0C0F8013900200CAB009301900AAB6C
:105790001BAA1BF0D4FF05460028C0D160691BF08E
:1057A0004BFEBDE61B684A4651461846039322F05D
:1057B000BCFD60B9039B1846F9F754F8584538BF4B
:1057C0005846002E08BF47461FFA80FB013608F1F5
:1057D0000108B2E7056828461BF037FD864205D070
:1057E000821B92B22046A9191CF0D2F9A068B0F829
:1057F0005630034493F85C30202B0BD0093B042B2C
:1058000008D9D0F87C32DF0709D42021204600F0E7
:10581000F9FFC3E7012120461CF0A3F8BEE70021F1
:105820001BF03BFD2021204600F0ECFF0121A06889
:105830001BF033FDB2E70490B0D90A9A30AB03EB0A
:10584000820252F8543CB946184603931BF0FDFC03
:10585000049BA2680690A2F840300496A2684946CC
:105860002846183200F0F4FC40B9714940F2BD12EC
:1058700070481BF050F840F2BD1180E7039BD0F850
:1058800000A0D4F8088009F10109EBB1BAF1000FCA
:105890001DD019465046069A22F047FD0028DDD15A
:1058A00065481BF0D2FCB8F83A2000EB0B0189B236
:1058B000121A92FBF1F292B28ABB5D4998225D48BE
:1058C0001BF029F898215AE7BAF1000FE8D100231C
:1058D000A8F84030049B013B0493BFD16069FFF7F7
:1058E00073FC204600F0C6FF0A9B30AA02EB83033C
:1058F00053F8540C1BF0A9FC3946804611AA2846DF
:1059000000F0A6FC07F10109074688BB484940F2B0
:10591000D91248481AF0FFFF40F2D9112FE750463C
:10592000079205911BF091FC0599079A091A8BB211
:10593000B8F840100593481CA8F84000B1FBF2F0FD
:1059400002FB101189B261B9062120463A4B3B4A4D
:10595000CDF800A000F032FE2046059900F036FD9B
:10596000B8E7534606212046354A00F027FEF3E704
:10597000A0683968FF2200F5AE7022F0E8FC3B68B1
:105980004FF6FF77BA4603934946284616AA09F10F
:10599000010B00F05DFCD8B10022A168036801F2A0
:1059A0005B1111F801EF985C704503D110B1013221
:1059B0005245F6D1B8F1000F01D0424506DBBA429C
:1059C000A8BF3A46013E012E97B201D0D946DBE787
:1059D000002F3FF4E3AE0399A7EB0802204692B2F2
:1059E00041441CF0D5F8D9E6A068D0F87C329E0777
:1059F0007FF5D4AE01211BF045FC20461CF0E9F8F0
:105A0000CCE6A068D0F87C329D077FF5C7AE0121B7
:105A10001BF038FCA368D3F87C321807EDD420467D
:105A20001CF0B8F8BAE620461CF013F8B6E600BF42
:105A3000F5F50B002FD90B004AE80B00E6F60B003A
:105A40008CEF0B0020461BF0FBFF20461BF03EFFB7
:105A500010B96069FFF7B8FB0121A0681BF012FCC8
:105A6000A3689A7D012A02D103229A7596E6204600
:105A7000FFF72AFD92E620461BF0F4FF8EE6204653
:105A80001BF0FBFF8AE6D2F87C329F0603D56649FD
:105A900060691BF0CDFBA368D3F87C329E0603D56A
:105AA000624960691BF0C4FB204600F0E3FE75E626
:105AB00000212046FFF7B0FC70E60121F9E7E0691C
:105AC00083681B79012B02D11CF088F966E6022B52
:105AD0007FF464AE2146126D1CF069F95EE6204643
:105AE0001BF0A7FF20461BF082FB0121A0681BF0E2
:105AF000C9FBA368D3F87C329D067FF54FAE4C49B5
:105B000060691BF095FB49E6204600F0A9FD0121E4
:105B1000A0681BF0B7FB41E65B2B02D10223537553
:105B20003CE6D2F87C22900706D5622B07D14FF0D5
:105B3000FF3120461BF03EFF0022A368ABE5662B39
:105B4000FAD10121F5E700215175A268D2F87C1243
:105B500089077FF5E5AC313B1B2B3FF61FAE01A15A
:105B600051F823F0E15B0900ED5B0900015C0900DD
:105B7000D55B09009D5709009D5709009D570900F5
:105B80009D5709009D5709009D5709009D57090021
:105B90009D5709009D5709009D5709009D57090011
:105BA0009D570900BB5A0900B15A0900775A0900EC
:105BB000275A09009D570900D95B09009D57090024
:105BC000E55B09009D5709009D5709009D57090095
:105BD000F15B09000323537520461BF031FFDDE51F
:105BE0000323537520461BF024FFD7E50323537589
:105BF000A068D0F87C1201F0010181F0010117E6E4
:105C000003235375A368D3F87C329B077FF5C6AD99
:105C100005E7002383E700297FF47DAD7DE50029BA
:105C20007FF4B1AD79E500BFCD9F0B00D29F0B0093
:105C3000C89F0B0010B5044650B9164940F2FA52FD
:105C400015481AF068FE40F2FA5112481AF05AFE4E
:105C5000806840B90F4940F2FB520F481AF05BFED2
:105C600040F2FB51F1E74FF4807100F520701BF01A
:105C7000C9FAA3681B7D022B02D12046FFF74AFC1C
:105C8000A0686FF48071BDE8104000F520701BF033
:105C9000C4BA00BFF5F50B002FD90B0010B50446B0
:105CA00050B9244940F2BC5223481AF034FE40F265
:105CB000BC5120481AF026FE83681BB142680AB125
:105CC000026842B91B4940F2BD521B481AF023FE3C
:105CD00040F2BD51EDE71A7D012A28D1D3F8802288
:105CE000510408D5D3F87C22520704D401461A6D1A
:105CF000C0691CF05CF843F609520023A0681BF051
:105D000000FB10B96FF00F0010BD0821204600F015
:105D100017FC204600F0C8FD6069FFF755FA2046E1
:105D2000FFF7D2FBA0681BF096FA0020ECE76FF0BB
:105D30008500E9E7F5F50B002FD90B00F7B5044610
:105D40008068154600F52070002937D04FF4804157
:105D50001BF058FAA36800211D65606803689B6802
:105D6000984780BB2046FFF799FF60BB4FF0FF3696
:105D70004FF0FF37A06800F5217000220721CDE920
:105D8000006722F053FAA0681BF069FA042120464C
:105D90000E4A1BF0D6FA012120460D4A1BF0D1FA1B
:105DA000204602210B4A1BF0CCFA606803685B694D
:105DB00003B19847A0681BF04EFADBE76FF480410F
:105DC0001BF02BFAC6E703B0F0BD00BF4551090038
:105DD000355C0900B9120B002DE9F0410F4616465B
:105DE0009846044650B9444940F2226243481AF0AA
:105DF00092FD40F2226140481AF084FD22F0A2F8A0
:105E000040B13D4940F223623C481AF084FD40F223
:105E10002361F0E7A56845B9374940F22462374865
:105E20001AF079FD40F22461E5E7D5F880321B05D0
:105E30000ED4FFF76BF9D5F8AC32834208D12E4966
:105E400040F225622D481AF066FD40F22561D2E746
:105E5000636943B9284940F2276228481AF05BFD7C
:105E600040F22761C7E746B923494FF4C56223488A
:105E70001AF051FD4FF4C561BDE72B7D022B07D011
:105E800005F520704FF48051BDE8F0411BF0BAB920
:105E900043F60952002328461BF033FA48B3A3689F
:105EA000D3F88022100508D49A6C32B9D3F87C322A
:105EB000990602D520461BF0EEFD43463246394690
:105EC00020461BF006FEA368D3F88022120508D4F2
:105ED0009A6C32B9D3F87C329B0602D5204600F08A
:105EE000C9FC60691BF0A8FAA068BDE8F0411BF08E
:105EF000B2B9BDE8F08100BFF5F50B002FD90B005A
:105F000010B504460A491BF053FA204609491BF014
:105F10004FFA204608491BF04BFA204607491BF070
:105F200047FA20460021064A00F00CFD002010BD73
:105F3000ECF60B002AF70B0089F70B00DDF70B00DE
:105F400078F80B00F8B516461F46044650B92649A6
:105F5000264840F279621AF0DEFC40F2796122486C
:105F60001AF0D0FC0A4622491BF022FA0025AF4263
:105F70000ED92046725D1F491BF01AFA0135102D0B
:105F80000BD06A07F3D120461B491BF011FAEEE74C
:105F900020461A491BF00CFAF0E7204618491BF07E
:105FA00007FA0025AF4213D9725D2046A2F1200303
:105FB0005F2B28BF2E2213491BF0FAF90135102D53
:105FC0000BD06B07EED120460B491BF0F1F9E9E746
:105FD000204609491BF0ECF9F0E72046BDE8F840FF
:105FE00009491BF0E5B900BFF5F50B002FD90B00EF
:105FF0008EF80B0043E80B004BE80B0049E80B0060
:106000004DE80B00E3F80B0095F80B002DE9F0418B
:106010000F4614460646E0B90F49104840F2A26206
:106020001AF079FC40F2A2610B481AF06BFC102CBC
:10603000A04628BF4FF010082A46E91B43463046C9
:10604000FFF780FFA4EB08044544002CEFD1BDE826
:10605000F0810D46F9E700BFF5F50B002FD90B00D5
:1060600070B50D46044650B91749184840F2B4625D
:106070001AF051FC40F2B46113481AF043FC99B194
:1060800008461BF0E2F843F6095206460023A068D2
:106090001BF037F910B96FF00F0070BD731C142B93
:1060A00005D9A0681BF0D7F86FF01500F5E7294671
:1060B000A068F8F7CFFBA36883F83C60A0681BF0EA
:1060C000CAF80020E9E700BFF5F50B002FD90B0057
:1060D0002DE9F041884615461F46044688B050B960
:1060E0003F4940F28B523F481AF015FC40F28B5169
:1060F0003B481AF007FC806818B163680BB123684D
:1061000043B9374940F28C5236481AF004FC40F249
:106110008C51EDE7D0F8AC62002E5DD1237C013BC1
:10612000012B08D92E4940F2EC422E481AF0F3FB1D
:1061300040F2EC41DCE74FF42D72314622F0B5F825
:10614000A06800F5217018F0C5FDA06800F5257065
:106150000122114621F082FEA3694FF400711E60F6
:10616000A06866F3820500F520701BF04BF8502202
:10617000A36820465A871822A3681A872168FFF768
:106180006FFFA3684146C3F87C526068164A0368F3
:106190001D682346A8470546D0B90122A3681A7591
:1061A000D4E90A0100220023CDE906230E2303933C
:1061B0000E9B4FF48052CDE9017304950B4B009474
:1061C00016F086FBA368C3F8AC02616A16F08EFA7B
:1061D000284608B0BDE8F0816FF07705F8E700BF0A
:1061E000F5F50B002FD90B0015130B003D5D0900D1
:1061F00010B550B90A490B4840F242721AF08BFBB5
:1062000040F2427106481AF07DFB8468A1648368FD
:10621000DA6419B9BDE810401AF0E9BF10BD00BF3B
:10622000F5F50B002FD90B0010B5044613460A46AE
:106230000146064801F0C6FD23691B7923B12046BB
:10624000BDE810401BF0F8B810BD00BF51140B00A2
:1062500038B50B46154648B91A491B4A521AB3EBD2
:10626000920F11D251F82350284638BD52B9174920
:10627000174840F229121AF04EFB40F22911134838
:106280001AF040FB84680CB90025EDE7114A9442EE
:106290000AD3114A944207D21846294622689047E9
:1062A0002B68002BE0D1EFE70C4A944202D30C4A52
:1062B000944205D3246814225343E518E358F0E7C9
:1062C0000133F8E75C9B0B00949B0B00B1F80B00CB
:1062D0002FD90B007C9F0B008C9F0B00949B0B0015
:1062E0007C9F0B00F7B5054601F0EAFA002306464D
:1062F0000D4F1446C3510A46284601A918F07AFEEC
:10630000F359222B05D16FF021030020236003B045
:10631000F0BD2BB9019BAB4202D01B78002BF6D00D
:106320006FF01503F1E700BF0C000000F7B503782C
:1063300004462D2B154605D16FF0150300202B6068
:1063400003B0F0BD01F0BCFA002306460A4F0A462E
:10635000C35101A9204618F0C1FEF359222B02D1E6
:106360006FF02103EAE7002BE6D1019BA342E3D0C3
:106370001B78002BE4D0DFE70C0000008368D3F823
:106380007C329B0603D5024940691BF080BA7047F6
:10639000D89F0B0001491BF07ABA00BF74EC0B00C8
:1063A0000A1E0DDC0ED042238168D1F87C128906CA
:1063B00008D5002A04494069B8BF52421BF067BAA9
:1063C0004123F1E7704700BFDFF80B000A1E0DDC28
:1063D0000ED044238168D1F87C12890608D5002AA2
:1063E00004494069B8BF52421BF051BA4323F1E758
:1063F000704700BFDFF80B002DE9F04784680546C1
:1064000004F15C00F8F72EFA0022914694F83C80E3
:1064100087B2668FA6EB0806BE4209DB002F21DD9E
:106420005C32686922441049BDE8F0471BF02FBA7E
:106430001644344494F85CA084F85C90AB685C32F9
:106440001A440A4968691BF022FAAB6832463344A1
:1064500083F85CA0AC68638FA3EB0803FF1A4FF0CE
:106460000008D6E7BDE8F0878CEF0B004A2B0C0044
:106470002DE9FF4788461446054608B1002950D14A
:106480002D4940F2C7122D481AF045FA40F2C711C3
:1064900029481AF037FA039AA24208D926494FF43C
:1064A000E97226481AF037FA4FF4E971F0E791449F
:1064B000A41A002A3BD1AB68197D03290ED002290A
:1064C00020D80821CDE9006703F5217021F0AEFE48
:1064D000A86800F52170082121F0A4FE6868224612
:1064E000036808EB0901D3F80CA003ABD0470028E0
:1064F000D1D0114940F2D11210481AF00CFA40F2F2
:10650000D111C5E7D3F880229205FBD503F520739E
:10651000D3E8EF1F21F40071C3E8E21F002ADDD0A9
:10652000F6E74FF000094FF0FF364FF0FF37002C31
:10653000D4D104B0BDE8F087E6F80B002FD90B00EA
:1065400008290A4617D8836893F83E10914212D062
:1065500083F83E208368082AD3F87C3205D0990658
:1065600009D5054940691BF092B99B0603D503493B
:1065700040691BF08CB9704712F90B00DD9F0B00CE
:1065800038B50D4609780446FFF7DAFF6A78072A1E
:1065900011D8A36893F83F1091420CD083F83F20A4
:1065A000A368D3F87C329B0605D560690249BDE833
:1065B00038401BF06CB938BD1BF90B000CB473B537
:1065C000069E0D46044650B923494FF40C722348E9
:1065D0001AF0A1F94FF40C711F481AF093F983686F
:1065E00043B91D4940F231221C481AF094F940F297
:1065F0003121F1E7426942B9174940F23222174886
:106600001AF089F940F23221E6E746B9124940F220
:10661000332212481AF07FF940F23321DCE7D3F835
:1066200080329B040BD421F08DFC40B10A494FF419
:106630000D720A481AF06FF94FF40D71CCE707ABF1
:1066400032462946204601931BF043FA02B0BDE8CA
:10665000704002B0704700BFE6F80B002FD90B0066
:10666000F8B583680446B3F85420002A55D0B3F82F
:106670005610002951D05B3103F15C050B441846DC
:10668000A84206D3014611F80169202E3CD0A84249
:106690003CD286B29DB2AB1B9BB2591C471CD21A8E
:1066A0000144384621F0E8FDA268711BB2F854306D
:1066B000204613FA81F3A2F85430A36809B2B3F864
:1066C00054201344002283F85C201BF04AF9A3688D
:1066D000D3F87C329A0603D5104960691BF0D7F8CD
:1066E0003B46082120460E4AFFF768FF2046FFF789
:1066F00045FEA368D3F87C329B060ED56069094934
:10670000BDE8F8401BF0C3B80846B9E7014611F8E8
:106710000169202EBDD00846B9E7F8BDE29F0B0005
:106720008CEF0B00E69F0B002DE9F04704460F4667
:1067300090460AB1FFF722FEA668D6F87C32B6F87A
:1067400056505B0723D505F15C003044F8F78AF812
:106750000546B5B9A368B3F85420A3F85620A0683D
:106760001BF0A2F830B1B8F1000F00D017B160698A
:10677000FFF710FE79422046BDE8F04709B21BF052
:10678000F0B81D4960691BF082F8013DE1E7304631
:10679000F8F768F8B6F85490738F19FA80F915FA7B
:1067A00080F0B0FBF3F2B9FBF3F39A42AA461AD099
:1067B0004845A368CEDA5A8F451CB0FBF2F302FBC2
:1067C000130313B96069FFF7E5FDA368204653443E
:1067D000082193F85C30094A0AF10106FFF7EEFE42
:1067E000B2462846E4E75C3508212046044A73197E
:1067F000FFF7E4FEAEE700BFBA030C00E3F80B00BE
:106800008CEF0B0013B583688DF80710D3F87C224A
:106810000446D00725D5B3F85610B3F854208A4261
:106820001FD0481C9DF80720A3F856000B4483F89E
:106830005C20A368D3F87C12890710D5D3F87C328A
:10684000606913F0040F18BF2A2209491BF01FF8D2
:1068500020461BF03BF810B16069FFF79BFD02B0CA
:1068600010BD012220460DF107011BF057F9F6E794
:10687000E3F80B0010B5836804469A7D1AB902212B
:10688000084AFFF79BFEA368D3F87C329B0707D525
:106890002046FFF7B1FD2046BDE810401BF03CB894
:1068A00010BD00BF8CEF0B0070B5044692B050B91C
:1068B0000E490F484FF410721AF02DF84FF4107172
:1068C0000A481AF01FF800234FF47A7501936068A4
:1068D0004022036802A91E6901ABB047019B13B1B6
:1068E00008B9013DF3D112B070BD00BFE6F80B004E
:1068F0002FD90B0001491BF0EDBA00BF74EC0B005F
:10690000F8B50F465168054616461C4611B11A46A1
:106910001BF0EDFAB3688BB121462846FFF756FD10
:106920000821074A3B462846FFF748FEB168E21DAA
:1069300021B12846BDE8F8401BF0D9BAF8BD00BF28
:1069400024F90B002DE9F0430E46002104461746BA
:106950000D4689B0304603AA01F10108FFF778FC23
:1069600088B96DB127B13A4608212046FFF726FEC7
:106970000021304603AA01F10108FFF769FC60B964
:1069800009B0BDE8F083006810B1F7F76BFF80B283
:10699000854238BF05464146DCE7D0F80090B9F1A2
:1069A000000F0FD099F8003063B1476808212046E6
:1069B000CDE90059104B114AFFF700FE27B9606975
:1069C000FFF798FF4146D4E70B4B204608210C4ABD
:1069D000FFF7F4FD38461BF06BFAAB1D9BB228B1F4
:1069E0003A4649462046FFF78BFFEBE71A46394601
:1069F00020461BF07CFAE5E755610C002FF90B00EF
:106A00003EE80B00F7B50F6805460E46D7B138468D
:106A1000F7F728FF84B2114B082128460093104A4B
:106A20003B46FFF7CBFD716808461BF041FAE31CBB
:106A30009BB248B10A462846316803B0BDE8F04031
:106A4000FFF75EBF3C46E6E731B11A46284603B081
:106A5000BDE8F0401BF04BBA03B0F0BD51610C0033
:106A6000E7F60B0010B507490446F7F7E9FE38B121
:106A700020460549F7F7E4FEB0FA80F0400910BD62
:106A80000120FCE736F90B0039F90B0010B58368DB
:106A90000446D3F87C329B0603D5064940691BF0B7
:106AA00092FA5022A36800205A871822A3681A87F6
:106AB00010BD00BFEA9F0B0008B5836902491A6840
:106AC0001AF076FC002008BD40F90B0008B5024919
:106AD000FFF7C6FA002008BD75EC0B0037B5044679
:106AE0000025A2680DF106030121E06802F5AE72EF
:106AF0001BF0E7FABDF80600A36840B12A4620461D
:106B0000054903F5AE731AF053FC0135E9E783F844
:106B10005C0103B030BD00BF50F90B0010B5044656
:106B20001AF082FC0349024620461AF041FC00207C
:106B300010BD00BF75280C00022907B50BD15368A2
:106B40000C49009312680C4B1AF04EFC6FF01500C4
:106B500003B05DF804FB8368084AD3F87C32084927
:106B600013F0020F074B18BF1A461AF021FC002041
:106B7000EEE700BF6FF90B005AF90B0080E80B003D
:106B800078F90B0046F50B00F7B5114905461AF0E8
:106B90000FFC00220F4C104FBC4213D90F49104874
:106BA000E62219F0B8FEE6210C4819F0ABFE636A44
:106BB00092B20093A36828460A491AF0F9FB3034D0
:106BC0003246E9E702F10106F1D3002003B0F0BD3F
:106BD00089F90B002C9B0B005C9B0B00B2F90B009E
:106BE0002FD90B00A1F90B0010B583680446D3F828
:106BF0007C329A0603D5074940691BF0E4F9A36883
:106C0000D3F87C329B0603D5034960691BF0DBF99E
:106C1000002010BDF19F0B00F69F0B00F0B501297D
:106C2000044685B00BD053685C49009312685C4BF6
:106C30001AF0DAFB6FF01505284605B0F0BD836841
:106C4000D3F87C329A0603D5564940691BF0BBF94C
:106C500000256FF0F9012046FFF7A2FBFA2120463C
:106C6000FFF7B4FBA0684FF48072294600F5AE70C0
:106C70008DF80B5021F019FB4B4960691BF0A3F90B
:106C800060691AF0D9FB4FF47A76606801220368D4
:106C90000DF10B011F6903ABB847039B53B9013ECC
:106CA0004FF47A70B6B221F003F8002EEDD16FF0F8
:106CB000850535E09DF80B20A3681B2A61D093F869
:106CC0005C111B29E1D1522A5BD15A19002382F8A9
:106CD0005C31A66896F85D215B2A39D1022006F264
:106CE0005D1515F8011F02463B2900F1010080B235
:106CF00031D1FF2ADBD002F5AE7216FA82F1002202
:106D000011F8015F002D30D1FA2A28BFFA22FA2BA0
:106D100028BFFA2386F85C51A1684A87A2681387C6
:106D2000A368D3F87C329B0603D5204960691BF029
:106D30004AF9002D80D05022A36820465A87182295
:106D4000A3681B491A871AF041FB6FF0070573E728
:106D500086F85C31ABE703EB8303303901EB430189
:106D6000B0F5807F8BB2BCD1A1E7013002EB82028B
:106D700080B2303D05EB4205B0F5807FAAB2BFD1AD
:106D800095E72B440135ADB2092D83F85C217FF6E0
:106D90007CAF0022A36883F85C2188E76FF90B00C1
:106DA0005AF90B00FC9F0B0058610C0000A00B006F
:106DB000DFF90B0008B5054819F097FD044819F0F4
:106DC00094FD044819F091FD002008BDD6FE0B008B
:106DD0001BFF0B004FFF0B0008B50348034A0021BF
:106DE000121A1BF0E9F908BD48250220F0790220AB
:106DF000074808B5074A0849121A1BF0DFF9BDE831
:106E000008400648064A0749121A1BF0D7B900BFC6
:106E10000000022042250220C4610C000000022074
:106E200000000220C4610C002DE9F84305460C4621
:106E300000AF002948D0DFF8B890D9F800305A07E1
:106E400042D0D1E900016E468AB06A46A3684FF08D
:106E50000508DFF8A0C0CDE90713CDE905C042F869
:106E6000108F00234FF421514846FCF74DF9D9F813
:106E70000030B5465B0727D0D4E903018AB06A46E3
:106E80006369DFF874C0CDE90713CDE905C042F8A6
:106E9000108F002348464FF42151FCF735F9D9F8FB
:106EA0000030B54658070FD0E36901214846134A20
:106EB0001AF001F8D9F80030590705D0A36901216B
:106EC00048460F4A19F0F7FF012D0AD1EFF3058369
:106ED00007480268520704D00A4A2946103B19F0B5
:106EE000EAFF2146284613F0ABFCBD46BDE8F88317
:106EF000902102207CFF0B00ABFF0B00DAFF0B00A0
:106F0000E9FF0B0017000C0030BFFFF7FDBF00BF0B
:106F10002DE9F04105460B4EDFF82C80324606EB9A
:106F20000807CC1B2046094921F099F9A0194246CF
:106F30000021083C21F0B9F9C5F8B04007F108007C
:106F4000BDE8F08100000000080000008C9F0B00ED
:106F500010B5334C2368580703D0324920461BF044
:106F60003AF9314B9B6A990157D523685A0703D0E8
:106F70002E492B481BF02FF91E202B4B9B6ADB015F
:106F800007D52368580703D0294925481BF023F962
:106F90001F20254B9B6AD90207D523685A0703D0C7
:106FA00024491F481BF017F902201F4B9B6A1B0343
:106FB00007D52368580703D01F4919481BF00BF960
:106FC0002120194B9B6A590307D523685A0703D020
:106FD0001A4913481BF0FFF82220134B9B6A9B03AE
:106FE00007D52368590703D015490D481BF0F3F85E
:106FF00023200D4B9B6ADA0307D523685B0703D078
:10700000104907481BF0E7F82420074A936A6FEA03
:1070100003436FEA1343936210BD1D20ADE700BF29
:10702000902102202A000C0000ED00E042000C003C
:1070300055000C006F000C0099000C00B7000C000C
:10704000DC000C00F6000C00F8B53F4C0D46236840
:107050000646590703D03D4920461BF0BCF83C4B7F
:107060009B6ADA065ED523685B0703D03949364848
:107070001BF0B1F81120364B9B6A1F0707D5236818
:10708000590703D0344930481BF0A5F81220304F7F
:10709000BB6A9A0719D523685B0703D02F492A4892
:1070A0001BF099F87B6BBA6A17060DD5226850075A
:1070B00004D001212A4A244819F0FDFE26B1244AB1
:1070C000936A23F0800393621320214B9B6AD907B4
:1070D00007D523685A0703D022491B481BF07BF8C9
:1070E00014201B4B9B6A9B0607D523685F0703D0C0
:1070F0001D4915481BF06FF81520154B9A6AD606E6
:1071000002D49A6A94070FD59B6AD9060CD5174901
:10711000174840F22D1219F0FEFB40F22D111348D2
:1071200019F0F0FB1020A6E7094B9A6A920642BFBD
:107130005A6A22F400525A629A6A42F0FF029A6234
:1071400000232B70F8BD00BF9021022021010C000C
:1071500000ED00E037010C006A010C007D010C001D
:1071600095010C00AB010C00CA010C00F9010C00E8
:107170002FD90B00F8B5374C064623680D465B0740
:1071800003D0354920461BF026F8344B9B6ADF04B8
:1071900051D52368580703D031492E481BF01BF8FE
:1071A00017202E4B9B6A190507D523685A0703D071
:1071B0002C4928481BF00FF81820284FBB6A9B0564
:1071C00019D52368580703D0274922481BF003F834
:1071D000BB6BBA6A11040DD52268520704D0012195
:1071E000224A1C4819F067FE26B11C4A936A23F410
:1071F000004393621920194B9B6A5B0507D52368EE
:107200005F0703D01A4913481AF0E5FF1A20134B01
:107210009A6AD60511D52368590703D015490D4838
:107220001AF0D9FF1B200D4A936A43F47F439362FF
:1072300000232B70F8BD1620B3E79B6A9A04F2D5A1
:1072400023685B0703D00C4902481AF0C4FF1C20D6
:10725000E9E700BF902102202B020C0000ED00E0C6
:1072600041020C006A010C0052020C006B020C007F
:1072700080020C009B020C00CA010C002DE9F047B3
:107280008AB08A4B0546D3F804908A4616460023F6
:1072900000AFC9F3080883F31188BFF36F8F02F0C2
:1072A0007F43B3F17F4F0AD0814940F21B428148AE
:1072B00019F031FB40F21B417D4819F023FB12F01D
:1072C0000104F1D1510603D432070BD401260BE09F
:1072D000794803685B0702D078491AF07CFF16F002
:1072E000040601D055460026002DDDD00023FB7199
:1072F000A8F10303092B00F2B480DFE803F005A630
:10730000A991B2B2B2B2B2ACDFF8AC81D8F8003019
:10731000580703D06A4940461AF05DFF0023FB710D
:10732000624BDA6A910708D5D8F800305A073FD087
:10733000644961481AF04FFF3AE0DA6A002A05DA38
:10734000D8F800305B0733D05F49F2E7DB6A5C00B6
:1073500072D5D8F80030580703D05C4956481AF067
:107360003AFF524BA9695A6942F480725A61BFF3DD
:107370004F8FBFF36F8F31F8022C596921F4807160
:107380005961BFF34F8FBFF36F8F02F47F41B1F5A7
:107390005F4F2FD1D2B2022A2CD1D8F80030590732
:1073A00005D02B6801214A4A434819F084FD2C6816
:1073B000FB79DBB907F1080205F1200C13462868B8
:1073C0006968083503C365451A46F7D17B6A002E04
:1073D00068D0C3F3080222B96FEA53236FEA43234C
:1073E0007B62204607F10801FFF71EFD2837BD46E6
:1073F000BDE8F0879A6AD2B22AB10120F91DFFF7E1
:1074000023FE0446D4E79A6A12F47F4F04D0012089
:10741000F91DFFF7AFFEF4E79B6AB3F5803F02D397
:10742000FFF796FDEDE7224940F2ED22214819F0E1
:1074300072FA40F2ED213FE71D494FF43C721D48BE
:1074400019F069FA4FF43C7136E70020F91DD6E7D0
:107450000020F91DDDE7184803685A07A8D01D4928
:1074600068E7154803685B07A2D01B4A19F4F87F48
:10747000E9468AB0194B08BF13466A461849CDE958
:107480000513A8F1100307934FF40073ADF82030F3
:10749000144B42F8103F00234FF41151FBF734FE18
:1074A000CD4685E76FF308039AE700BF00ED00E0E3
:1074B000F9010C002FD90B0090210220E1020C00F1
:1074C00004030C001B030C003C030C004A030C00DB
:1074D00069030C0085030C00B3020C00C8020C0009
:1074E000A9030C0004000001064B5A6942F0100287
:1074F0005A615A6942F480625A615A6922F008025C
:107500005A61704700ED00E0EFF30880EFF3098166
:1075100001B57246FFF7B2FE01BD00BF002080F347
:107520001488BFF36F8F002080F30A8880F30B88E4
:10753000124880F3088811F0CFF800201049086045
:10754000BFF34F8F00F044F8202080F311880D48DE
:107550004FF0AA014FF400621AF02EFE09484FF4D2
:107560000061401880F30988EFF31480022108437A
:1075700080F31488BFF36F8F00F0C6F830F002205C
:1075800094ED00E0F0C60220BFF34F8F0549064B93
:10759000CA6802F4E0621343CB60BFF34F8F00BFB1
:1075A000FDE700BF00ED00E00400FA0500231846E7
:1075B0000649D1F89020C2F30722934200DB7047BE
:1075C000C1F89830C1F8A0000133F6E700ED00E003
:1075D00010B572B6002484F31388FFF7E7FF234643
:1075E0004FF0FF300C4A03F120010133102B42F819
:1075F0002100F8D100234FF0FF30074A03F160016A
:107600000133102B42F82100F8D162B6BFF34F8F3F
:10761000BFF36F8F10BD00BF00E100E01EF0040F4C
:107620000CBFEFF30880EFF30980816911F8021CA9
:107630000229FFD001B572461AF0C2FD01BD00BF9C
:1076400000B2002807DB01234109034A00F01F00B4
:10765000834042F82130704700E100E000B200288A
:107660000CDB01220649430900F01F008240203351
:1076700041F82320BFF34F8FBFF36F8F704700BFD8
:1076800000E100E0054B420953F82220012300F0FD
:107690001F0003FA00F01040704700BF00E100E057
:1076A0000131072908B508D90D490E486B2219F098
:1076B00032F96B210A4819F025F900B20028ACBF55
:1076C00000F16040084B4FEA4111C9B2ABBF00F571
:1076D000614000F00F0080F80013195408BD00BF8E
:1076E000BC030C002FD90B0014ED00E0044B054A3D
:1076F00023F07F039360BFF34F8FBFF36F8F70470B
:1077000000A0080000ED00E008B5FFF7EFFF074A12
:10771000D2F8883023F47003C2F88830FFF75CFB9E
:10772000FFF766FB00F0AAF813F0EAF900ED00E0BD
:107730004FF43C41C0F8BC1042F8203C009B0B4980
:1077400042F81C3C019B21F0010142F8183C029BCD
:1077500042F8081C42F8143C4FF0807342F8043C95
:107760000023203A0265C0F8B4307047811909003F
:1077700000B50E4B15469860D0F8B0200C4B0E4665
:107780001A60D0F8A03083F30B882C4686F3098862
:107790000020044B98472046002100220023024C81
:1077A00020470000F7210B0081190900C05D02206D
:1077B000705702201022014B1A61704700ED00E063
:1077C000054B5A699B689A421FBF044A536843F0AD
:1077D00080535360704700BFC05D022000ED00E0A1
:1077E000084B9B6883420BD1EFF3058343B1064BF3
:1077F0005A6842F080525A605A6A22F400425A6231
:1078000015F0ECBFC05D022000ED00E018498A6869
:1078100082F8BDE04FF030001044EFF3098C80E8AF
:10782000F01F202080F31288BFF36F8F114F4FF0AD
:1078300000664A698A603E60D2F8B0000E4C206053
:1078400092F9BDE0D2F8B4000023C2F8B43080F35E
:10785000118802F1300090E8F01F8CF3098802F1E2
:10786000000004B51AF0BFFCBDE8044070470000FA
:10787000C05D022004ED00E07057022000232020AC
:1078800040F20F1210B5044CE1180133934281F815
:107890000003F9D110BD00BF00E100E008B5EFF32F
:1078A0000583064A103B02EBC30152F833004968D6
:1078B0008847BDE80840FFF783BF00BF0C8D0B0071
:1078C0000148006870470000705702201FB5012171
:1078D000094B0A4A0A4800F01BF90023064A0393A1
:1078E000084B0121019301A8D31A029300F02AF951
:1078F00005B05DF804FB00BF00000420000002207A
:10790000B8BF0B00482502200A7A0B6810B562F355
:1079100004031C46CB68520923F01F0343EA4203C9
:10792000044A43F00103C2F89800C2F89C40C2F830
:10793000A03010BD00ED00E010B50C4B0446D3F8AC
:107940009030C3F30723013B98420BD908480368E2
:107950005B0704D001212346064A19F0ACFA6FF008
:10796000150010BDFFF7D0FFFBE700BF00ED00E002
:1079700048210220F7030C002DE9F04F89461446F8
:1079800006464FF00008534D85B0C8452EDAD6F8AC
:1079900004A0BAF1000F4BD0BAF11F0F1BD91AF097
:1079A0001F0F18D1D6F800B01BF01F0F13D1584687
:1079B0001AF044FC07460AEB0B0001381AF03EFCB3
:1079C000874217D06FF01507434803685B070BD059
:1079D000424A3B4605E0404803685A0704D0434604
:1079E0003F4A012119F067FA6FF01504204605B0EF
:1079F000BDE8F08F17F1160FE6D0BC42E4DDC5F804
:107A00009870D5F89C10C5F89870D5F8A03021F082
:107A10001F0143F01F0BD6E900321A44994202F1CC
:107A2000FF3A1AD1D34507D13146F8B21AF00FFC0C
:107A300008F101080C36A8E73146C5F89870D5F86A
:107A40009C30E0B263F30402C5F89C201AF0FFFBFF
:107A500010F1160FC8D0441CEAE7C5F89870D5F8A5
:107A6000A020013B23F01F0302F01F021343D34564
:107A70003146E0B2C5F8A030E8D01AF0E8FB10F1CA
:107A8000160FB1D0C5F89870D5F89C209DF8083035
:107A90000BF1FF3B62F304038DF80830D5F8A030FA
:107AA0009DF808205B0863F347128DF80820D6E99B
:107AB00000321344009323F01F035B44A3EB0A033B
:107AC000013023F01F036946C0B20393FFF734FF70
:107AD000BEE700BF00ED00E04821022043040C0097
:107AE0001D040C000522044BC3F89420BFF34F8FF4
:107AF000BFF36F8F704700BF00ED00E0BFF35F8FF3
:107B00000022024BC3F89420704700BF00ED00E054
:107B100010B5094C2278FFF72FFF207016300AD1DC
:107B20000649074840F2891218F0F5FE40F2891123
:107B3000024818F0E7FE10BDDC63022066040C006A
:107B40002FD90B002DE9F74F2E4D8A4606464FF0F0
:107B50000008AB462C4FD04502DB03B0BDE8F08FE8
:107B6000D6F80490B9F1000F47D03168084601916A
:107B70001AF064FB0199044609EB010001381AF080
:107B80005DFB84424FF01402204B10D002FB08F33F
:107B90006FF015024BF803201D491E4840F2991260
:107BA00018F0B9FE40F29911194818F0ABFE14F123
:107BB000160F2C60F0D01978A142EDDD02FB08B061
:107BC000C7F89840C7F89840D7F89C4000F10801E2
:107BD000007B64F304000871D7F8A0000C7940081A
:107BE00060F347140C71D7F89C1021F01F016960F5
:107BF000D7F8A01021F01F01296108F10108143500
:107C00000C36A8E77457022000ED00E0DC63022088
:107C100066040C002FD90B002DE9F0416249634D39
:107C2000D1F890302C68C3F307239C4286B00AD960
:107C30005F4940F202225F4818F06DFE40F20221D7
:107C40005B4818F05FFE0020FFF758FF5A4BC1F861
:107C5000C03084421BD1594D01A82C70FBF748FD60
:107C6000002607464FF06108554CB74216D1002058
:107C70002B784D49D1F89020C2F307229342C0F2ED
:107C80008D800020FFF72EFF06B0BDE8F081696807
:107C900001EB0011FFF738FE0130DAE7019A3001FD
:107CA00002EB0613D3F80CC00CEA0401B1F1807F9B
:107CB00053D00AD8B1F5001F29D0B1F5800F3FD0BD
:107CC000B1F5801F14D00136CFE7B1F1006F44D079
:107CD000B1F1805FF7D159689B681258013B21F0E0
:107CE0001F000344CDE9021223F01F0301220BE021
:107CF000596812589B68CDE902122122013B21F0FC
:107D00001F00034423F01F038DF8102032E0596850
:107D100012589B68CDE902124122013B21F01F005D
:107D2000034423F01F031CF0010F8DF8102005936E
:107D300021D01F4984221F4818F0EDFD84217FE7E0
:107D400059689B681258013B21F01F000344CDE99C
:107D5000021223F01F030622D6E7596812589B68C7
:107D600021F01F00013BCDE90212034423F01F0361
:107D70008DF810800593287802A9FFF7DDFD002813
:107D800008DA0B4940F235220A4818F0C4FD40F2E7
:107D9000352155E72B7801332B7094E7C1F89830E3
:107DA000C1F8A000013365E700ED00E0C4BF0B009F
:107DB00066040C002FD90B00AAFF4400DC630220EC
:107DC0000000F0FFF0B587B007460E4614460021CC
:107DD000102268461D4620F068FA02238DF8023012
:107DE000054B2A4621466846CDE90476019317F0F3
:107DF000F5FA07B0F0BD00BF81220B0008B5024BB9
:107E00001B689847002008BD88570220034B044A8E
:107E10001860937843F002039370704788570220EC
:107E2000B81D022008B50649064821F00701C1F136
:107E3000005202F58022F8F7E3FF002008BD00BFE2
:107E4000DF3A03208C5702200268064B1A60426812
:107E5000054B1A608268054B1A600269044B1A6070
:107E6000704700BFA05702209C570220985702205D
:107E7000A4570220827A3420074B00FB0233DB6ACE
:107E80000846DB68032B94BF6FF003035B42CA5CB8
:107E90000132CA54704700BF20240220827A342065
:107EA000094B00FB0233DB6ADB68032B94BF6FF0E6
:107EB00003035B42CA5CC818013AD2B2CA540AB979
:107EC00020F0B7B9704700BF20240220342210B53B
:107ED0000B4C837A02FB0344E36AD8680B680428DE
:107EE0002CBF1818181D16F081FF38B1012303703C
:107EF000E36ADB68042B2CBFC018043010BD00BF40
:107F00002024022070B541690446867A0A4D59B191
:107F1000437ADB0706D4342303FB0653DB6A1B6872
:107F20009B689847002363613420214600FB06507C
:107F3000BDE870401FF088BF202402203421827ADF
:107F4000064B01FB02331A6B93F82430801A1B3363
:107F500023F00303B0FBF3F0704700BF202402209E
:107F600038B53424827A064B04FB0233DB6AD3E94A
:107F700001240C601568FFF7E1FF04FB005038BDD9
:107F80002024022008B5436843B1064906485A2216
:107F900018F0C1FC5A21034818F0B4FC038243696D
:107FA000C36008BDA4040C002FD90B002DE9FF47C6
:107FB0000546684691461C46039120F077F8DDE9B6
:107FC00000674DB9574940F20112574818F0A3FC19
:107FD00040F20111534813E005F11C08EFF3118A38
:107FE000202383F31288BFF36F8F404616F086F884
:107FF00040B94E4984224C4818F08DFC84214B48EE
:1080000018F080FC404616F09DF86B8C002B56D083
:108010002A8C9A4233D900220023284613F02EFCE2
:10802000044660B3404616F077F840B93F494FF434
:1080300099723D4818F06FFC4FF49971DFE78AF3AD
:108040001188BFF36F8F039D002D5AD032463B46F7
:10805000684620F050F83421A27A354B204601FBC7
:108060000233DB6A03A91B681E68DDE90023B04701
:108070006061002839D12046FFF744FF30E06C8C66
:108080004046631E6B8416F047F80028CED08AF372
:108090001188BFF36F8F95F824302A8C1B33121B85
:1080A0002C6B23F0030302FB0344214B214AEB1A00
:1080B0009B105343A37295F82430E372C3E7404604
:1080C00016F02AF80028B1D08AF31188BFF36F8F19
:1080D00023464A46284613F0D1FB04460028B2D175
:1080E0000024204604B0BDE8F087039B9D420AD9D6
:1080F0000C494FF4AB720C4818F00DFC4FF4AB7107
:1081000068E72B466561002101226160228163825C
:10811000E27A04F1180020F0C8F82046FFF732FF99
:10812000DFE700BFA4040C002FD90B006CE50B00A7
:1081300020240220C54EECC470B5044670B134262C
:10814000154D2046037A64689BB9144940F2C11268
:10815000134818F0E0FB40F2C11107E00F4940F26C
:10816000BB120F4818F0D7FB40F2BB110B4818F0B8
:10817000C9FB013BDBB203724BB9C3604360837A36
:1081800006FB03539B6A1BB19847002CD9D170BDE5
:10819000FFF7B8FEF9E700BF20240220A4040C007A
:1081A0002FD90B002DE9F04F044685B06846934661
:1081B0001D461FF07BFFDDE9008954B93A494FF4B1
:1081C000FA723A4818F0A7FB4FF4FA71364818F0E3
:1081D00099FB4FF0340AA77A354E2B460AFB076706
:1081E0005A4600213846FFF7E1FE0546002841D0F7
:1081F000FB6A1B685B680BB3637ADB071ED461699B
:1082000041B1A37A20460AFB0363DB6A1B685B6803
:10821000984701466961E368EB60238A2B82638A91
:108220006B82EB7AE27A9A4236D01F4940F21622EC
:108230001E4818F070FB40F21621C7E7638A4246D9
:10824000684603934B461FF056FF3422AB7A28460C
:1082500002FB0366F36A03A91B681E68DDE90023BD
:10826000B047686118B1039B628A9A4207D92846D1
:10827000FFF748FE0025284605B0BDE8F08F6B8269
:108280006269E3689B1A0344284640F80C3F228A3F
:10829000E1681AF005F8C4E704F1180105F11800C7
:1082A0001FF0DDFFE7E700BFA4040C002FD90B008F
:1082B0002024022008B5034650B90849084840F276
:1082C000312218F028FB40F23121044818F01AFB43
:1082D00018465B68002BFBD108BD00BFA4040C004E
:1082E0002FD90B0070B50D46044650B90E494FF416
:1082F0000F720E4818F00FFB4FF40F710A4818F078
:1083000001FB41B9084940F23D22084818F003FB3F
:1083100040F23D21F2E746681EB10846FFF7CAFF6A
:108320004660656070BD00BFA4040C002FD90B002F
:1083300008B540B90A492B220A4818F0ECFA2B215B
:10834000074818F0DFFA838833B105492C22054825
:1083500018F0E1FA2C21F3E783680B44036008BDB1
:10836000D1040C002FD90B00034670B5DC880568DA
:1083700082889E68A818A41AAD1B641BA14208D964
:10838000054906483E2218F0C6FA3E21024818F078
:10839000B9FA0A449A8070BDD1040C002FD90B00A1
:1083A00008B583888B4208D207490848B02218F0E4
:1083B000B2FAB021044818F0A5FA5B1A9BB2838088
:1083C0000068184408BD00BFD1040C002FD90B0071
:1083D00008B5828803468A420AD20849084840F212
:1083E000C31218F098FA40F2C311044818F08AFA40
:1083F000521A828000680844186008BDD1040C003D
:108400002FD90B002DE9F84304460D4600AF51B9B2
:10841000494803685B0703D00121484A18F042FD30
:10842000BD46BDE8F883037C5E0718D54248036863
:108430005C07F5D06C4688B06A46414B0593414BCA
:1084400006934FF40073ADF81C303F4B42F8103FD9
:1084500000234FF4E251FAF757FEA546E0E7D0F8C3
:108460000880884504D0CE68D8F80C30B34217D0C5
:1084700043469D4240D0DB68002BFAD12B469845FD
:108480003CD0DB68002BFAD1D8F80C6006E02B4614
:10849000B34205D0DB68002BFAD1F668002EF6D186
:1084A000237CD4F8009023F0050343F005032374E4
:1084B000B9F1000F01D04E4522D1A845C4F808807B
:1084C00030D0237C23F004032374A368AB4206D18D
:1084D0002B6823B120469847237C9B07A0D42946CC
:1084E0002D69002DFBD1236832462046C4E90013D4
:1084F000A16019F0EAFE93E72E46D1E74646CFE7A2
:10850000D9F808305BB1C4F80890D9F80830204693
:108510009847237C990702D5C4F8088080E7D9F8EA
:108520000C90C5E7AB68002BCBD020469847237C46
:108530009A07C6D574E700BFA82102200C050C00DD
:1085400025050C005D610C0003000001024B034A8D
:1085500000201A60704700BF582002200020A107A9
:1085600048B1054B054A1B68B3FBF2F35843044B73
:1085700043F00103184770475820022040420F0083
:1085800010A00B00F7B506460D461446174F3846A7
:108590001FF09BFB30B3AAB2BB681B6843B91449F8
:1085A0001448662218F0B7F96621114818F0AAF9A4
:1085B000314638469847002802DB002003B0F0BD62
:1085C000002CFBD1AC42F8D22F1B042F28BF04276C
:1085D0001FF002F93A46019001A930191FF03FFE41
:1085E0003C44EFE76FF01200E8E700BFB48A0B00ED
:1085F00049050C002FD90B0010B5094C0A449142D3
:1086000000D110BD11F8013B584000F00F03E35CAE
:1086100083EA101303F00F00205C80EA1310EEE7EA
:108620006B610C0037B500250A4C204613F0DCFDC9
:1086300020464FF0FF334FF480620749009513F056
:10864000E9FDD4F8C000054914F050F8284603B0FD
:1086500030BD00BFF0440220F0B302207D050C00C5
:10866000014601481FF05EBCF0440220014601486B
:1086700013F09EBEF0440220F8B590F8DC300446BA
:10868000012B00AF04D0022B32D00020BD46F8BD34
:10869000026EB0F8B83051681801B4F8DE2001EB72
:1086A000031309589D881144AA1A96B232462068CD
:1086B0001AF0AAFB031E21DCE7D016480268520715
:1086C000E3D06C468AB0144A089305924FF40073C5
:1086D000124AADF82430CDE906266A46104B42F81E
:1086E000103F00234FF43151FAF70EFDA546CCE7B9
:1086F000B0F8DE20416B058F1144D5E7B4F8DE20D9
:1087000013449BB29D428CBF00200120A4F8DE30B0
:10871000BCE700BF3C21022089050C00A5050C0028
:1087200005000001F8B50D46044600AF002850D002
:10873000026E002A4DD0C9B12B480129036803F00D
:10874000060348D193B16E4688B013686A4627493C
:10875000C2E905134FF400739383254B42F8103F91
:1087600000234FF4E451FAF7CFFCB546236E5B6962
:108770001BB12946204662689847D4F8202100237F
:108780003AB1B4F82821012A9CBFC4F82031A4F8DA
:108790002431C4E913332366A36504F1780013F090
:1087A000E9FE04F1E00013F051FC04F1F00013F0D5
:1087B000E1FE04F1BC03D3E8EF1F21F00101C3E89F
:1087C000E21F002AF7D184F8C05004F1C40013F06E
:1087D000CDF8BD46F8BD002BC8D06E4688B01368F2
:1087E0006A460449B4E700BF3C210220AE050C00F4
:1087F00003000001BA050C002DE9F04FA0F59674B6
:10880000A0F58E7105462022206885B01AF016FB6F
:10881000002840F34C814FF0000847462086228E06
:108820001FFA88F39A4205D8284605B0BDE8F04FF4
:10883000FFF716BF14FA88F31A7C0023B4F840102F
:10884000DEB28E4213D3E389A189994217D19948A8
:10885000036813F0060F03D0974A022118F022FB99
:10886000E7816787A4F84A70C4F8207104E0E06BE0
:108870000133805D8242E3D108F10108CFE7B4F80B
:108880004A00B4F84810884206D18A48036813F0B9
:10889000060FE5D0894AE0E7A168CA54E389B4F835
:1088A00038B05E1CB6B25E450093E68170D3D4F852
:1088B0000890A6EB0B0A5A46616B09EB0A001FF001
:1088C00000FD002864D15E45CAD0D4F820316BBBCE
:1088D0004FF0140E09F80A30A5F1D600C5F1C80C06
:1088E000002230F8026F91B2B14204D301339BB23F
:1088F000032BB5D0F4E75CF810100EFB021191F8D1
:1089000004900132B9F1000FEDD1A4F828316C4A7E
:10891000636CC4F820111A60636CA2685A60022369
:10892000A4F84A30204619F0D4FD99E7B4F826316E
:10893000002BF7D0626CB4F84A10AAEB030A09EBDB
:108940000A0342F82130228FE3899B1AA268D0548F
:10895000B4F84A300133E3E7626B0133515CA2683B
:10896000324412F8012C8A4286D0D9B25945F3D349
:1089700055F80C2CA5F5967362B9C5F1C801A5F19F
:10898000D60A03913AF8021F4FF0000E029168E0F8
:108990000023EAE7002092F80CC081B261456BD356
:1089A0000021B3F8262100297FD0B3F84AC0586CC3
:1089B000002A6DD1424A40F82C20B3F84A200132F7
:1089C000A3F84A200022A3F8262155E71420039992
:1089D00051F81A1000FB0E1999F804108E420191FB
:1089E0003DD14FF0000C9968DDF804B01FFA8CF00F
:1089F000834522D8A4F82821009AA389023292B292
:108A00009B1A0B441846A4F82421C4F82091013A7B
:108A10001FF025FCB4F84A10626C42F82100A289CC
:108A2000A3681344002203F8012CB4F84A30A4F8D8
:108A300026210133A4F84A301EE7D9F8000011F8C6
:108A40000CB010F80C00834506D099F80DB0BBF1BE
:108A5000000F04D03F2802D10CF1010CC4E70EF145
:108A6000010E02981FFA8EF18842AFD8013292B2FD
:108A7000032A3FF401AF85E7916811F800E0996897
:108A80000130314411F8011C714586D1012188E77C
:108A90009968B21A013A114440F82C10D9899A68A1
:108AA0000A44002102F8011C87E701328BE705B078
:108AB000BDE8F08F3C210220C8050C00DF050C004A
:108AC00075EC0B0038B50C46054650B95F4940F2CD
:108AD0001F325F4817F01FFF40F21F315B4817F04D
:108AE00011FF41B959494FF44872594817F013FF23
:108AF0004FF44871F2E74B6843B9544940F22132D0
:108B0000534817F008FF40F22131E7E70B8943B9DA
:108B10004E4940F222324E4817F0FDFE40F222311B
:108B2000DCE7CB6943B9494940F22332484817F0A2
:108B3000F2FE40F22331D1E70B8C43B943494FF4A5
:108B40004972434817F0E7FE4FF44971C6E7CB6816
:108B500043B93E4940F225323D4817F0DCFE40F271
:108B60002531BBE70B7C43B9384940F226323848FF
:108B700017F0D1FE40F22631B0E74B6953B90B7EB6
:108B800043B1324940F22732314817F0C4FE40F277
:108B90002731A3E7636A53B9238D43B12B494FF4BF
:108BA0004A722B4817F0B7FE4FF44A7196E74FF41C
:108BB000A072002128461FF078FB23686B60636871
:108BC000AB602389AB81E3696B64238CA5F84830E3
:108BD000E3686B63237C2B876369EB63237EA5F8D3
:108BE0004030636A6B65238D0024A5F85C3005F185
:108BF000BC03D3E8EF2FC3E8E14F0029F9D10122EC
:108C0000214605F1C4001FF029F905F596701149B8
:108C100013F0A4F905F168000F4913F09FF905F16D
:108C200078000E4913F05CFB05F1A8000C4913F025
:108C300095F905F1E0000B4913F090F905F1F0000A
:108C4000094913F04DFB204638BD00BFF3050C0069
:108C50002FD90B00F987090045250B0065240B006F
:108C600055240B009B250B00C3240B00024608B5BE
:108C7000136808468B4207D000231160D3815387C5
:108C8000A2F84A30C2F8203102491AF0A2F80020B6
:108C900008BD00BF03240B0070B5036806460D46EF
:108CA000A3B349B34B683BB30A8912B91A498B4243
:108CB00022D1298A09B9E968D9B903EB02129A428B
:108CC0001DD106F1BC02D2E8EF3F43F00101C2E83A
:108CD000E01F0028F7D113F001041AD106F1C400F7
:108CE00012F00EFF756606F16800FFF7B9FC20462A
:108CF00070BD0A488142E0D06FF01500F8E799880E
:108D000011B9D9680029F7D01033D8E74FF0FF30F8
:108D1000EEE76FF00F00EBE714C00B0014C00B0080
:108D200010B504461822002104301FF0BEFA014B92
:108D3000236010BD75EC0B0010B5044606480368AF
:108D400013F0060F03D00221044A19F0DDFD0023C1
:108D50002375236510BD00BF402102202B060C00A7
:108D60000278D30705D5632A4FEA920305D8032B6F
:108D700001D800207047244A05E0203303F03F0368
:108D8000182BF6D8214A22FA03F3D907F1D54378F4
:108D9000DA07EED5072BECD802789208202A17D0F4
:108DA00007D8082A1BD0142A28D0042A22D0012B45
:108DB00018E0342A25D0382A18D0242AF7D103F015
:108DC000FE03102B18BF022B0CBF012000207047A0
:108DD00003F0FE03102B14BF002001207047012B6D
:108DE000C7D9072B8CBF00200120704703F0FC037C
:108DF000042BF0E703F0FE03022BECE703F0FE0385
:108E0000F6E703F0FA03F7E7100111011101110170
:108E100038B504460D4651B914494FF4A1721448AF
:108E200017F079FD4FF4A171104817F06BFDFFF7B3
:108E300097FF40B90D494FF4A2720D4817F06BFD32
:108E40004FF4A271F0E723780A4803706378437007
:108E50006278012A04D95208A11C02301FF0FFF9E0
:108E6000637804485B0802332B8038BD39060C0058
:108E70002FD90B00DD63022004490548B22208B552
:108E800017F049FDB221014817F03CFD66060C00C1
:108E90002FD90B00F8B5054600F11006EFF3118746
:108EA000202383F31288BFF36F8F304615F026F925
:108EB00040B919498422194817F02DFD842116481C
:108EC00017F020FD304615F03DF9AB7B5907C3F391
:108ED00080040CD5287B062805D85423C340DA0724
:108EE00012D4032810D0431F58425841044630463C
:108EF00015F012F950B908494FF49972074817F064
:108F00000AFD4FF49971DAE70120EFE787F3118842
:108F1000BFF36F8F2046F8BD6CE50B002FD90B0017
:108F2000F8B5044600F11006EFF31187202383F310
:108F30001288BFF36F8F304615F0E0F840B917493B
:108F40008422174817F0E7FC8421144817F0DAFC54
:108F5000304615F0F7F8A37BC3F380055B070AD50D
:108F6000237B013B052B06D904F1B80013F0DEF991
:108F7000051E18BF0125304615F0CEF840B9074947
:108F80004FF49972064817F0C6FC4FF49971DCE76C
:108F900087F31188BFF36F8F2846F8BD6CE50B008F
:108FA0002FD90B0073B5044600F130064FF0FF32A5
:108FB0004FF0FF3330460D4619F00FFD238D228C04
:108FC000D21AE36A9B1A9BB20A2B0ED8304619F0CC
:108FD00006FD0D48036813F0060F03D002210B4A6B
:108FE00019F092FC002002B070BD2A8968466968B9
:108FF00019F0F7FB2946204619F028FC304619F0F5
:10900000EEFC0120EFE700BF402102209A060C0091
:1090100070B590F86630054686B0A0F58C74002BCC
:1090200048D0D4E9580119F0CDFB002842D0237B69
:10903000022B2AD12046032119F0D3FC002640F24E
:1090400043130DF1020101A801938DF80860FFF7A9
:10905000DFFEA37B0490C3F340038DF80D304EF682
:109060000173ADF80E30BDF80230204603A9ADF80B
:1090700014308DF80C60FFF795FF002328460E4A48
:1090800006B0BDE8704013F06FBA032B12D10B4845
:10909000036813F0060F03D00221094A19F034FCCB
:1090A0002046022119F09DFC204606B0BDE8704024
:1090B00019F060BC06B070BDB4C4040040210220A9
:1090C000AE060C0070B5B0F84C500446052D86B0C5
:1090D0000BD91948036813F0060F2BD00221174A49
:1090E00006B0BDE8704019F00FBC406CA16C03AB3A
:1090F00003C3E06C01AE1860A16C2A4630461FF035
:10910000AEF89DF8040019F04DFB00F0FD008DF85D
:10911000040003A920460496ADF81450FFF742FF5F
:1091200040B90548036813F0060F03D00221034A33
:1091300019F0EAFB06B070BD40210220DA060C00EF
:109140008B0710B5044601D5FFF7BCFF237B072B27
:109150000CD0022B0FD01048036813F0060F19D063
:10916000BDE8104002210D4A19F0CEBB2046BDE8F3
:10917000104019F03EBC2046072119F032FC0323B1
:10918000637304F1E80040F63542BDE81040002367
:1091900013F07AB910BD00BF40210220FD060C007B
:1091A00010B5044686B0002843D094F8302050F81B
:1091B0005C0C032A17D1437B0133DBB2032B4373CF
:1091C00018D91D4803685B0706D034F8603C0121BC
:1091D00000921A4A17F079FEA4F1880006B0BDE8A3
:1091E000104019F093BB022A23D1032384F83030B6
:1091F0000023437334F8603C03A98DF80C3054F815
:109200005C3C9B7BC3F340038DF80D3044F201338B
:10921000ADF80E3000230493ADF81430FFF7C2FE12
:1092200040F635420023204606B0BDE81040FFF767
:109230001DBA06B010BD00BF4021022013070C006C
:1092400030B5044687B0002853D050F82C5C28462F
:10925000FFF720FE40B942F29F420023204607B0AC
:10926000BDE83040FFF702BA94F8601001291BD125
:1092700054F82C2C537B0133537354F82C3C5B7BF8
:10928000032B1DD91C4803685B0706D034F8303C1B
:1092900003220092194A17F018FEA4F1580007B0F3
:1092A000BDE8304019F032BBB4F8603023F49F635E
:1092B00023F0070343F00103A4F8603000236B732D
:1092C00034F8303C54F82C0C8DF80C30837B03A917
:1092D000C3F340038DF80D3042F60173ADF80E3044
:1092E00000230493ADF81430FFF75CFE40F63542DE
:1092F000B3E707B030BD00BF4021022039070C00A2
:1093000070B5044698B310F8AC1CA0F1B80501295B
:1093100014D110F8AB3C0133DBB2032B00F8AB3CAB
:1093200019D9134803685B0703D00323114A17F0C8
:10933000C2FD2846BDE8704019F05BBB01212846FC
:1093400019F04FFB14F8AA3C43F0020304F8AA3CBE
:10935000002304F8AB3C28460749FFF723FE2046CC
:10936000BDE8704040F635420023FFF77FB970BD7D
:10937000402102205E070C0014C00B001FB5037BC8
:109380000446042B2FD1062119F02BFB94F87F31D2
:10939000D3B14FF0FF334FF0FF32206819F0E3FCF8
:1093A000031E11DA22480268520703D00121214A24
:1093B00017F081FD0021204619F013FB0121204602
:1093C00019F0F5F9012011E000231B4A68461EF050
:1093D0006DFEDDE90023C4E9562305221749206804
:1093E00019F012FDEEE7062B02D0002004B010BDEC
:1093F000D0E9560119F0E6F958B10D4803685B074A
:1094000003D001210E4A19F07FFA204619F0F1FA33
:10941000D8E7237D012B06D0F92301228DF80F30E8
:109420000DF10F01DBE70221204619F0DAFADCE743
:109430004021022086070C00B4C404007B610C00AC
:10944000AB070C002DE9F04F044685B0A0F1580998
:109450004FF0FF334FF0FF3200AFA0F188084846CD
:1094600019F0BBFA14F87C3C032B04D0052B02D076
:10947000404619F07FFAA4F16C0AA4F1620B404651
:1094800034F8626C34F8665CFFF778FF786030B1CE
:10949000484619F0A4FA1437BD46BDE8F08FAE4235
:1094A0003ED034F8622C34F8663C59469B1A9BB285
:1094B00007F10C02504617F0F5FBF9680246054625
:1094C00054F8880C19F0A0FC061E21DA7A68594677
:1094D000504617F01DFC721CDAD01B480268530777
:1094E000D6D06C468AB06A464FF400731749ADF87F
:1094F00024300591164B17490896CDE9061542F818
:10950000103F4FF431517B68F9F7FEFDA546BFE7E8
:1095100032465946504617F0FBFBAE42AFD2B7E792
:1095200014F87C3C052B0AD10421404619F059FA65
:1095300094F8F7301BB154F8880C19F09DFC4046A4
:1095400019F00BFAA4E700BF4021022089050C00A6
:1095500005000001A5050C002DE9F04FA0F158060B
:1095600091B0044602AF304619F004FADFF8609279
:1095700054F8403CB4F81C21D4F81811D21A1944FC
:1095800054F8580C19F05AFC031E0CDC07D0904814
:109590000268520703D001218E4A17F08CFC3C3739
:1095A000BD46BDE8F08F54F8408C434444F8403C3D
:1095B00054F8402CD4F81801424514F8443C08DC17
:1095C000012B00F20D84002344F8403C44F8083C91
:1095D000CEE710F8085000EB08020A2B1CD8DFE891
:1095E00013F00B001E004B001B005D008100940077
:1095F000BA00C500D30001010023F92D44E9053369
:1096000044F80C3C24F8043C44F8083C04D1012301
:1096100004F8443C24F8043C08F10108C8E7F92D9B
:109620002AD134F8043C013324F8043C14F84C3CAF
:10963000042B0ED134F8043C032B12D9F923012258
:1096400054F8580C07F12C0187F82C3019F0DCFB8A
:1096500007E0022B05D1D6E9560119F0B3F800282E
:10966000E8D114F84C3C062BD6D10022002304F19B
:10967000300012F079FFCFE74FF0010324F8043CEB
:10968000C5F3400304F8133C4FF00403AD0844F85D
:10969000088C04F8145C04F8443CBDE734F8043C3E
:1096A000013324F8043CC5F3001305F0EF050F2D3A
:1096B00004F8123C04F8115C09D825B148F22A23B9
:1096C000EB40D9070AD43046FFF736FBA4E7632DF9
:1096D00004D005D82F2D01D0432DF4D10523DAE78E
:1096E000EF2DFAE734F8043CEA0703F1010324F80C
:1096F000043C4FEA550324F80C3C01D40623CAE786
:109700000BB90923C7E70723C5E734F8043C013345
:1097100024F8043C34F80C3C43EAC5137F2B24F8AE
:109720000C3C09D9D9F800305B07CCD001212A4A7A
:10973000274819F0E9F8C6E7B4F81C219342E2D9AA
:10974000D9F800104D07BED0012100922048234ACD
:1097500017F0BBFBB7E734F80C3C1BB114F8113C15
:10976000EF2BB0D1082344F8102C94E754F8082CC0
:1097700034F80C3C134434F8042C13449845FFF699
:109780004BAF092304F8443C54F8081C34F8042C6B
:109790000144FF20FEF730FF14F8112CEF2A0DD101
:1097A000C343DBB29D4211D0D9F8002012F0060F5E
:1097B00089D0022148460A4A0095C9E734F80C2CA2
:1097C00054F8101CFEF718FFC343EAE70A2362E7C8
:1097D0004021022040090C00C8070C00D8070C00EB
:1097E00016080C00F92D7FF46EAF14F84C3C03F012
:1097F000FD03042B03D10221304619F0F2F814F8CE
:10980000143C14F84C2C002B40F0BC81022A08D1E7
:1098100014F84A3C14F8131CC3F34003994200F0B7
:109820008D8014F8113C632B3DD01FD82F2B00F0F6
:109830005381432B00F07681C548026812F0060F71
:109840007CD06D468AB002AAC2495161C249C2E9C0
:1098500006134FF400731384C04B42F8103F0023EB
:109860004FF41251F9F750FCAD4667E0EF2BE3D10E
:10987000012A63D954F810AC34F80CBC07F1140079
:109880005A46514618F0ADFF07F11400FFF768FA89
:1098900080BBAF48036813F0060F4FD0B04A0221D7
:1098A00019F032F84AE0012A48D10221304619F075
:1098B00098F814F84A3CA4F1280543F002034FF04D
:1098C000FF32284604F84A3C4FF0FF3319F085F880
:1098D00014F84A3C284643F0010304F84A3C19F0C6
:1098E0007EF804F1600012F045FE0021304618F0C9
:1098F0005EFF23E0397D88074FEA910320D4102BC7
:1099000005D0302B1AD13046FFF71AFC16E0A4F12F
:1099100028054FF0FF334FF0FF32284619F05DF86D
:109920000421304619F05DF8284619F058F894F8EB
:1099300027311BB154F8580C19F09EFA0023AAE6FF
:10994000282B00F0868030D8102B00F0B180182B27
:1099500000F09880A4F1140307F12C0593E80700A8
:1099600085E8070007F11C005A46514618F039FFF8
:1099700007F11C00FFF7F4F900288AD040F21133F8
:109980007B62002387F828303B7F07F1120107F143
:10999000240087F82630FFF73BFA7B8A3863294694
:1099A0003046BB86FFF7FEFAC8E7302BABD0382B2A
:1099B000D0D13046FFF786FB7B7D5B089A1E012ADB
:1099C00009D96348026812F0060FB7D00221654A30
:1099D00017F071FAB2E7B968FA7DBB7D02F0CF02E9
:1099E00001F030010A4354F8545C9B083A72002D90
:1099F000A4D0298D994201D02D68F8E702F00A021F
:109A0000B2F1080018BF012095F8B93003F0010148
:109A1000884205D0082A14D043F0010385F8B930F4
:109A200095F8B930590789D495F8B820022A85D11C
:109A300043F004032946304685F8B93019F08FF811
:109A40007CE723F0010385F8B930281D19F04FFA9F
:109A5000E6E7A4F128054FF0FF3228464FF0FF3328
:109A600018F0BBFF14F84A3C284643F0010304F801
:109A70004A3C18F0B4FF3046FFF724FB304618F09C
:109A80006CFF5BE7A4F128054FF0FF3228464FF04A
:109A9000FF3318F0A2FF14F84A3C284623F00103D4
:109AA00004F84A3C18F09BFF3046FFF70BFB45E7F4
:109AB000A4F128054FF0FF324FF0FF33284618F08D
:109AC0008CFF0521304618F08CFF3046FFF7FAFA7C
:109AD000284618F084FF31E7022A3FF42FAF072A07
:109AE0003FF42CAF14F84A3C022123F0020304F89F
:109AF0004A3C304618F075FFA4F12805304619F0AD
:109B0000A2F828464FF0FF324FF0FF3318F065FF00
:109B100014F84A3C284643F0010304F84A3C18F084
:109B20005EFFE2E6304619F08EF814F84C3C072B45
:109B300009D0022B1AD00648036813F0060F3FF431
:109B4000FDAE094AABE6304618F053FFF6E600BF1B
:109B5000402102206C080C00A43D0C000400000110
:109B60003B080C004B080C00FD060C00304607219A
:109B700018F037FF40F63542002304F1900012F050
:109B800083FCDBE6022A7FF4D9AE54F8545C65B955
:109B9000AB48026812F0060F03D00221A94A17F061
:109BA0008AF9304619F066F8C8E62A8D9A4201D043
:109BB0002D68ECE714F8111C432900F0FB8021D834
:109BC0000F2900F09F802F2900F0D0809C48026868
:109BD00012F0060F3FF4B2AE6D468AB002AA1362CD
:109BE0004FF40073DFF860C29384C2F814C0974B3F
:109BF000DFF85CC2C2E906C142F8103F00234FF40F
:109C000032512FE663296DD0EF29DFD195F8B830B6
:109C1000022B7FF493AE95F8B930D5F82CA0C3F39E
:109C2000400305F1440B4FF0FF325846FB604FF004
:109C3000FF3318F0D2FEDAF84810BAF84C2005F1DC
:109C40003000F8F77FFD7860584618F0C8FEBAF883
:109C50004C107B688B421ED279480268520714D0A0
:109C6000EB468AB0B5F828C002AACB1AC2E9073180
:109C70000523DFF8E0E1C2E905EC42F8103F0023DC
:109C80004FF42151F9F740FADD4695F8B93043F029
:109C9000020385F8B930AA8FAB8E9B1A2A6C9BB24F
:109CA000D21A1F2A0FD86648036813F0060F04D093
:109CB0002B8D0221684A17F0FEF895F8B93043F071
:109CC000020385F8B93095F8B930FA68C3F3400358
:109CD000934203D02946504618F041FF281D19F041
:109CE000FAF82BE6EA6A937B92F84520C3F3400327
:109CF0009A427FF423AE95F8B830012B06D0032B9F
:109D00007FF41CAE284618F001FE17E60223281D3A
:109D100085F8B83019F0C3F805F1440A05F1580088
:109D200012F028FC4FF0FF324FF0FF33504618F08E
:109D300054FE00235046C5E90D33EB6318F04FFE87
:109D4000E86A837B13F0020309D0294618F007FF65
:109D500095F8B93043F0040385F8B930EEE595F88D
:109D6000B92063F3820285F8B920E7E5E86A18F0C4
:109D70006AFF95F8B830022B3FF4E0ADB5F8B83083
:109D8000281D23F49F6323F0070343F00203A5F883
:109D9000B83005F1440A19F082F84FF0FF3350460D
:109DA0004FF0FF3218F019FE00235046C5E90D337D
:109DB000EB638EE6D5F82CA0504618F044FF95F8DA
:109DC000B830022B05D0BAF1000F3FF4B7AD5046C2
:109DD000E8E60023281D85F8B83019F070F8ADE5E5
:109DE000062A7FF7C5ABB4F81C1154F8083C853936
:109DF0008B42FFF6BDAB00EB0308D21A414654F884
:109E0000105C1EF039FA54F8403C54F8082C9B1AA8
:109E100044F8403C002344F8083C54F8103C002B24
:109E20003FF4A6AB14F8443C072B81BFD4F818319B
:109E3000A5EB08055B1944F8103CFFF799BB00BF80
:109E40004021022085080C0017090C0005000001C4
:109E50003B090C00AE080C00EA080C002DE9F041AB
:109E60000C4605468AB050B94B4940F64D024B4866
:109E700016F051FD40F64D01474816F043FD41B93B
:109E8000454940F64E02454816F045FD40F64E0164
:109E9000F2E78B6843B9404940F64F023F4816F05D
:109EA0003AFD40F64F01E7E78B89842B08D83A4901
:109EB0004FF40562394816F02EFD4FF40561DBE7DB
:109EC0000B6943B9344940F65102344816F023FD7A
:109ED00040F65101D0E78B8A842B08D82E4940F6F2
:109EE00052022E4816F017FD40F65201C4E7002238
:109EF000002368460DF108081EF0D8F8DDE9006778
:109F00000FCCA8E80F0094E80F0088E80F004FF48A
:109F1000C472002128461EF0C8F905F5B474C5E9DD
:109F2000566702AE0FCE0FC498E80F0084E80F000A
:109F3000B5F87C31D5F87821B3F5004F01D3FEF7A1
:109F40009BFFEB62EA6105F130001DF052FF05F165
:109F50005800134912F0C4F905F18800114912F0B4
:109F6000BFF905F1B800104912F0BAF905F1E8009F
:109F70000E4912F0B5F90E4905F58C7012F0B0F9E2
:109F800005F5A47014F0A6FE002128460AB0BDE82D
:109F9000F04118F026BD00BF39060C002FD90B0088
:109FA0005995090045940900019309009B2C0B0069
:109FB0001190090070B50C461546064650B93A494D
:109FC00040F66C02394816F0A6FC40F66C013648A3
:109FD00016F098FC41B9344940F66D02334816F04A
:109FE0009AFC40F66D01F2E742B92F4940F66E0245
:109FF0002E4816F090FC40F66E01E8E713783F2BF0
:10A0000008D9294940F66F02284816F084FC40F62A
:10A010006F01DCE7536843B923494FF407622348D3
:10A0200016F079FC4FF40761D1E713897D2B08D82E
:10A030001D4940F671021D4816F06DFC40F6710195
:10A04000C5E7C022002120461EF02FF9E6622B78DA
:10A0500023852B896A68B3F5004F01D3FEF70CFF07
:10A060002364226304F14400251D1DF0C2FE104A42
:10A070002146284600F0C8F90E4904F1580012F0B4
:10A080002FF90D4904F1880012F02AF90022E36A41
:10A0900084F8B82022609A681AB9C3E901442846B6
:10A0A00070BD14609C60FAE739060C002FD90B00D4
:10A0B00020C00B0041920900A1910900F8B50446A7
:10A0C00025680846002D38D121602246C4E908558C
:10A0D0001B49A562257518F07CFE04F11006EFF30C
:10A0E0001187202383F31288BFF36F8F304614F05B
:10A0F00005F840B913498422134816F00CFC84215A
:10A10000104816F0FFFB304614F01CF8A37B3046D5
:10A1100043F00403A37313F0FFFF40B909494FF460
:10A120009972094816F0F7FB4FF49971E8E787F345
:10A130001188BFF36F8F2846F8BD6FF07700FBE7FB
:10A14000A9290B006CE50B002FD90B0070B5044654
:10A15000FEF7E6FE00283CD104F11005EFF311866E
:10A16000202383F31288BFF36F8F284613F0C6FFB6
:10A1700040B919498422194816F0CDFB84211648AC
:10A1800016F0C0FB284613F0DDFFA37B5B0717D555
:10A19000B834204612F0CAF820B900220023204625
:10A1A000FEF764FA0024284613F0B6FF58B90A49AE
:10A1B0004FF49972094816F0AEFB4FF49971DEE73F
:10A1C0004FF0FF34EFE786F31188BFF36F8F20461F
:10A1D00070BD6FF07704FAE76CE50B002FD90B0028
:10A1E00070B50446FEF756FE00283CD004F1100579
:10A1F000EFF31186202383F31288BFF36F8F284675
:10A2000013F07CFF40B919498422194816F083FBEA
:10A210008421164816F076FB284613F093FFA37BA3
:10A220005B0717D5E834204612F080F820B90022E9
:10A2300000232046FEF71AFA0024284613F06CFF8C
:10A2400058B90A494FF49972094816F064FB4FF463
:10A250009971DEE74FF0FF34EFE786F31188BFF323
:10A260006F8F204670BD6FF07704FAE76CE50B0046
:10A270002FD90B0070B5036804468AB0002B4DD06F
:10A2800000F11005EFF31186202383F31288BFF34A
:10A290006F8F284613F032FF40B9214984222148AC
:10A2A00016F039FB84211E4816F02CFB284613F0CB
:10A2B00049FFA37B284623F00403A37313F02CFF6C
:10A2C00040B917494FF49972164816F024FB4FF421
:10A2D0009971E8E786F31188BFF36F8F204618F075
:10A2E00027FB206808B118F0C3FD694604F1B800E7
:10A2F00012F086F9694604F1E80012F081F9694626
:10A3000004F1880012F07CF9694604F1580012F05B
:10A3100077F900212046216018F063FB0AB070BD78
:10A320006CE50B002FD90B00F8B504460E4600F182
:10A330001005EFF31187202383F31288BFF36F8F8B
:10A34000284613F0DBFE40B911498422114816F06B
:10A35000E2FA84210E4816F0D5FA284613F0F2FEF0
:10A36000A3681BB131462046E2689847284613F09F
:10A37000D3FE40B906494FF49972064816F0CBFA5D
:10A380004FF49971E6E787F31188BFF36F8FF8BD3B
:10A390006CE50B002FD90B002DE9F04104460F4668
:10A3A000164600F11005EFF31188202383F312887D
:10A3B000BFF36F8F284613F0A1FE40B910498422E5
:10A3C000104816F0A8FA84210D4816F09BFA28468A
:10A3D00013F0B8FE2846C4E9027613F09DFE40B99A
:10A3E00007494FF49972074816F095FA4FF499719E
:10A3F000EAE788F31188BFF36F8FBDE8F08100BFF3
:10A400006CE50B002FD90B0008B540B91149522259
:10A41000114816F080FA52210E4816F073FA31B93D
:10A420000C4953220C4816F076FA5321F4E732B95E
:10A4300008495422084816F06EFA5421ECE700232C
:10A44000C0E90012C0E90233BDE80840143014F03E
:10A4500041BC00BF64090C002FD90B002DE9F0416D
:10A4600004460F46164600F11005EFF3118820232D
:10A4700083F31288BFF36F8F284613F03FFE40B975
:10A4800010498422104816F046FA84210D4816F02F
:10A4900039FA284613F056FE2846C4E9017613F02F
:10A4A0003BFE40B907494FF49972074816F033FA5A
:10A4B0004FF49971EAE788F31188BFF36F8FBDE815
:10A4C000F08100BF6CE50B002FD90B0070B504467E
:10A4D00000F11005EFF31186202383F31288BFF3F8
:10A4E0006F8F284613F00AFE40B91349842213489F
:10A4F00016F011FA8421104816F004FA284613F0D9
:10A5000021FE217B31B901232373636813B12046F7
:10A51000A2689847284613F0FFFD40B906494FF45A
:10A520009972064816F0F7F94FF49971E3E786F34C
:10A530001188BFF36F8F70BD6CE50B002FD90B0036
:10A5400070B5044600F11005EFF31186202383F364
:10A550001288BFF36F8F284613F0D0FD40B914491D
:10A560008422144816F0D7F98421114816F0CAF94C
:10A57000284613F0E7FD237B3BB100232373636878
:10A580001BB101212046A2689847284613F0C4FD5C
:10A5900040B907494FF49972064816F0BCF94FF4D8
:10A5A0009971E2E786F31188BFF36F8F70BD00BF2A
:10A5B0006CE50B002FD90B002DE9FF41044630F864
:10A5C0005C2C50F8641C50F8580C18F037FC071E2F
:10A5D00040F3EE800026DFF8E08154F8643C9D5D96
:10A5E00014F8543C062B27D8DFE803F0323F494EDD
:10A5F00073D3040014F8532C531C18F80220DBB258
:10A60000AA4204F8533C20D10E2B15D16B480368A5
:10A6100013F0060F03D00221694A16F043FC002311
:10A6200004F8543CA4F16803D3E8EF1F41F00201A1
:10A63000C3E8E21F002AF7D10136B742CDD1204648
:10A6400004B0BDE8F041FEF70BB8002304F8543C19
:10A650000D2D06D1062304F8543C012304F8533C85
:10A66000EAE77E2DE8D1012306E07E2DE4D00D2D12
:10A67000F0D0FF2D25D1032304F8543CDCE703235D
:10A6800085F0200504F8543C7D2D01D10223F3E729
:10A69000032D16D100220023CDE9002300238021C1
:10A6A0001A4654F8700C07F09FFB44F8500C50B950
:10A6B0004248036813F0060F03D00221414A16F006
:10A6C000F1FB0023D8E7042304F8543C1AF050FDB2
:10A6D000B2E77E2D54F8500C23D102211AF02DFD43
:10A6E00054F8502C92F8373043F0800382F837301A
:10A6F00054F8501C54F8700C19F060FC00280CDA67
:10A700002E48036813F0060F03D002212E4A16F0DC
:10A71000C9FB54F8500C1AF095FC002344F8503C47
:10A72000A1E71AF0B9FC012802461BD10020002144
:10A73000CDE90001802154F8500C07F005FB0028FA
:10A7400010DA1E48036813F0060F03D01F4A0221D7
:10A7500016F0A8FB54F8500C1AF074FC002344F8CF
:10A76000503C89E77D2D01D1052385E7012254F86E
:10A77000500C0DF10F018DF80F501AF088FE0028D3
:10A78000BFF65AAF0D48036813F0060FE2D0104A27
:10A79000DDE7012254F8500C85F020050DF10F0182
:10A7A0008DF80F501AF073FE0028EBDB042363E7EB
:10A7B00004B0BDE8F08100BF91090C0044210220E3
:10A7C000A0090C00BC090C00E0090C00FF090C00FA
:10A7D000160A0C002DE9F74F044650F8380C38B92A
:10A7E00000220023A4F11C0011F048F844F8380CB2
:10A7F00034F82A2C34F8263C9A420CD1002324F851
:10A80000283C24F82A3C24F82C3C24F8223C24F848
:10A81000243C24F8263C002800F01C8114F83C3C21
:10A8200013B9012304F83C3C34F8242C34F82C3CB4
:10A83000A4F130099B1A54F8202CA4F12C0A9BB2E5
:10A84000D31A514601AA484616F02CFA804654F80D
:10A85000600C019D03F0DAFE4FF0000B0746C34584
:10A8600080F0E48014F83C2CA8EB0B06013A032A94
:10A8700000F2DC80DFE802F00227A3AB032E40F2F7
:10A88000D58054F8380C1AF073FC7E227D2005F830
:10A890000B20FF2205EB0B014A70887023210BF17E
:10A8A0000302A95443F6E35224F8342C54F8382C0C
:10A8B0000BF1040B92F93720002AB4BF03220222C5
:10A8C00004F83C2CCBE7032E40F2B08054F8382C2F
:10A8D00092F83720C2F30212012A3FD0022A3FD059
:10A8E0007148026812F0060F03D002216F4A16F079
:10A8F000D9FA002600220DF103018DF8032034F867
:10A90000340C012217F06AFDF6B201220DF10301A9
:10A9100024F8340C8DF8036017F060FD17F0010186
:10A920001CBF7D22202124F8340C1CBF05F80B200D
:10A930000BF1010B05F80B10384631460BF1010203
:10A9400018F0E9FA28B17D2186F02006A9540BF110
:10A95000020202F1010BAE540322B1E72126C9E73E
:10A960005726C7E7012E61D901220DF1020154F8E3
:10A97000380C1AF062FC9DF802200DF103018DF8ED
:10A98000032034F8340C012217F028FD9DF8022032
:10A9900024F8340C1146384618F0BDFA50B14FF087
:10A9A0007D0382F0200205F80B30013E8DF8022075
:10A9B0000BF1010B05F80B20013E0BF1010B54F8D4
:10A9C000380C1AF0ADFC0028CCD1042278E7042E14
:10A9D0002CD934F8342C3846D24392B25FFA82F83C
:10A9E00024F8342C4146120A18F095FA30B17D2132
:10A9F00088F0200805F80B100BF1010B11463846C2
:10AA000005F80B800BF1010618F085FA28B17D21BD
:10AA100082F02002A9550BF10206AA557E2206F10A
:10AA2000020B2E447270002204F83C2C5A46514608
:10AA3000484616F06DF914F83C3C5BB954F8380CF4
:10AA40001AF000FB00220023A4F11C0010F016FFF6
:10AA500044F8380CA4F13007A4F1260806E02A4691
:10AA60004146384616F054F9B5421AD334F8262C2C
:10AA700034F82A3C9A4214D09B1A41469BB201AA50
:10AA8000384616F00FF901990246064654F8480C6C
:10AA900018F0BAF9051EE2DA00224146384616F0EF
:10AAA00037F903B0BDE8F08F44210220280A0C00DA
:10AAB000024638B5084602F10804D4E8AF5F15F045
:10AAC000010512D191611577094918F082F9D4E88E
:10AAD000EF3FC4E8E25F002AF9D1D4E8EF3F43F04A
:10AAE0000103C4E8E23F002AF7D1002038BD00BFCF
:10AAF0003B2F0B0038B50025046904F10803D3E8A7
:10AB0000EF2FC3E8E15F0029F9D1A38A2269B3F5E9
:10AB1000004F08D30E490F48B22215F0FCFEB221B7
:10AB20000B4815F0EFFEC4E90C25236404F1600026
:10AB3000C4E90E55084911F011FA084904F17000F2
:10AB400011F00CFA04F144001DF066F9284638BDF6
:10AB500066060C002FD90B00D5A70900B9A509007E
:10AB600070B50B6806460C4643B93049212230487F
:10AB700015F0D1FE21212D4815F0C4FE8B6833B9A4
:10AB80002A4922222A4815F0C6FE2221F3E7CD6881
:10AB9000012D06D825492322254815F0BCFE232186
:10ABA000E9E715F0010506D020492422204815F0D8
:10ABB000B2FE2421DFE70B6933B91C4925221C486A
:10ABC00015F0A9FE2521D6E74B6933B9174926228E
:10ABD000174815F0A0FE2621CDE74FF484722946D0
:10ABE0001DF063FB236813493360636806F130008E
:10ABF000736011F075FB06F160000F4911F0AEF9BA
:10AC0000304600F0DFF938B12146304600F0ECF96B
:10AC100048B906F1080070BD04493E22044815F009
:10AC20007AFE3E21A7E72846F5E700BF470A0C0059
:10AC30002FD90B00A9300B00A3300B00F8B5436FE0
:10AC400004469A4228BF1A4600AF006F15461DF011
:10AC500006FB2068216F83682A465C68114BA04779
:10AC60000446E0B1104803685B0715D06E468AB011
:10AC70000E4A0F4B05920F4A0894CDE906254FF472
:10AC80000072ADF824206A4642F8103F00234FF4CA
:10AC90003151F8F739FAB5462046BD46F8BD2C4685
:10ACA000FAE700BF40420F003421022089050C0062
:10ACB00005000001850A0C00034610B50A46197903
:10ACC0000123006803FA01F1436804691B68194213
:10ACD0000AD10C490C4840F2A26215F01CFE40F269
:10ACE000A261084815F00EFE2368194218BF82F0D1
:10ACF000010222B18368DB68BDE810401847836811
:10AD00001B69F9E79E0A0C002FD90B002DE9F843C7
:10AD100000F170080546404618F0E4F98146002825
:10AD200045D02868F8F7A8FD041E0BDA214803680F
:10AD30005B0704D0012123461F4A16F0BCF82046C9
:10AD4000BDE8F883686810B10121FFF7B5FF00275F
:10AD500005F18806D6E8EF3FC6E8E27F002AF9D180
:10AD6000D6E8EF3F43F00103C6E8E23F002AF7D1FF
:10AD7000D5F80021286809F10409043A8368494696
:10AD8000DC684FF47A73A047041E0ADA494640464D
:10AD900018F090F9D6E8EF3FC6E8E27F002ACED05F
:10ADA000F8E705F1080018F07AF83C46C7E76FF0BD
:10ADB0000B04C4E734210220CF0A0C0038B5044646
:10ADC00000F18805D5E8EF3F23F00102C5E8E12F47
:10ADD0000029F7D1D90702D40024204638BD2068C5
:10ADE00083689B689847D5E8EF3F23F00402C5E8E5
:10ADF000E12F0029F7D15A0702D4206818F06FF923
:10AE0000606810B10021FFF757FF2068002200237F
:10AE1000F8F742FF041EDFDA044803685B07DCD062
:10AE200001212346024A16F046F8D6E734210220D3
:10AE3000EB0A0C00F0B50B780E46144685B002F113
:10AE40008805062B11D8DFE803F0042260395A90F8
:10AE5000A700D5E8EF3F23F00203C5E8E23F002A50
:10AE6000F7D104F16000FDF7FBFBD5E8AF3FD90750
:10AE70000BD4D5E8AF3F5A0707D4D5E8AF3F9B07BF
:10AE800003D404F17800FDF7EBFB05B0F0BDD5E885
:10AE9000AF3FD90709D54648036813F0060F04D021
:10AEA000B3680221434A16F006F8D5E8EF3F23F0D5
:10AEB0000203C5E8E23F002AD3D0F6E704F17007A9
:10AEC000384618F00FF906460028CED02068D4F88E
:10AED0000021836804361B693146043A98470346CB
:10AEE0000028C2D032480268520703D00121324AFA
:10AEF00015F0E1FF3146384618F0DCF8B5E749684F
:10AF00000029B2D004F17000F6E74B68002BACD0FA
:10AF1000D4F89820D4F800119B1A043BB3FBF1F34A
:10AF200001FB0323D3E8EF1F0131C3E8E21F002A2E
:10AF3000F8D1D6E9013213440293F3680393002356
:10AF4000002202A904F1AC001CF044FF0346E0B16A
:10AF50001748026812F0060F05D0F268022100922D
:10AF6000164A15F0B2FF7168CCE7D5E8AF3FDE07AF
:10AF70007FF57BAFD5E8EF3F43F00402C5E8E12F52
:10AF80000029F7D158073FF570AF0022002304F1E4
:10AF90003000FDF76BFB68E70548036813F0060F08
:10AFA0003FF463AF0B790221054A15F084FF5CE79B
:10AFB00034210220080B0C00240B0C00380B0C0071
:10AFC0005B0B0C0008B50246006883681B682BB158
:10AFD00004499847B0FA80F0400908BD6FF0570067
:10AFE000F8E700BF35AE0900F8B50327CA6880F856
:10AFF00004718B6804469B070D460AD020494FF424
:10B00000DC72204815F087FC4FF4DC711C4815F009
:10B0100079FCCB680C21B3FBF1F001FB1033D21AA1
:10B0200092FBF7F2042AC4F8002108D814494FF41F
:10B03000DF72144815F06FFC4FF4DF71E6E73B4612
:10B04000A96804F18C001CF0B7FE0646B0B90822CE
:10B050003B4604F1E80104F1AC0010F0F7F82B696D
:10B06000094923676B6904F17800636710F076FF84
:10B070002146064A04F10800FFF7C6F93046F8BD3C
:10B080007B0B0C002FD90B00AF300B0040C00B0026
:10B0900037B504460D4659B930B1184916F096F93E
:10B0A0006FF0150003B030BD144815F01EFCF7E733
:10B0B0000A22284601A913F09DFF019B1B786BB162
:10B0C0003CB12A4620460E4916F080F96FF0010087
:10B0D000E8E729460A4815F008FCF7E7FF28E1D918
:10B0E0003CB102460749204616F070F96FF0210086
:10B0F000D8E70146034815F0F8FBF7E7E20B0C0030
:10B10000FF0B0C00110C0C0004289ABF024B53F8E3
:10B1100020000248704700BF60C00B00230C0C00E9
:10B120000130C0B203289ABF024B53F820000248F6
:10B13000704700BF50C00B00320C0C002DE9F341EA
:10B140001F46038C06460C461546DDF82080042B6E
:10B1500030D8DFE803F023032F2B2D00416A0120B4
:10B1600005F07EFC728C034652BA92B229460092D8
:10B170002046144A13F014FF06F12C01012005F0BB
:10B180006FFC414603463846728D52BA92B208921D
:10B190000C4A02B0BDE8F04113F002BF0A4A29464A
:10B1A000204602B0BDE8F04113F0FABE074AF6E7C8
:10B1B000074AF4E729462046064A02B0BDE8F041B6
:10B1C00013F0EEBE420C0C00480C0C00520C0C00AC
:10B1D0005C0C0C00630C0C0050B1036843B15A685E
:10B1E000064B9A4204D109B1054B0B6005487047E4
:10B1F00009B905487047054B0B60FAE7282502207E
:10B20000880C0C00E4320C006E0C0C007D0C0C0061
:10B2100008B530B1064B074A074916F0BBF80020C5
:10B2200008BD034A0349044815F05FFBF7E700BF78
:10B23000FA0C0C000D0D0C002C0D0C0020B1054B70
:10B24000054A064916F0A6B8024A0349034815F014
:10B250004CBB00BF730D0C00770D0C002C0D0C00C7
:10B2600008B530B1064B074A074916F093F800209D
:10B2700008BD034A0349044815F037FBF7E700BF50
:10B28000730E0C00190E0C002C0D0C001FB50023C2
:10B290000446019320B31B4916F08AF801AB1A4803
:10B2A00002A90393029406F02BFC019B1BBBDCB1AB
:10B2B0002046164916F07CF82046154916F078F815
:10B2C0000023144802A9019307F034FB019B23B922
:10B2D000A4B12046104916F06BF8002004B010BD50
:10B2E000084815F002FBD9E7084815F0FEFA0848AF
:10B2F00015F0FBFAE4E7002CDED1F8E7064815F07C
:10B30000F4FAEAE71C100C008DB409005E100C0082
:10B310006E100C001DB30900B9100C002DE9F047A8
:10B320000446D1E9009890B00AAF172200213846B0
:10B330001CF0BBFFA68904AD012E3BD104F1100126
:10B34000304605F08DFBE289034652BA92B21721CE
:10B3500000922846264A13F023FE04F108013046E5
:10B3600005F07EFBE288034652BA92B200921721A2
:10B3700038461F4A13F014FED8F80060D4F814A021
:10B38000A089218C0136B9F1000F24D005F01AFAFA
:10B390002346CDE900A032464846CDE9025715497B
:10B3A00016F006F8D8F800300133C8F8003010B0B5
:10B3B000BDE8F08726B910492846F3F74BFADBE7DA
:10B3C000032E01D10D49F7E73346172128460C4AD1
:10B3D00013F0E6FDD0E705F0F5F95346009022465C
:10B3E0003146CDE90157034815F07FFADAE700BF8F
:10B3F000420C0C00D8100C00480C0C00520C0C0035
:10B40000630C0C0008B550B9074908484FF4137293
:10B4100015F081FA4FF41371034815F073FAB0F880
:10B420006000C0F3C20008BDF3100C002FD90B0060
:10B4300008B550B90749084840F2772215F06BFA71
:10B4400040F27721034815F05DFAB0F86000C0F3D0
:10B45000811008BDF3100C002FD90B0008B550B9AE
:10B460000849094840F2F22215F055FA40F2F2215B
:10B47000044815F047FA90F96200BDE8084004F06E
:10B4800001BA00BFF3100C002FD90B002DE9F04FCB
:10B490001725D1E900A7044693B00CAE2A46002137
:10B4A00030460DF118081CF000FF2A462046009592
:10B4B00033464146FFF742FE3D6820460135BAF16A
:10B4C000000F3DD0FFF7CAFF04F01CFD8146204667
:10B4D000FFF798FF02282AD0012814BF4FF0200B55
:10B4E0004FF0340B2046FFF7A3FF022822D001289B
:10B4F00022D0032814BF20235223B4F85E20112A3F
:10B500001CD0062A14BF20225422CDE90232504614
:10B5100023462A46CDE90486CDE9009B254915F04E
:10B5200047FF3B6801333B6013B0BDE8F08F4FF03D
:10B53000360BD7E74423E0E75323DEE75522E4E761
:10B54000FFF78CFF04F0DEFC81462046FFF75AFF30
:10B55000022825D0012814BF4FF0200A4FF0340AEA
:10B560002046FFF765FF02281DD001281DD00328C3
:10B5700014BF20235223B4F85E20112A17D0062AC4
:10B5800014BF20225422CDE9013229464B462246DF
:10B59000CDE903860748CDF800A015F0A6F9C0E76D
:10B5A0004FF0360ADCE74423E5E75323E3E755226F
:10B5B000E9E700BF27110C0008B530B1064B074A78
:10B5C000074915F0E7FE002008BD034A0349044877
:10B5D00015F08BF9F7E700BF79110C0080110C0012
:10B5E0002C0D0C0008B530B1064B074A074915F081
:10B5F000D1FE002008BD034A0349044815F075F93F
:10B60000F7E700BF92110C00A0110C002C0D0C00EC
:10B6100008B530B1064B074A074915F0BBFE0020BC
:10B6200008BD034A0349044815F05FF9F7E700BF76
:10B630006D130C0074130C002C0D0C0008B530B108
:10B64000064B074A074915F0A5FE002008BD034A2E
:10B650000349044815F049F9F7E700BF23140C002B
:10B6600030140C002C0D0C0008B530B1064B074A05
:10B67000074915F08FFE002008BD034A034904481E
:10B6800015F033F9F7E700BF44140C0030140C0038
:10B690002C0D0C0008B520B1044915F07BFE0020EC
:10B6A00008BD024815F021F9F9E700BFB1150C00FB
:10B6B00008B530B1064B074A074915F06BFE00206C
:10B6C00008BD034A0349044815F00FF9F7E700BF26
:10B6D0007C160C0087160C002C0D0C0008B530B140
:10B6E000064B074A074915F055FE002008BD034ADE
:10B6F0000349044815F0F9F8F7E700BF7C160C0081
:10B7000087160C002C0D0C0008B530B1064B074A0B
:10B71000074915F03FFE002008BD034A03490448CD
:10B7200015F0E3F8F7E700BF91180C0096180C002D
:10B730002C0D0C0008B530B1064B074A074915F02F
:10B7400029FE002008BD034A0349044815F0CDF83E
:10B75000F7E700BF06190C0017190C002C0D0C00A0
:10B7600008B528B1044915F031FE6FF0070008BD97
:10B77000014815F0BAF8F8E743190C0070B501213B
:10B78000064617F090FD044620B133493348F3F7DD
:10B7900061F80C240221304617F085FD2F4D30B1A1
:10B7A000C4F1510128192E4A13F0FAFB0834032181
:10B7B000304617F078FD0346C4F151012819002BDB
:10B7C00045D0284A13F0ECFB0E340521304617F023
:10B7D0006AFD30B1C4F151012819234A13F0E0FB8E
:10B7E0000E340621304617F05EFD30B1C4F1510130
:10B7F00028191E4A13F0D4FB05340721304617F0F0
:10B8000052FD30B1C4F151012819194A13F0C8FB97
:10B8100005340B21304617F046FD30B1C4F151011B
:10B820002819144A13F0BCFB06340C21304617F0DB
:10B830003AFD30B1C4F1510128190F4A13F0B0FBA1
:10B8400007340023254405F8013C044870BD0B4A29
:10B8500013F0A6FB0B34B8E79E190C00E26302203C
:10B86000AB190C00B4190C00C3190C00D2190C0050
:10B87000D8190C00DE190C00E5190C00B7190C00E2
:10B880002DE9F0434B6804460E4689B013B183425C
:10B8900040F0E28000230822204605A9CDE90533C7
:10B8A00035688DF81C3018F065FF002802DD9DF822
:10B8B00014301BB98B4905A8F2F7CCFF204604A928
:10B8C000002D4DD0FFF788FC0746204604F01AFBF8
:10B8D0008549CDE9007005AA2846234615F068FD84
:10B8E0002846049A814915F063FD002C51D020466A
:10B8F00017F0E3FC00284AD004F114064FF0FF32A1
:10B900004FF0FF3330460FF095FD2068002800F01F
:10B91000C681417C59B11823754A1230002D4CD094
:10B9200004F07EFF73490246284615F041FD30467B
:10B930000FF02EFE2268002D46D002B1528B6E49C8
:10B94000284615F035FD2046FFF718FF6B490246E3
:10B95000284615F02DFD2368002B48D1684A4AE09F
:10B96000FFF73AFC0746204604F0CCFA05A9009000
:10B970003B465D48224614F0B8FF04995B4814F03A
:10B98000B4FF002CB3D15F4814F0AFFF05E0002DE9
:10B99000F9D028465B4915F0FDFC7368002B5BD09D
:10B9A000002CA9D1584959484FF4437214F0B3FF01
:10B9B0004FF44371544814F0A5FF04F031FF0146E1
:10B9C0004C4814F092FFB2E77AB1518B4A4814F018
:10B9D0008CFF2046FFF7D2FE0146484814F085FF51
:10B9E0002268002A3BD146493DE02946EEE71B6824
:10B9F000002BB3D01A682846454915F0D9FC2068B9
:10BA000000284FD104F096FC00210246204617F092
:10BA10004AFC404B4049414E002818BF0B460921C3
:10BA2000204617F040FC3E49002818BF3146284602
:10BA300000913C4915F0BCFC06212046666817F0D1
:10BA400032FC08B1002E37D1002D2FD02846364BBE
:10BA5000364A374915F0ACFC09B0BDE8F0831268EE
:10BA6000002AC0D011682A4814F03FFF2068D8B9D6
:10BA700004F060FC00210646204617F014FC264B1B
:10BA8000244A884218BF1A460921204617F00BFCA9
:10BA9000224B2349002808BF0B463146214814F0A9
:10BAA00024FFC9E7007FADE7007FE1E71E4A1F4999
:10BAB0001F4814F01AFFCFE775B1012228461D492F
:10BAC00015F076FCF37E990738D4002D40F0C38042
:10BAD000194814F00AFFB9E00121164814F005FFD7
:10BAE000F0E700BF28DF0B000D1A0C00942A0C00B1
:10BAF000336402206E1A0C007E1A0C008E1A0C00A1
:10BB0000ED190C002B1A0C003F1A0C002FD90B005A
:10BB10009E1A0C00BC530C00F1190C00FD560C00D1
:10BB20000A570C00B31A0C00DE1A0C00E61A0C00BF
:10BB3000EB1A0C000A1B0C003C1B0C000120311DF1
:10BB400006F11C07002D62D004F08AFF3946044636
:10BB5000012004F085FF0746307EFFF7D5FA8046C6
:10BB600096F91900FFF7DCFAF37E4E4A13F0010F45
:10BB70004D4B18BF13464D49CDE9010322463B46C4
:10BB80002846CDF8008015F013FC022228464849CB
:10BB900015F00EFC0023984606F1240703F1010975
:10BBA00006EB4912127FD20716D5394601205C01F7
:10BBB000002D55D004F054FF331993F83C303D4923
:10BBC00013F0020F0246384B284608BF0B463A498D
:10BBD00015F0EEFB08F10108B9F1020F4FF0010377
:10BBE00007F12007DAD16036B8F1000F54D1002DEB
:10BBF00046D02846314915F0DBFB3146012004F0E0
:10BC00002FFF2F490246284615F0D2FB24E704F007
:10BC100027FF39460446012004F022FF0746307E04
:10BC2000FFF772FA804696F91900FFF779FAF37E6A
:10BC30001C4A13F0010F1C4B18BF13462146CDE9D7
:10BC400000033A464346194814F04FFE02211848B3
:10BC500014F04BFE9EE72846184915F0A9FB94E71F
:10BC600004F0FEFE331993F83C30014613F0020F46
:10BC70000D4B104A104818BF1A4614F036FEA9E7BB
:10BC80000E4814F032FE3146012004F0E9FE014670
:10BC90000B4814F02AFEDFE6002DAED1F3E743781F
:10BCA000FFDE00BFF4190C0075EC0B002C1B0C0020
:10BCB000451B0C00FE190C00691B0C003C1B0C0002
:10BCC000701B0C0070B551680546FFF7E1F9041EC2
:10BCD00009DB03F0D7FD024668B93DB122461B4996
:10BCE000284615F073FB6FF0070627E0214617483A
:10BCF00014F0FBFDF7E717F0E0FA30B115B122467A
:10BD00001349EDE721461248F2E7104604F01EFB06
:10BD1000064668B135B10346224628460D4915F05E
:10BD200055FBE0E7024621460A4814F0DEFDDAE75B
:10BD300035B122462846084915F03AFB304670BD19
:10BD40002146054814F0D1FDF8E700BF831B0C0025
:10BD5000A21B0C00BF1B0C00E11B0C0070B551684E
:10BD60000546FFF795F9041E08DB03F08BFD68B963
:10BD70003DB122462846154915F028FB6FF007060D
:10BD80001CE02146114814F0B0FDF7E704F034FB45
:10BD9000064668B135B10346224628460C4915F0DF
:10BDA00015FBEBE702462146094814F09EFDE5E746
:10BDB00035B122462846074915F0FAFA304670BDDB
:10BDC0002146044814F091FDF8E700BF831B0C00E6
:10BDD000F51B0C00191C0C00012938B504461DD8B0
:10BDE00003F068FD58B934B120461C4915F0EEFA4D
:10BDF0006FF0070011E0194814F077FDF8E704F040
:10BE000081F8024624B12046154915F0D1FA03E025
:10BE10000146134814F069FD002038BD5168FFF752
:10BE200037F9051EE4DB03F02DFD03F03DFD03F0C3
:10BE300041FD04F067F885420BD02CB12A4620461C
:10BE4000084915F0C3FAD3E72946064814F04DFD1A
:10BE5000CEE70CB12A46D6E72946DAE72F1C0C00BC
:10BE6000451C0C005C1C0C0073B554680546BCB145
:10BE70002146FFF70DF9061E09DB03F003FD04461A
:10BE800070B945B132462846134915F09FFA6FF054
:10BE9000070002B070BD31460F4814F026FDF6E7EA
:10BEA00085B103F007FD04F02DF80C490246284641
:10BEB00015F07EFA0A486946CDE9005404F018FAF4
:10BEC0000020E6E703F0F6FC04F01CF80146034806
:10BED00014F00BFDEEE700BF831B0C00831C0C006D
:10BEE00081B80900F0B5002787B005460E46CF603F
:10BEF00003F0C8FC04464DB3A0B1012D28D108229F
:10BF000003A918F037FC394620468DF81470FFF766
:10BF100063F91C21CDE90004104A114803AB13F06A
:10BF20003FF80F4C0F4B7460B360284603F0AAFC37
:10BF300085B140B1012D0FD12B4604210A4A0B488F
:10BF400013F02EF80948306007B0F0BD084CE9E75F
:10BF50003C46E7E70648F6E70020F4E79B1C0C00A8
:10BF60004F640220849F0B000BE10B004B64022006
:10BF700075EC0B0018B1012801D0022803D1034B46
:10BF800053F8300070470248704700BF20C80B00CC
:10BF9000B01D0C002DE9F3411D46002301932B68D1
:10BFA00004468B42DDF820800BD330B11A4915F0DE
:10BFB0001BFA03236FF0150728E0174814F095FCCF
:10BFC000F7E752F823600A21304601AAFAF7AEF9E2
:10BFD000019F5FB12CB132461049204615F004FA9A
:10BFE000E7E731460D4814F080FCE2E703F04AFC35
:10BFF000C8F8040030B914B132460949EDE73146BA
:10C000000748F0E72B6801332B603B46384688F839
:10C01000003002B0BDE8F081B81D0C00E01D0C003E
:10C02000021E0C0010B1034915F0C2B9014814F00A
:10C030005CBC00BF291E0C00F0B587B004AF0D46F4
:10C0400008223946044618F095FB18B138460B49CA
:10C05000F2F700FC204603F055FF0021064620467B
:10C06000FFF7BAF83346CDE9017030212846044A7B
:10C07000009412F095FF07B0F0BD00BF701E0C00D9
:10C08000781E0C0030B505460C468DB06946FFF7AA
:10C09000D3FF284607F01EF834B16A46204605490A
:10C0A00015F086F90DB030BD6946024814F01DFC4C
:10C0B000F8E700BF8A1E0C0030B505460C468DB06F
:10C0C0006946FFF7B9FF284607F022F834B16A46FF
:10C0D0002046054915F06CF90DB030BD694602489F
:10C0E00014F003FCF8E700BFA11E0C002DE9F0419D
:10C0F0001C6806468C421D46069F16D252F82480C4
:10C10000104940461CF0EDF828B901342C60387015
:10C110000020BDE8F08140460B491CF0E2F820B950
:10C12000012301342C603B70F2E736B130460749F9
:10C1300015F05AF96FF01500EBE7044814F0D5FB41
:10C14000F8E700BF93F10B00F04B0C00B81E0C0099
:10C15000F0B593B004460E4607F00EF806A9054662
:10C160002046FFF769FF4FF6FF739D420CD136B1B1
:10C170003046384906AA15F01BF913B0F0BD354812
:10C1800006A914F0B2FBF8E7204605F0800719F085
:10C1900085FF34B1246824B10C34D4E8AF4F04F0E7
:10C1A00001046A0705F0010105F0020305F4005CD3
:10C1B00047BF294A294D2A4D2A4A002B18BF154648
:10C1C00026B3294A294B002818BF13462848294A74
:10C1D0000093002C18BF0246274C2848284B002902
:10C1E00018BF2046274C2849CDE90120BCF1000F9B
:10C1F00018BF2146254ACDE90351002F08BF134639
:10C200003046234906AA15F0D3F8B6E7184A194B69
:10C21000002C18BF1346184C184A002918BF224694
:10C22000184C1949CDE90032BCF1000F18BF214666
:10C230000E4A0D4BCDE90251002808BF13461349A1
:10C240000F4A1348002F08BF0A4606A914F04DFBF9
:10C2500093E700BF1F1F0C00D31E0C00E61A0C0052
:10C26000DF1E0C00DA1E0C00F91E0C00F51E0C007F
:10C27000A6260C0074260C00FF1E0C00071F0C00E5
:10C28000E51E0C00F9530C00111F0C00ED1E0C00F4
:10C29000361F0C002DE9F0470129044688469146D7
:10C2A0001D46089E01D8012307E0576834493846E7
:10C2B0001CF017F828B902232B6033700020BDE86A
:10C2C000F08738462F491CF00CF810B902232B6078
:10C2D000E9E7384616F0FEFF38B12B464A4641469C
:10C2E0002046BDE8F047FFF755BE384626491BF00B
:10C2F000F8FF824660BB022398452B600DD144B104
:10C300002046224915F070F803236FF015003370B2
:10C31000D5E71E4814F0E9FAF6E7D9F80870384670
:10C3200004F0F6F803F0AEFA706058B92CB13A4652
:10C330002046174915F058F8E6E73946144814F036
:10C34000D4FAE1E72B6801332B6086F800A0B5E74B
:10C35000384610491BF0C5FF10B902232B60BCE71B
:10C3600044B13A4620460C4915F03EF82046FFF706
:10C3700059FEC9E73946084814F0B7FAF6E700BF96
:10C38000601F0C00641F0C005E480C00691F0C004D
:10C39000901F0C00B61F0C00BA1F0C0070B50026D1
:10C3A000012386B0CDE904660326039304AB009312
:10C3B00003AB04460D468DF81060FFF76BFFA8B97C
:10C3C000039BAB4209D024B10F49204615F00CF86D
:10C3D0000CE00D4814F089FA08E09DF810305A1E60
:10C3E000012A06D82146094803F082FF002006B042
:10C3F00070BD23B921460598FFF7AAFEF6E70CB1F8
:10C400000349E2E70248E5E7EE1F0C0051C10900CD
:10C41000FE1F0C0070B50026012386B0CDE904662E
:10C420000326039304AB009303AB04460D468DF83B
:10C430001060FFF72FFFC0B9039BAB4209D024B1B6
:10C440001B49204614F0D0FF0FE0194814F04DFAB4
:10C450000BE09DF81030012B0ED14CB12046154950
:10C4600014F0C2FF2046FFF7DDFD002006B070BDCE
:10C47000104814F03AFAF5E7022B0DD144B12046EA
:10C480000D4914F095FF21460C4803F031FFECE70D
:10C49000094814F02AFAF6E723B921460598FFF770
:10C4A000F1FDE2E70CB10649CBE70548CEE700BF56
:10C4B000EE1F0C0018200C0032200C0085C0090073
:10C4C000FE1F0C0070B50026012386B0CDE904667E
:10C4D0000326039304AB009303AB04460D468DF88B
:10C4E0001060FFF7D7FEC0B9039BAB4209D024B15F
:10C4F0001B49204614F078FF0FE0194814F0F5F9B5
:10C500000BE09DF81030012B0ED14CB1204615499F
:10C5100014F06AFF2046FFF785FD002006B070BDCD
:10C52000104814F0E2F9F5E7022B0DD144B1204692
:10C530000D4914F03DFF21460C4803F0D9FEECE70D
:10C54000094814F0D2F9F6E723B921460598FFF718
:10C55000B3FDE2E70CB10649CBE70548CEE700BFE3
:10C56000EE1F0C0018200C0048200C00B9C0090078
:10C57000FE1F0C0070B50026012392B0CDE90466C1
:10C580000326039304AB009303AB04460D468DF8DA
:10C590001060FFF77FFEC0B9039BAB4209D024B106
:10C5A0002A49204614F020FF0FE0284814F09DF996
:10C5B0000BE09DF81030012B0ED14CB120462449E0
:10C5C00014F012FF2046FFF72DFD002012B070BDC1
:10C5D0001F4814F08AF9F5E7022B0CD13CB1204634
:10C5E0001C4914F0E5FE012007F0AEF8EDE719480C
:10C5F00014F07BF9F7E71BBB059D06A92846FFF75A
:10C600001BFD284619F04AFD58B92CB120461249A5
:10C6100006AA14F0E9FED8E70F4806A914F065F958
:10C62000D3E744B120460D4906AA14F0C1FE2846BE
:10C6300019F05CFDC9E7094806A914F056F9F6E7B8
:10C640000CB10749ADE70648B0E700BFEE1F0C008C
:10C6500018200C005E200C008E200C00D7200C004F
:10C66000FE1F0C0070B50026012392B0CDE90466D0
:10C670000326039304AB009303AB04460D468DF8E9
:10C680001060FFF707FEC0B9039BAB4209D024B18D
:10C690002A49204614F0A8FE0FE0284814F025F996
:10C6A0000BE09DF81030012B0ED14CB120462449EF
:10C6B00014F09AFE2046FFF7B5FC002012B070BDC2
:10C6C0001F4814F012F9F5E7022B0CD13CB12046BB
:10C6D0001C4914F06DFE012007F04EF8EDE71948F3
:10C6E00014F003F9F7E71BBB059D06A92846FFF7E1
:10C6F000A3FC284619F0D2FC58B92CB120461249A7
:10C7000006AA14F071FED8E70F4806A914F0EDF858
:10C71000D3E744B120460D4906AA14F049FE284645
:10C7200019F037FDC9E7094806A914F0DEF8F6E765
:10C730000CB10749ADE70648B0E700BFEE1F0C009B
:10C7400018200C00F9200C002C210C0078210C0082
:10C75000FE1F0C0070B50026012392B0CDE90466DF
:10C760000326039304AB009303AB04460D468DF8F8
:10C770001060FFF78FFD38B9039BAB420BD034B18B
:10C780002149204614F030FE002012B070BD1E4832
:10C7900014F0ABF8F8E79DF81030012B04D10CB180
:10C7A0001A49EEE71948F3E7022B0CD13CB12046B9
:10C7B000174914F0FDFD012006F0A2FFE4E714483C
:10C7C00014F093F8F7E7D3B9059D06A92846FFF7BB
:10C7D00033FC64B120460F4906AA14F0E9FD204657
:10C7E0000D4914F0F3FD284603F0B0FDCCE70948ED
:10C7F00006A914F07AF8084814F077F8F3E70CB1BA
:10C800000649BEE70548C3E7EE1F0C0018200C00E0
:10C810009C210C00C5210C00E0210C00FE1F0C0027
:10C8200070B50026012392B0CDE904660326039378
:10C8300004AB009303AB04460D468DF81060FFF780
:10C8400029FDC0B9039BAB4209D024B1254920463C
:10C8500014F0CAFD0FE0234814F047F80BE09DF8F0
:10C860001030012B0ED14CB120461F4914F0BCFDF5
:10C870002046FFF7D7FB002012B070BD1A4814F015
:10C8800034F8F5E7022B0CD13CB12046174914F0DF
:10C890008FFD012006F046FFEDE7144814F025F85F
:10C8A000F7E7D3B9059D06A92846FFF7C5FB64B194
:10C8B00020460F4906AA14F07BFD20460D4914F0CE
:10C8C00085FD284603F098FDD5E7094806A914F030
:10C8D0000CF8084814F009F8F3E70CB10649B6E77C
:10C8E0000548B9E7EE1F0C0018200C001C220C00B4
:10C8F00047220C0064220C00FE1F0C0000232DE9CF
:10C90000F04F93B0CDE904338DF80B3003234FF093
:10C91000010904AF8DF81030009703AB04460E46B2
:10C920001546CDF80C90FFF7B5FC58B99DF81030BE
:10C930004B450FD154B120468A4914F055FD20468D
:10C94000FFF770FB002013B0BDE8F08F854813F0AF
:10C95000CCFFF4E7022B09D124B18349204614F01F
:10C9600043FDEFE7804813F0C0FFEBE723B10CB1C4
:10C970007E49F3E77D48F6E70DF10B0300932A4665
:10C980003146204603ABDDF81480FFF7AFFB0746C6
:10C990000028D7D1DDF80CA0564520D89CB1204600
:10C9A000734914F021FD2046724914F001FD724DC7
:10C9B00055F8372074B12046704914F0F9FC01375E
:10C9C000032FF5D1BEE76A4813F08FFF694813F0D3
:10C9D0008CFFECE71146694813F087FFEFE755F845
:10C9E0002A70674938464FEA8A0B1BF07AFC50B12F
:10C9F000384664491BF075FCA0B1384662491BF00B
:10CA000070FC88B902205C4A9DF80B900AF1010382
:10CA100002EBC002B9F1010F1779039310D04FF068
:10CA2000000A2AE04846EEE72CB13A46574920462C
:10CA300014F0DAFC86E73946544813F056FF81E7D4
:10CA4000B34237D25D446D68514928461BF049FC1A
:10CA500070B128464F491BF044FC48B128464E4966
:10CA60001BF03FFC20B128464C491BF03AFC48B96A
:10CA70000AF102034FF0010A0393B34221D0F4B14B
:10CA800047496BE7284647491BF02BFC70B1284605
:10CA900045491BF026FC48B1284644491BF021FCBF
:10CAA00020B1284642491BF01CFC18B90AF10203C8
:10CAB0000393B4E70CB13F4950E73E4853E7384889
:10CAC00051E706AD40462946FFF7B6FA404619F051
:10CAD000E5FA30B914B12A463749A8E7294636485D
:10CAE000ABE7B9F1010F21D139465246404619F062
:10CAF000DCFA3846FFF73EFA014664B12A4A254B74
:10CB00002E49BAF1000F08BF134602460095204691
:10CB100014F04EFC16E72B4623481E4ABAF1000FCC
:10CB200008BF0246254813F0E0FE0BE739464046B1
:10CB300019F032FB02463846FFF71CFA01464CB1A9
:10CB4000194B1448002A18BF03460A4600931C4993
:10CB50002B46DCE714480F4B002A08BF03462A4641
:10CB60001748E0E718200C00A2220C00FE1F0C0062
:10CB7000C8220C00E0220C0020C80B00FA220C0096
:10CB800000230C000B230C001B230C0028230C009B
:10CB900041230C00A12B0C0026E10B0045230C00C7
:10CBA000EE1F0C004A230C00143C0C0043EA0B005F
:10CBB0004D230C0053230C0072230C00CD230C00DA
:10CBC000FE230C0001232DE9F04792B003930023CC
:10CBD000CDE904338DF80B30032304AD8DF810300C
:10CBE000009503AB044688461746FFF753FB58B938
:10CBF0009DF81030012B0FD154B12046564914F046
:10CC0000F3FB2046FFF70EFA002012B0BDE8F087D4
:10CC1000514813F06AFEF4E7022B09D124B14F49C1
:10CC2000204614F0E1FBEFE74C4813F05EFEEBE723
:10CC300023B10CB14A49F3E74948F6E70DF10B037C
:10CC400000933A464146204603ABDDF81490FFF7C7
:10CC50004DFA05460028D7D19DF80BA0BAF1010F77
:10CC600011D1039E0690464504D30CB13D49D7E748
:10CC70003C48DAE757F826703B4938461BF031FB51
:10CC800038B901360396039B43451ED0DCB13749C2
:10CC9000C6E7384616F01EFB30B97CB13A46344937
:10CCA000204614F0A1FBAFE70A21384606AAF9F79F
:10CCB0003DFB069B0546002BE3D0EEE739462C48AA
:10CCC00013F013FEA0E72948AFE7484606A9FFF78F
:10CCD000B3F9484619F0E2F930B914B1254906AA6A
:10CCE000DEE7244806A9EBE7BAF1010F1CD129467B
:10CCF000484619F0AAFA64B11F4A204B2049002D7A
:10CD000008BF134600932B4606AA204614F050FB9A
:10CD10007AE71A4A184B1A48002D18BF13462A46BC
:10CD200006A913F0E2FD6FE7484619F07EFA0246C5
:10CD30004CB11149114B06AA002808BF0B461149F6
:10CD400000930346E1E70D490B4B002818BF0B4643
:10CD50000C4806A9E5E700BF18200C0057240C007A
:10CD6000FE1F0C007F240C00641F0C00EE1F0C0043
:10CD7000A7240C00C3240C0040240C004E240C00FB
:10CD800021250C0055250C0013B5044658B3244A40
:10CD9000244914F00DFB2046234A244914F008FBD3
:10CDA0002046214A224914F003FB20461E4A21490D
:10CDB00014F0FEFA012220461F4914F0F9FA01226C
:10CDC00020461E4914F0F4FA022220461C4914F0B1
:10CDD000EFFA0094002469461A48019403F088FA97
:10CDE000204602B010BD0E490E4813F07EFD0E49DC
:10CDF0000E4813F07AFD0C490D4813F076FD0A49F0
:10CE00000C4813F072FD01210B4813F06EFD012157
:10CE10000A4813F06AFD0221094813F066FDD8E7BD
:10CE2000DE1A0C006D270C009D270C00A6270C00B5
:10CE3000D6270C0006280C0036280C0079280C0098
:10CE4000BC280C002DD109000329F7B5044616466D
:10CE50000CD038B11D4914F0C7FA6FF00705284609
:10CE600003B0F0BD194813F040FDF6E75168FEF736
:10CE70000FF9051EF1DB02F005FD074658B92CB18C
:10CE80002A462046124914F0A1FAE6E7294610483E
:10CE900013F02BFDE1E7B168012001AA03F0F6FDD4
:10CEA000054668B1B26834B120460A4914F09CFACC
:10CEB0006FF01505D3E71146064813F016FDF7E7A6
:10CEC000384601A917F009FBC9E700BFFF280C008D
:10CED000831B0C0035290C002DE9F0430229044680
:10CEE0008946174685B00AD828B14A4914F07CFA19
:10CEF0006FF0150514E0474813F0F7FCF8E75168A8
:10CF0000FEF7C6F8061E09DB02F0BCFC804680B9BD
:10CF100054B132462046404914F058FA6FF00705E4
:10CF2000284605B0BDE8F08331463B4813F0DDFCF0
:10CF3000F4E7B968012002AA03F0A8FD054658B13C
:10CF4000BA6824B13549204614F04EFAD0E71146AC
:10CF5000324813F0CAFCCBE702A816F0CCF903461E
:10CF6000F8B12A46404602A905F0E2FE071ED7DACC
:10CF7000012002A95CB103F073FDCDE9006703460F
:10CF8000274A2046274914F02FFA3D46C8E703F008
:10CF900067FD3346024622492248009713F0A5FC5C
:10CFA000F3E7B9F1030F05D114B120461E499DE7FF
:10CFB0001D48A1E70322404602A902F0CDFDA8B911
:10CFC000012002A954B103F04BFD33460246174934
:10CFD000204614F009FA6FF00B05A1E703F040FDBD
:10CFE00032460146114813F080FCF4E7F96801204D
:10CFF00003AA03F04BFD30B1FA680CB10C49A2E76B
:10D0000011460B48A5E7404603AA02A917F03FFACC
:10D0100086E700BF4A290C00831B0C0035290C0051
:10D0200085290C008A290C00BE290C00D3290C008C
:10D03000FA290C0003292DE9FF41044617460AD0BE
:10D0400028B1344914F0D0F96FF0150514E03148D7
:10D0500013F04BFCF8E75168FEF71AF8061E09DBDF
:10D0600002F010FC804680B954B1324620462A496D
:10D0700014F0ACF96FF00705284604B0BDE8F08164
:10D080003146254813F031FCF4E7B968012003AAC2
:10D0900003F0FCFC054658B1BA6824B120461F498C
:10D0A00014F0A2F9D0E711461C4813F01EFCCBE7A0
:10D0B00003A816F020F903A9E8B1404605F074FE74
:10D0C000071ED9DA012003A95CB103F0C9FCCDE940
:10D0D00000670346124A2046124914F085F93D467E
:10D0E000CAE703F0BDFC334602460D490D480097E0
:10D0F00013F0FBFBF3E7404617F04EFA0028BBD1D4
:10D10000BA6824B12046084914F06EF9B2E7114616
:10D110000548B7E70E2A0C00831B0C0035290C00CC
:10D120003C2A0C008A290C00422A0C002DE9F04F01
:10D130000C680646456887B0D4B102F0E3FE05A945
:10D1400007463046FEF748F83A46644900903346B1
:10D15000204614F02DF92046059A614914F028F96B
:10D16000EDB920465F4914F023F907B0BDE8F08F10
:10D1700002F0C8FE05A907463046FEF72DF83946ED
:10D1800003463246554813F0B0FB0599544813F056
:10D19000ACFB002D44D1534813F0A7FBE5E7204634
:10D1A000514914F005F92046504914F001F9EB7E7D
:10D1B00099073CD4002C7FD020464D4914F0F8F854
:10D1C00020464C4914F0F4F8002705F1340605EB2D
:10D1D000471393F83C30DA071AD536F8140C0128B7
:10D1E00016D1454ADFF81481C3F34003002B08BF72
:10D1F0009046A6F11001002C65D0D6E8AF9F03F051
:10D200002FFC4B460090424620463D4914F0D0F892
:10D210007B1C022B4FF0010706F12006D7D1A4E7B3
:10D22000314813F062FB314813F05FFBBFE72E88F3
:10D23000012EBFD1287E05F1140B05F1040905F17B
:10D240001C0AECB1FDF760FF074695F91900FDF7E0
:10D2500067FF8046DBE8AFBF4946304603F000FC7D
:10D2600051468146304603F0FBFB4346CDE9019031
:10D270003A4620462349CDF800B014F099F899E7D2
:10D28000FDF742FF074695F91900FDF749FF804673
:10D29000DBE8AFBF4946304603F0E2FB514681462A
:10D2A000304603F0DDFB5B46CDE90090424639464F
:10D2B000144813F01AFB7DE70D4813F016FB0D48D8
:10D2C00013F013FB80E7D6E8AF9F03F0C9FB4A4693
:10D2D000034641460A4813F008FB99E7572A0C0019
:10D2E000832A0C00B32A0C00DD2A0C00E82A0C006B
:10D2F000212B0C002F2B0C004A230C0041230C0087
:10D30000432B0C000A2B0C0008B530B1054A064926
:10D3100014F04EF86FF0070008BD0249024813F000
:10D32000E4FAF7E79D270C00432C0C0007B5094BE6
:10D3300048B10093084A094B094914F02BF8002022
:10D3400003B05DF804FB054A0349054813F0CDFA24
:10D35000F5E700BFDA1E0C003D370C00732C0C0003
:10D36000832C0C0008B530B1064B074A074914F06E
:10D3700011F8002008BD034A0349044813F0B5FA28
:10D38000F7E700BFDA1E0C00732C0C002C0D0C000C
:10D390001FB5044603AB684602AA01A904F010FCBD
:10D3A000002C2DD080222046274914F001F8204679
:10D3B000264913F0FDFF2046254913F0F9FF009A96
:10D3C00020465369234913F0F3FF019A204653691D
:10D3D000214913F0EDFF029A2046138C1F4913F0E8
:10D3E000E7FF039A2046138C1D4913F0E1FF204606
:10D3F0001C4B1D4A1D4913F0CDFF002004B010BD89
:10D400008021114813F071FA104813F06EFA104899
:10D4100013F06BFA00990F484A6913F066FA019904
:10D420000D484A6913F061FA02990C480A8C13F00E
:10D430005CFA03990A480A8C13F057FA094A0A4918
:10D440000A4813F052FAD8E7E12D0C00FB2D0C002E
:10D45000122E0C00272E0C00312E0C003B2E0C003F
:10D460004A2E0C00592E0C006C2E0C002C0D0C00BA
:10D4700008B520B1044913F08DFF002008BD024813
:10D4800013F033FAF9E700BFB42E0C0073B503684C
:10D4900052F823409D00A67896B102340E4902222C
:10D4A00020461AF042FF0023002814BF0A21102151
:10D4B000204601AA0193F8F715FF019B2BB102E06A
:10D4C00001338B4203D34FF0FF3002B070BD0360D5
:10D4D0002A445468E2E700BF0A2F0C0010B50A4442
:10D4E000914200D110BD11F8013B032BF8D1074C3C
:10D4F00020460FF03FF804F1300004F07FFE0022D8
:10D50000206E1146BDE81040F8F772BED0450220EB
:10D510002DE9F04F002691464FF0FF374FF47A7215
:10D5200004460D4601234FF0040A4FF0030BB046AA
:10D5300087B003970292AB42059309D3B8F1000F6D
:10D5400070D1002C6AD02046694913F03FFF30E0CB
:10D5500059F8232013782D2B5ED15378692B2BD0CB
:10D5600009D8512B48D0632B13D0492B2CD0002C39
:10D570004FD060491AE0702B35D0732BF7D14A4653
:10D58000294605A8FFF782FFB0F5803F824627D3E2
:10D5900007E04A46294605A8FFF778FFB0F1000BDF
:10D5A0001EDA059B59F8232074B35349204613F023
:10D5B0000DFF6FF0070063E04A46294605A8FFF714
:10D5C00065FF031E0293EBE74A46294605A8FFF7CD
:10D5D0005DFF031E0393E4DB02F054F90028E0D062
:10D5E000059B0133A7E74A46294605A8FFF74EFFEA
:10D5F0000746FF28F4D9D4E74A46294605A8FFF78D
:10D6000045FF0646FF28F5E711463B4813F06DF944
:10D61000CFE711463748F9E79046E1E7344813F081
:10D6200064F9C6E7354D8022002128461AF03DFEF8
:10D63000284633490EF054FE029BC5E9184BAB66F1
:10D64000AF6785F87660A5F874A00120414605F122
:10D65000480203F01BFA0346D0B90121294AA5F874
:10D6600044100092024605F1300004F087FD0028C6
:10D6700018DA44B12046244A244913F0A7FE0020BA
:10D6800007B0BDE8F08F2049204813F02EF9F6E7E7
:10D6900024B120461E4913F099FEF0E71C4813F010
:10D6A00024F9ECE7039802F0EDF850B9B5F84430EE
:10D6B000012B06D105F1480016F0E6FE08B902F08C
:10D6C000F9F8E8657CB142462046124913F070FE35
:10D6D000204600221049F8F78BFD0022002307485E
:10D6E0000EF042FFCBE741460A4813F0FEF8EFE7A1
:10D6F000392F0C001E2F0C000D2F0C00D0450220DE
:10D700007DD8090049D70900E61A0C004E2F0C00FD
:10D71000752F0C00892F0C00DDD4090010B50446CC
:10D720000EF028FF04F1300004F068FD0022206EA6
:10D730001146F8F75DFD206E0821BDE81040014A52
:10D7400013F01BBE75EC0B002DE9F04F0D464FF0AA
:10D75000040900218DB00DF1200816684046102202
:10D76000CDE906191AF0A1FD284606A904F04EFBE2
:10D770000446002877D03D4F0388B7F86C205BBA89
:10D780009BB29A426FD143883A6F5BBA9BB2934285
:10D7900069D14946284617F03AFD002803DA0220ED
:10D7A0000DB0BDE8F08F284617F0BAFD032815D953
:10D7B000284605A917F056FD0028F0D11AF00CF8FC
:10D7C000059B1021C01A4FF47A7305905843284BDB
:10D7D000284AB0FBF3F3404611F0E2FB7588D7F816
:10D7E00060906DBAADB20120043D06F10C0106F166
:10D7F000100AB9F1000F20D003F032F951468346E8
:10D80000012003F02DF9CDF80C80337A1A490293E8
:10D8100062885B4652BA92B2CDE900022A46484677
:10D8200013F0C6FD63887A6E5BBA9BB2934202D155
:10D830000E48FFF773FF0020B2E703F011F95146DD
:10D840008146012003F00CF9CDF80880327A0346B6
:10D85000019261884A4649BA89B200910648294630
:10D8600013F043F8DEE701209AE700BFD04502201D
:10D8700040420F00922F0C009D2F0C0070B5044603
:10D88000056E88B0022103A814F0A5FDBDF80C3088
:10D89000626EA4F86C30236F0133934223670DD975
:10D8A00045B12846254913F075FD2046FFF736FFA0
:10D8B00008B070BD214813F018F8F6E735D247F6E6
:10D8C000122C40F2E7300021A66E4FF47A7200234A
:10D8D000E6FB0C01F0F79AFF02460B4620460EF0DD
:10D8E00043FEB4F86C3004F14402ADF80C30236F01
:10D8F00004F13000ADF80E3094F876308DF8103029
:10D90000A36F059300230693B4F874300094079333
:10D91000E16D03AB17F0ECFD02460028C8D045B11D
:10D920002846074913F052FDBFE74FF22442002377
:10D93000D4E70146024812F0D8FFB6E7CC2F0C001E
:10D94000DA2F0C002DE9F041556804462B78174674
:10D95000302B86B003D16B78782B08BF0235284670
:10D96000F0F780FF0DF114080146042342462846D3
:10D9700013F0F7F828B100231E460138002809DA11
:10D98000A6B97A686CB15E49204613F02DFD6FF0A0
:10D9900007003FE018F8002001389A40164308338A
:10D9A000ECE71146564812F0A0FFF0E7002341468D
:10D9B00004A81A4604F004F93146049815F0A7FCAF
:10D9C00058B93146059815F0A2FC30B97A680CB107
:10D9D0004C49D9E711464B48E5E7B56806F11C0705
:10D9E000DCB132462046484913F0E2FCD7E8AF3FAD
:10D9F00046493246204613F0DBFC05BB204644492D
:10DA000013F0D6FC2046424913F0D2FCB568002D35
:10DA100050D1002006B0BDE8F08131463A4812F0FE
:10DA200064FFD7E8AF2F3948314612F05EFF15BBCF
:10DA3000374812F05AFF364812F057FFE6E7204603
:10DA4000344913F0B5FC9DB114B3D7E8AF3F6A8AEF
:10DA500002926869E968091A521A92B201922A8AF6
:10DA6000204600922C492A4613F0A2FC6D6835B975
:10DA7000002CC3D1DCE7274812F037FFE3E724B1DD
:10DA80002046244913F094FCDEE7224812F02DFFD3
:10DA9000D7E8AF2F698AB5F810C001916B69E868C3
:10DAA000C01A091A89B20091634629461A4812F031
:10DAB0001CFFDBE72B7A002BABD0BCB132462046F3
:10DAC000164913F075FC0026314601369CB10A4612
:10DAD0002B462046124913F06BFC2A8AE96820463F
:10DAE000F8F794FA6D68002DEED192E731460B48B5
:10DAF00012F0FBFEE7E72A46094812F0F6FEECE7D3
:10DB0000A0300C00CD300C00F9300C0013310C00AB
:10DB100074EC0B001B310C001E310C0031310C0079
:10DB200053310C0008B530B1064B074A074913F0D2
:10DB300031FC002008BD034A0349044812F0D5FE19
:10DB4000F7E700BFAB310C00C5310C002C0D0C0009
:10DB500020B1054B054A064913F01CBC024A034993
:10DB6000034812F0C2BE00BF33320C000B320C006F
:10DB70002C0D0C0008B530B1064B074A074913F0CD
:10DB800009FC002008BD034A0349044812F0ADFE19
:10DB9000F7E700BFE4320C0083320C002C0D0C00C0
:10DBA00008B530B1064B074A074913F0F3FB0020D4
:10DBB00008BD034A0349044812F097FEF7E700BF87
:10DBC000E4320C00A8320C002C0D0C0008B520B17A
:10DBD000044913F0DFFB002008BD024812F085FE67
:10DBE000F9E700BF0C330C0008B530B1064B074A0B
:10DBF000074913F0CFFB002008BD034A034904483E
:10DC000012F073FEF7E700BF5F330C006D330C00BA
:10DC10002C0D0C0007B5094B48B10093084A094B7D
:10DC2000094913F0B7FB002003B05DF804FB054A77
:10DC30000349054812F059FEF5E700BFDA1E0C0053
:10DC40003D370C00732C0C007E330C0007B5094BDC
:10DC500048B10093084A094B094913F09BFB002087
:10DC600003B05DF804FB054A0349054812F03DFE88
:10DC7000F5E700BFDA1E0C003D370C00732C0C00DA
:10DC8000C6330C0010B5044650B10A490A4B0B4A82
:10DC900013F080FB20460A4913F07CFB002010BDE6
:10DCA000054A0649034812F020FE054812F01DFE01
:10DCB000F4E700BF2C0D0C00A0340C00B3340C00B2
:10DCC000E3340C0008B530B1064B074A074913F09E
:10DCD00061FB002008BD034A0349044812F005FE19
:10DCE000F7E700BF923E0C0020350C002C0D0C0015
:10DCF000F0B5002787B005460E46CF6001F0C2FDA3
:10DD000004464DB3A0B1012D28D1082203A916F075
:10DD100031FD394620468DF81470FDF75DFA1C215F
:10DD2000CDE90004104A114803AB11F039F90F4C4A
:10DD30000F4B7460B360284601F0A4FD85B140B17B
:10DD4000012D0FD12B4604210A4A0B4811F028F966
:10DD50000948306007B0F0BD084CE9E73C46E7E70A
:10DD60000648F6E70020F4E79B1C0C006F640220D5
:10DD7000889F0B000BE10B006B64022075EC0B001D
:10DD800008B520B1044913F005FB002008BD024886
:10DD900012F0ABFDF9E700BF0C330C0008B530B151
:10DDA000064B074A074913F0F5FA002008BD034A5D
:10DDB0000349044812F099FDF7E700BFB0370C00A3
:10DDC0002A370C002C0D0C00F7B50C4699B3084609
:10DDD00017F0A6FA194D07462868A0B1184913F0A4
:10DDE000E7FA0026B74208D0012220460DF10701CC
:10DDF00017F023FA00282B6809DA2868A8B9114817
:10DE000012F073FD14E00E4812F06FFDE9E79DF883
:10DE100007202BB118460C4913F0CAFA0136E1E786
:10DE20001146094812F061FDF8E7064913F0C0FAFF
:10DE3000204617F007F903B0F0BD00BFA857022035
:10DE4000FE370C0074EC0B0043E80B0008B5074BE1
:10DE5000186838B1064913F0ABFABDE80840054828
:10DE60000DF084BD024812F040FDF6E7A8570220ED
:10DE700014380C006023022010B5124B04461868B9
:10DE800018B1B0F86030DB070BD434B120460E492E
:10DE900013F09CFA6FF0150008E00B4812F025FD16
:10DEA000F8E703F0B1FA021E01DB002010BD24B137
:10DEB0002046064913F08AFAF7E71146034812F0A4
:10DEC00014FDF2E7AC57022022380C004E380C004B
:10DED0002DE9F04300258BB003290446164607952B
:10DEE0000AD828B1604913F071FA6FF0150536E0D1
:10DEF0005D4812F0FAFCF8E7D2F80490B0682A46C0
:10DF000007A911F077F8D6E90227079B80469A42C5
:10DF100005D114B120465549E5E75448E9E748469C
:10DF2000CDE90855F0F79EFC514E014608AA484637
:10DF300016F0F4FD33681BB1B3F86030DB0718D47A
:10DF4000112202214A4BBDF8200003F0A7F9051E5B
:10DF50000EDA44B12A462046464913F037FA2846DD
:10DF60000BB0BDE8F0832946424812F0BEFCF6E74C
:10DF70000125414B1C60BDF82030012B0DD198FAD2
:10DF800098F809A8ADF8228016F07EFAC0B99CB1C5
:10DF90003A49204613F01AFA05E044B1384A3949A3
:10DFA000204613F013FA002D4ED10025D7E734494F
:10DFB000344812F09AFCF6E7304812F096FCF2E78B
:10DFC000D6F8008001F09EFF88F862004FF000084C
:10DFD000CDF80080002200232B49306803F0D8FCE4
:10DFE000021E05DA0CB12949DAE711462748E0E7B5
:10DFF0003846F0F737FC264BD6F8009002464FF033
:10E00000FF314FF0FF3001930823CDE90201009367
:10E0100039464846CDF8108008AB16F02DFE021E9A
:10E0200005DA0CB11B49BBE711461A48C1E74FF2AC
:10E030002442002318480DF003FD0B30B3D10CB17E
:10E040001649A6E71548B8E7306803F0DDF9021E67
:10E05000ABDA24B12046124913F0B8F9A5E711460E
:10E060000F4812F042FCA0E76A380C009B380C0005
:10E07000AC570220B0380C00A8570220F5380C002D
:10E0800076370C00CD380C00C9DD090019390C00B9
:10E090004DDE09003B390C006023022057390C008B
:10E0A00072390C002DE9F0431546002287B0022991
:10E0B000044603920DD840B1544913F087F96FF02C
:10E0C0001505284607B0BDE8F083504812F00DFC56
:10E0D000F5E7A86803A9D5F8049010F08BFFAA68AB
:10E0E000039B07469A4205D114B120464849E4E70C
:10E0F0004748EBE7474E33687BB1B3F86030DB0746
:10E100000BD534B12046444913F060F96FF0770520
:10E11000D7E7414812F0E9FBF8E74FF0000848461E
:10E12000CDE90488F0F79EFB04AA0146484616F0A4
:10E13000F5FC11220221374BBDF8100003F0AEF8B8
:10E14000051E0BDA2CB12A462046344913F03EF95D
:10E15000B7E72946314812F0C8FBB2E7304B1C60E4
:10E16000BDF81030012B17D17FBA05A8ADF8127099
:10E1700016F08AF900BBDCB120462A4913F026F9D3
:10E18000306803F041F9021E32DA002C38D0204604
:10E19000254913F01BF92BE02CB1244A24492046D1
:10E1A00013F014F9ECE72149214812F09EFBE7E750
:10E1B0001C4812F09AFBE3E7356801F0A3FE082241
:10E1C00085F8620004A9306803F052F9021E05DAEE
:10E1D0000CB11849E3E711461648E6E7CDF8008090
:10E1E000002200231449306803F0D2FB021E01DB39
:10E1F000002566E70CB11149D1E711460F48D4E775
:10E200001146094812F071FBF2E700BF8F390C008C
:10E210009B380C00AC570220C0390C00B0380C0001
:10E22000A8570220F5380C0072390C00E0390C00B8
:10E23000CD380C00E5390C00C9DD0900063A0C00A8
:10E2400008B530B1064B074A074913F0A3F8002080
:10E2500008BD034A0349044812F047FBF7E700BF33
:10E26000BE3A0C00D83A0C002C0D0C0008B530B1A9
:10E27000064B074A074913F08DF8002008BD034AF2
:10E280000349044812F031FBF7E700BF0C3C0C00D7
:10E29000013C0C002C0D0C0008B530B1064B074AB0
:10E2A000074913F077F8002008BD034A03490448E2
:10E2B00012F01BFBF7E700BF943C0C009E3C0C00E7
:10E2C0002C0D0C0010B50446064B074A074913F005
:10E2D0006FF82046064B074A044913F069F80020FE
:10E2E00010BD00BFEF3C0C00F33C0C00023D0C00E5
:10E2F000213D0C00473D0C0008B530B1064B074AE4
:10E30000074913F047F8002008BD034A03490448B1
:10E3100012F0EBFAF7E700BF763E0C00DB3E0C0094
:10E320002C0D0C0008B530B1064B074A074913F015
:10E3300031F8002008BD034A0349044812F0D5FA19
:10E34000F7E700BF843E0C009D3E0C002C0D0C0036
:10E350002DE9F041069D1E46284615F01EF82D4B6E
:10E360001746834253D1284615F01CF80446284628
:10E3700015F032F8C0B1284601F00EF8264B9E4247
:10E3800008BF022F14D1254D0121204600F0A4FF23
:10E390002B68002B3BD020469B6898472B68204673
:10E3A000BDE8F0411B691847284601F003F8E5E78E
:10E3B0009E4208BF012F2AD1284615F00DF840B91A
:10E3C00094F8D8322BB1154B1968E1B9204600F00A
:10E3D00083FF284615F000F8C8B1C5B10A212846C8
:10E3E00014F0F0FF98B10D4D296811B9204600F0E6
:10E3F00073FF94F8D83253B12B682046BDE8F04142
:10E400005B69074918472046CB689847E1E7BDE8B4
:10E41000F08100BF28250220000010D0B057022054
:10E420003D440C0038B500200D490EF05FF9002581
:10E430004FF0FF324FF0FF330A480DF01FFA044649
:10E440000028F5D019F07EFD421E45F1FF3320462D
:10E4500015F0E4FD0028EBDA204616F0F3FDE7E7BF
:10E4600049440C0004240220F7B506460D468B688B
:10E470009BB9304614F096FF90F81843074614F005
:10E48000010406D028460DF1060116F0DFFE002833
:10E4900005DA0224204603B0F0BD5B68E8E7BDF86A
:10E4A0000620212A22D1A8680C3013F005FF284647
:10E4B00016F05EFEEEE7188B90420BD01C338B42B9
:10E4C00017D91A491A48652212F025FA652117480A
:10E4D00012F018FA2A46314638465B6898470446D7
:10E4E0000028D7D1284616F0ADFDD3E7114B1249CD
:10E4F000E5E7E0D348F257039A420AD00ED848F233
:10E5000021039A4205D048F253039A4201D0572A78
:10E51000BFD12946304615F0DAF8BAE748F2FD03D4
:10E520009A42F6D04CF221039A42F1E750440C0093
:10E530002FD90B0058980B00AC980B002DE9F8432D
:10E54000064614F02FFF90F81833054661F3410397
:10E5500080F81833304614F02AFFD0F8089031B113
:10E56000D9F8043003B198470020BDE8F88330465D
:10E5700014F018FF0446304614F02EFF1F4F396880
:10E5800040B311B9204600F0A7FE94F8D8323BB949
:10E59000D9F80830002BE7D0304614F008FFE2E746
:10E5A00004F5377840460DF0ABFA3B6820465B69CE
:10E5B00013499847134A002340460DF041FA0028BA
:10E5C000E6DA95F818336FF00A0043F0020385F895
:10E5D0001833CAE711B9204600F07EFE94F8D8320D
:10E5E000002BD5D004F53D7840460DF089FA3B6804
:10E5F0002046DB689847044ADDE700BFB057022099
:10E600003D440C00A24A0400366E010008B50346E2
:10E6100014F0C3FE0C4A82420AD00C490C4840F266
:10E62000631212F078F940F26311084812F06AF9A7
:10E63000184614F0B7FE90F8D832022B94BF4FF072
:10E64000FF30D0F8F80008BD2825022050440C0007
:10E650002FD90B00014B1868704700BFB05702203C
:10E660000146014819F0E5BB042402202DE9F843D6
:10E67000054614F097FE4FF448720021044619F045
:10E6800014FE0923C4F8BC5284F80C330122002183
:10E6900004F5377019F0E2FB0122002104F53D700A
:10E6A00019F0DCFB4FF0FF32002104F5277019F060
:10E6B000D5FB0322234B04F53070C4F8C432224B3F
:10E6C0000025C4E9B42302F0E5FB4CF221081F4EFB
:10E6D0001F4FDFF88090BE4215D91F491F4840F2F6
:10E6E000232212F018F940F223211B4812F00AF9F4
:10E6F000338B2046434508BFC9F8006056F81C3BE1
:10E7000098470135E7E7F3D3EDB24DB914480368F4
:10E710005A0714D0134A0121BDE8F84312F0C2BBD6
:10E720000C4B1B682BB90E4803685B0707D00E4AD9
:10E73000F1E794F8183343F0010384F81833BDE887
:10E74000F88300BF51E30900000010D058980B0077
:10E75000AC980B00B057022050440C002FD90B008E
:10E76000702102207E440C00A5440C0008B514F072
:10E7700077FED0F8BC0240B904490548342212F0B3
:10E78000CAF83421014812F0BDF808BDD0440C008D
:10E790002FD90B000022A0F8A41080F8A62002496F
:10E7A00042670DF09DBD00BF29EA09002DE9F04F39
:10E7B00085B0064690469B4689460E9F29B900289B
:10E7C00000F0E280FFF7D2FF8146D9F8003023B98C
:10E7D0006FF0720005B0BDE8F08F0C33D3E8AF3FA7
:10E7E0009A05F5D566B1B6F8A4A008F1FF33092B58
:10E7F00015D8DFE803F01B1B1B1B313107291F2431
:10E80000B246F2E7304614F02BFE0023BC684CB948
:10E81000B0F8F0509D4228BF1D46032D1ED86FF062
:10E820001500D7E7228A64681344F0E70F9B3C4643
:10E830001D1DF2E70F9B03F108050024EDE73846A4
:10E8400016F06EFD051DF8E7384616F069FD002448
:10E850004CF2210A851DE0E7002404256BBAADF8CF
:10E860000A3040F6354200238DF808808DF809B053
:10E87000A91C5CB9CDE9002348462346224603F093
:10E88000A1FA0446C8B96FF00B00A3E7084603F0ED
:10E8900091F9014658B93E4803685B0703D001214E
:10E8A0003C4A12F0FFFA204616F0CCFBEBE720467C
:10E8B00016F0E8FB204616F05BFC022220469AFA8E
:10E8C0009AFA03A9ADF80CA016F0E1FD0028EADBE6
:10E8D0000422204602A916F0DAFD0028E3DBA8F1A5
:10E8E0000708B8F1030F0DD8DFE808F0020421078C
:10E8F000002FD8D0384616F03BFC2A463946204631
:10E9000016F0BCFC94F8373043F0800384F83730BD
:10E910004EBB19F017FB421E66F10003204615F0AE
:10E920007DFB002822DA204616F08CFB1EE0D6F88C
:10E93000C81031B1042103A813F04DFD0399C6F8A6
:10E94000C810204614F081FD0028ACDBB6F8B820D2
:10E950000F9B9A4228BF1A4652B994F8373043F0B9
:10E96000800384F837302046FFF77AFE002031E735
:10E97000042A3946204604D114F067FD0028ECDA59
:10E9800091E716F084FDF9E76FF0010022E700BF80
:10E9900070210220FB440C0037B590F8A6300446E5
:10E9A000063B022B0D4605D9836C03B19847002323
:10E9B000C4E91F334DB90A23A36794F8AC3001337F
:10E9C000DBB284F8AC3084F8AD3094F8AE30626BD2
:10E9D00023F0010384F8AE30A2B9104694F8AD30AC
:10E9E000CDE90002002101222046FFF7DFFEA36FE0
:10E9F0002046013BA36700230A4A03B0BDE830402C
:10EA00000DF0B2BD2046904794F8AD3038B10022E9
:10EA100081680029E4D00D8A49682A44F9E7024652
:10EA2000DEE700BF366E010073B590F8A6300446ED
:10EA3000052B03D8032B23D802B070BD063B022B55
:10EA4000FAD8836F53B9032100F078FCA36D002B33
:10EA5000F2D0204602B0BDE870401847036E03B103
:10EA6000984701212046FFF797FF94F8A630072B1F
:10EA7000E2D10621204602B0BDE8704000F05EBC45
:10EA8000826F22B9042B14BF03210221DCE790F826
:10EA9000AC5000F184060135EDB280F8AC5080F83E
:10EAA000AD503046EFF7DEFE2B46CDE90060052283
:10EAB00000212046FFF77AFEA36F2046013BA367A3
:10EAC0000023034A02B0BDE870400DF04DBD00BF09
:10EAD000366E0100F7B590F8A6300446092B0E46B5
:10EAE00025D00DF047FD022394F8AC5004F18407C3
:10EAF0000135EDB2A367384684F8AC5084F8AD50C8
:10EB0000EFF7B0FE2B46CDE900700522002120462C
:10EB1000FFF74CFEA36F6BB93146204600F00EFCA8
:10EB2000A36DB3B1204603B0BDE8F040184714F020
:10EB30007EFCD8E700232046074A0DF015FD31463C
:10EB40002046A36F013BA36703B0BDE8F04000F08F
:10EB5000F5BB03B0F0BD00BF366E01002DE9FF47E5
:10EB60001546044614F07CFC0DF10A01074601220B
:10EB7000284616F062FB002832DB012228460DF100
:10EB80000B0116F05AFB00282ADB28460DF10E0176
:10EB900016F05CFB002823DBBDF80E60B7F8F03000
:10EBA000B3421DD394F8A630012B19D99DF80A1051
:10EBB000043EB6B24A1EADF80E60062A00F26B8122
:10EBC000DFE812F08B002100820018013E011E01D7
:10EBD00007000122284603A916F02FFB002801DABE
:10EBE00002205AE0012228460DF10D0116F025FB06
:10EBF0000028F5DB94F8A630072B4DD106212046DE
:10EC000000F09CFB48E09DF80B7094F8AD30BB42DF
:10EC1000E6D194F8AE30DB07E2D4236B03BB0021CE
:10EC200094F8AE20C4F8801042F0010284F8AE20BF
:10EC300094F8A620023A072AD2D801A353F822F06A
:10EC4000A1EC0900A1EC0900E1EB0900E1EB0900EE
:10EC5000BBEC09006FEC09007FEC0900B3EC090084
:10EC600032462946204698470028D8DAB8E7204699
:10EC70000DF080FC00212046FFF78EFEBEE7204607
:10EC80000DF078FC0921204600F058FB0A23A36709
:10EC9000E36C0BB120469847002004B0BDE8F08734
:10ECA000CDE900113B4606222046A969FFF77EFD0B
:10ECB000F2E7204614F0BBFBDCE70721204600F01A
:10ECC0003DFB0A23A367E7E72B4603219DF80B20B2
:10ECD0000096204614F080FCDFE7023B9DF80B70A5
:10ECE000072B3FF67DAF01A252F823F057EE090043
:10ECF00013ED090099EC090099EC090023ED0900D6
:10ED000023ED090023ED09000DED0900204614F064
:10ED10008EFB00212046FFF73FFE0621204600F033
:10ED20000DFB40F635420023CDE900230023A869FE
:10ED30001A46B11D03F046F8B146804600283FF45C
:10ED40004FAF16F015FAD4F840A0BAF1000F36D044
:10ED50002946434632462046D047051E03DA404640
:10ED600016F070F93CE7E36F042B02D9032D08BFBE
:10ED700004254FF00009D8F80830EDB2DBB93B4666
:10ED80002A4600212046CDE90089FFF70FFD022D1C
:10ED900094F8A63022D1072B1BD120460DF0EAFBB8
:10EDA0000921204600F0CAFAE36C0BB120469847CF
:10EDB0000023E36770E71A8A5B689144DEE736B1A7
:10EDC00029463246404616F059FA0425D7E702256F
:10EDD000D5E70821204600F0B1FAE9E7072B03D078
:10EDE0000621204600F0AAFA032D7FF455AFE36F09
:10EDF0000133DEE72B4604219DF80B20009668E7DF
:10EE0000043B052B3FF6ECAE01A252F823F000BF05
:10EE100029EE09003DEE0900E1EB0900FDEB0900D8
:10EE2000E1EB0900B3EC0900022520460DF0A2FB3E
:10EE30002946204600F082FAA36D2AE70325F4E76D
:10EE4000082B9DF80B700AD8062B7FF6C9AE062159
:10EE5000204600F073FA0023CDE9003322E7092BA6
:10EE60007FF4BEAE46B11F2E3246284628BF1F2271
:10EE700004F1840116F0E1F900230521A36720467F
:10EE800000F05CFA204614F0D2FA002320460D4A26
:10EE90000DF06AFBDFE7666E9DF80B2056B9002384
:10EEA000CDE90053072220469DF80B30A969FFF7F2
:10EEB0007DFC95E62B462046B04702287FF4EDAE58
:10EEC000EDE700BF366E010038B500F13805B0221D
:10EED00004460021284619F0E8F94CF221012846A1
:10EEE000FFF758FC4CF2210000F024FA01462846B6
:10EEF00000F048FAD4F8BC3213B11B6803B15B8B45
:10EF0000A4F8F0300023C4F8EC30124BC4F8A03061
:10EF100004F58273C4F8A4300223C4F8A8300E4B61
:10EF2000E3660E4BA3670E4BA3660E4B63670E4B57
:10EF3000E3670E4BC4F884300D4BC4F888300D4B9A
:10EF4000C4F88C300C4BC4F890300C4BC4F89C3097
:10EF500038BD00BF60CE0B00D9380B0081EF09002F
:10EF60006DF00900B7370B00ADF0090093370B00C7
:10EF70000F390B008D370B0087370B0051370B0013
:10EF800070B588B005AD03950325002602950E4D9A
:10EF9000059601954CF2210507964FF0FF36009536
:10EFA0000446069600F012F802280AD1BDF81C307B
:10EFB000A4F8C630069BC4F8C030BDF81E30A4F8D3
:10EFC000C43008B070BD00BF80CE0B002DE9F04703
:10EFD00006460C4615461F468AB0162200210DF142
:10EFE000120019F062F9D4E90398BDF848300DF128
:10EFF000080AADF81030139B2A460593149B21464E
:10F000000693159B30460793CDF800A0154BCDE92C
:10F01000026714F0C0FD20B16FF015000AB0BDE822
:10F02000F087099B0BB10420F8E7C4E903982A464E
:10F03000214630460C4BCDF800A014F0ACFD002862
:10F04000EAD1099B002BEED1089B43B92A46214601
:10F050003846C4E9039816F011F90220DEE70320D0
:10F06000DCE700BF5B3A0B00C53A0B001FB5054B50
:10F070000290039302AB0093034B14F08CFD05B098
:10F080005DF804FBE5390B00113A0B001FB5054B89
:10F090000290039302AB0093034B14F07CFD05B088
:10F0A0005DF804FBFF390B00113A0B001FB5054B4F
:10F0B0000290039302AB0093034B14F06CFD05B078
:10F0C0005DF804FB033A0B00113A0B002DE9F04107
:10F0D0000321044648F2FD0700F0FEF8254D264EB8
:10F0E000B54215D925492522254811F014FC2521C2
:10F0F000224811F007FC2B8BBB4203D048F253028D
:10F10000934203D12B690BB1204698471C35E7E7A2
:10F11000F1D348F2FD0748F25308164DB5421AD90B
:10F1200016493222164811F0F6FB3221E0E72B8B0C
:10F13000BB420ED043450CD0B3F5404F09D22B69EA
:10F140003BB1D4F8103320460133C4F810332B6997
:10F1500098471C35E2E7EAD3D4F8103343B9FFF7F8
:10F1600079FA28B1436907492046BDE8F0411847BC
:10F17000BDE8F08158980B00AC980B0015450C00C9
:10F180002FD90B0041450C00F8B50446012100F0D1
:10F19000A3F80221204600F09FF8B4F8FE201A4E92
:10F1A000D2B92046FFF792FF4CF22107174DB54226
:10F1B00027D917491622174811F0ADFB162108E090
:10F1C0001C33B3420AD912495722124811F0A3FB4B
:10F1D00057210F4811F096FB0C4BF2E7E4D2198B44
:10F1E0009142EDD11B69002BDED020469847DBE72A
:10F1F0002B8BBB4203D0AB680BB1204698471C3524
:10F20000D5E7F5D3F8BD00BFAC980B0058980B00BC
:10F2100015450C002FD90B0010B5D0F81433044657
:10F22000013B002BC0F8143308DCFFF713FA28B1B8
:10F23000436903492046BDE81040184710BD00BF90
:10F240005B450C00F8B504464CF221071B4D1C4EE3
:10F25000B54220D91B491C483B2211F05CFB3B21E5
:10F26000184811F04FFB2B8BBB4212D0EB680BB14F
:10F27000204698472B8BB3F5404F0AD26B6943B1B8
:10F28000D4F810332046013BC4F810336B690F49A2
:10F2900098471C35DCE7E6D3D4F81033002B08DDA3
:10F2A0000B48026812F0060F03D00221094A11F040
:10F2B00002FE0023C4F81033F8BD00BF58980B00BD
:10F2C000AC980B0076450C002FD90B006D450C0057
:10F2D00070210220A5450C0008B540B913495422FD
:10F2E000134811F018FB5421104811F00BFB90F853
:10F2F000D8328B4219D0052906D90C495A220C481C
:10F3000011F009FB5A21EFE780F8D81229B9BDE8BE
:10F310000840D0F8BC0200F069B8042905D1BDE866
:10F320000840D0F8BC0200F053B808BDD0450C002E
:10F330002FD90B000048704775EC0B0008B550B989
:10F340000E4940F213120E4811F0E5FA40F2131183
:10F350000A4811F0D7FA90F8A6308B420CD0092950
:10F3600008D9064940F21912054811F0D4FA40F2C2
:10F370001911EDE780F8A61008BD00BFD0450C00BC
:10F380002FD90B00034B002918BF0B46C0F8A8303B
:10F39000704700BF75EC0B00002307B50246044917
:10F3A0000120009301F09EFD03B05DF804FB00BF57
:10F3B0000000B0D0002307B50246044902200093A4
:10F3C00001F090FD03B05DF804FB00BF0000B0D079
:10F3D000002307B5024604490420009301F082FD92
:10F3E00003B05DF804FB00BF0000B0D0002307B5F8
:10F3F000024604490820009301F074FD03B05DF853
:10F4000004FB00BF0000B0D038B500F58875044695
:10F41000B0220021284618F048FF48F22101284672
:10F42000FFF7B8F948F22100FFF784FF01462846AC
:10F43000FFF7A8FF114BC4F8783104F5EC73C4F85A
:10F440007C310123C4F880310D4BC4F85C310D4B85
:10F45000C4F860310C4BC4F868310C4BC4F86C3103
:10F460000B4BC4F844310B4BC4F850310A4BC4F871
:10F470004C310A4BC4F8543138BD00BFB0CE0B003C
:10F48000DDF40900BB3D0B009D3D0B00333D0B003F
:10F49000973D0B00A1F409004B3D0B00ADF00900B6
:10F4A00070B586B004AD0395012502950A4D00267E
:10F4B000019548F2210500950446CDE90466FFF761
:10F4C00085FD022805D19DF8103013B1059BC4F8C5
:10F4D000BC3006B070BD00BFA4CE0B002DE9F041DA
:10F4E00084B090F8083200AF13F00806A0F58875D4
:10F4F00027D100F1B00410233A462146012001F043
:10F50000BBF93346804603222146D5F8BC0200F001
:10F5100023FB0346C8B912480268520711D06C4653
:10F5200088B06A460F49CDE905184FF40071ADF86F
:10F530001C100D4942F8101F4FF4E251F3F7E4FD9F
:10F54000A5461037BD46BDE8F0812121284614F0BC
:10F55000C8FB95F8183343F0080385F81833F0E733
:10F5600070210220FC450C000300000138B500F5B5
:10F57000F0750446B0220021284618F096FE4CF2A1
:10F5800023012846FFF706F94CF22300FFF7D2FECD
:10F5900001462846FFF7F6FE094BC4F82C32094B0A
:10F5A000C4F83032084BC4F83832084BC4F83C3247
:10F5B000074BC4F81432074BC4F8103238BD00BFF3
:10F5C000C93E0B005D3E0B00733E0B009D3E0B00E1
:10F5D000D9F50900B53E0B0010B50446124A86B0B5
:10F5E0001068516803AB03C3906818602046FFF7AA
:10F5F000BDF840F635420023CDE9002300230C215D
:10F600001A4602F0DFFB044648B10C220DEB020162
:10F6100015F03DFF002803DA204615F013FD002405
:10F62000204606B010BD00BF18460C000068044B11
:10F6300000BA6FF30F00C31A58425841704700BF19
:10F640000000FEA910B550B909490A484FF44372A9
:10F6500011F061F94FF44371054811F053F94FF07F
:10F66000FF32BDE810404FF0FF33143014F00DBEF0
:10F670003F1A0C002FD90B0038B54FF0FF324FF076
:10F68000FF3305461D4814F000FE1D4B1B687BB17F
:10F690001A684FF0FF344FF47A705BB9631C1BD1CA
:10F6A00018480CF067FFBDE83840144814F0EFBD6F
:10F6B0001A46EEE7D9691B8C491B00FB0313002B8C
:10F6C00009DD9C4228BF1C461AB1116813460A4640
:10F6D000E3E71146FAE7002447F6122540F2E73047
:10F6E00000214FF47A720023E4FB0501EFF78EF856
:10F6F00002460B4603480CF037FFD4E7982202205D
:10F70000405802201047022008B550B90749084860
:10F7100040F2133211F0FFF840F21331034811F0B8
:10F72000F1F81430BDE8084014F0B1BD3F1A0C00E8
:10F730002FD90B002DE9F341054616460C46984695
:10F74000FFF780FF6A6842B900272CE05440B4FA02
:10F7500084F4183C2344DBB221E09169154B21F07D
:10F760007D4101F0FF219942EED11388012BEBD1AD
:10F77000171D3846FFF75AFF4045E5D15368D26957
:10F78000601E13400193002301A910F8014F11F8E6
:10F79000012B9442DAD10833DBB2202BF5D1327839
:10F7A0009A42D1D833702846FFF7AEFF384602B0F0
:10F7B000BDE8F081000100022DE9F34714F003FEDB
:10F7C000254D80464FF0FF324FF0FF33234814F0B1
:10F7D0005CFD2C682CB100274FF47A7AB946266874
:10F7E00044B94046FFF748FF1C4802B0BDE8F04767
:10F7F00014F04DBDE369228CA3EB08030AFB02332E
:10F80000002B05DD27462EB3336834461E46E7E756
:10F81000A388012B08D1102300932020A26910494E
:10F8200004F1080301F05EFB23686FB96A682B607E
:10F83000944200D16B6094F82230C4F8009069F3D0
:10F84000000384F82230DEE73B606B689C4208BF0F
:10F850006F60F0E73346D8E7405802209822022034
:10F86000000030E008B50548036813F0060F03D028
:10F870000221034A11F016FB002008BD6821022076
:10F880002E460C00002808DD431E054800EB8310BF
:10F89000044B984228BF002070470020704700BFEB
:10F8A000BC240220FC240220014B1860704700BFDA
:10F8B0004858022008B5074A074B934203D1FFF787
:10F8C000D1FF002008BD054A1068002808BF18466F
:10F8D000F8E700BFFC240220BC2402204858022084
:10F8E000F8B54FF0FF330546174610484FF0FF328A
:10F8F0000E4614F0CAFC0E4B1B680BB11C6823B9F2
:10F900000A48BDE8F84014F0C2BC5A68AA4200D0C8
:10F9100022B93A46314628469B6898471CB122686E
:10F9200023461446EBE72246FAE700BF982202205E
:10F93000C457022038B504460D46FFF783FE062162
:10F94000204614F079FC08B363683BB105B12B6025
:10F9500000252046FFF7D8FE284638BD4FF0FF327D
:10F960004FF0FF330B4814F090FC0B4B9A6E3AB9F2
:10F9700063609C6605B12B60064814F088FCE7E7DD
:10F98000044814F084FC6FF00205E2E76FF085058F
:10F99000DFE700BF98220220D457022070B50D4641
:10F9A000B0B1BDE8704014F074BC2946204614F094
:10F9B00070FC90B94034B4420DD90849084840F66B
:10F9C000B86210F0A8FF40F6B861044810F09AFF42
:10F9D000044C054EEFE7E8D3002070BD4A460C000A
:10F9E0002FD90B00BC240220FC24022000232DE987
:10F9F000F34105460E468DF80730002964D00846CD
:10FA0000FFF714FE034688BBF5B128460DF1070247
:10FA1000FFF790FE04461DE03846002331460DF105
:10FA20000702FFF787FE002818BF04464037474506
:10FA30000FD9284940F67E72274810F06CFF40F637
:10FA40007E71244810F05EFF2C46244FDFF8908032
:10FA5000EDE7E1D3CCBB0121284614F0F5FC0446C8
:10FA600098BB02B0BDE8F04101F0EAB8D5B1012180
:10FA7000284614F0E6FCCDE72046012331460DF17F
:10FA80000702FFF757FE002818BF074640344445D9
:10FA90000DD910494FF479620F4810F03CFF4FF434
:10FAA0007961CEE72F460D4CDFF83480EFE7E3D3E2
:10FAB000FFF700FF012331460DF10702FFF73AFE81
:10FAC000044610B93C46C5E70C46204602B0BDE8E6
:10FAD000F08100BF4A460C002FD90B00BC24022045
:10FAE000FC240220F8B506460D46174C174FBC42C1
:10FAF00026D9174917484FF47E6210F00CFF4FF4D7
:10FB00007E61134810F0FEFE2046FFF79BFD636800
:10FB100023B92046FFF7F8FD4034E8E7DA7E920784
:10FB2000F7D51A88012AF4D1326859689142F0D188
:10FB300005B12C6020461D46FFF7E6FD2846F8BDBE
:10FB4000E2D30025FAE700BFBC240220FC240220F7
:10FB50004A460C002FD90B002DE9F043064685B02C
:10FB6000884691461F46FFF76DFD304603A9FFF713
:10FB7000E1FE20BB7568EB7E990715D5D8F800101B
:10FB80006A68914210D1DA0607D405F1140014F026
:10FB9000E7FBEB7E43F01003EB763046FFF7B4FD56
:10FBA000284605B0BDE8F083039CB9F1020F254655
:10FBB00002D1237E042B04D0E37E9B0731D50025A0
:10FBC000EBE7002CE9D06168D8F80020914206D01C
:10FBD0000093324602201449231D01F083F9E37E8D
:10FBE000B7FA87F723F0120343F01203E3760123F9
:10FBF0002380D8F80020636163766FF07F43E36170
:10FC000004236260E27E7F0967F30002E27684F8F3
:10FC100018903246009301200349E31801F062F97D
:10FC2000BBE7002CDBD1B8E7000030E0F0B50546BB
:10FC300083B002AF0C46FFF705FD6B683BB90024AB
:10FC40002846FFF761FD20460437BD46F0BD93F816
:10FC50003C20D00704D57CB121685A6A91420AD071
:10FC600093F85C20D107EAD51CB121685A6C914207
:10FC7000E5D1012400E00024640104F134021A44B7
:10FC8000D2E8AF1F002917DC19480268520701D1DA
:10FC90000124D5E76E4688B002AA20341C44032311
:10FCA00014499461516142F8103F00234FF4C2514E
:10FCB000F3F72AFAB546EBE7D2E8EF0F0138C2E8CE
:10FCC000E10F0029F8D10028B9DCE1D11A1992F826
:10FCD0003C10243460F3000182F83C100422082018
:10FCE000009205492A46234401F0FCF8D0E700BF02
:10FCF0006821022074460C00000030E0F8B504468C
:10FD00000D46204E204FBE4238D92049204841F2AE
:10FD1000953210F000FE41F295311C4810F0F2FDD2
:10FD20001DB12B680BB1B34226D13046FFF78AFCD8
:10FD30007368F3B193F83C20D10704D57CB1596ABC
:10FD4000226891420AD093F85C20D20711D51CB1E9
:10FD5000596C226891420CD1012400E0002405B1C5
:10FD60002E600134304603EB4414FFF7CDFC2046EF
:10FD7000F8BD3046FFF7C8FC4036C4E7D0D30024B6
:10FD8000F5E700BFBC240220FC2402204A460C00F8
:10FD90002FD90B00F0B5044685B00F460390FFF74E
:10FDA00051FC00212046FFF7C5FD30B10024039827
:10FDB000FFF7AAFC204605B0F0BD3B6803F0F00356
:10FDC000E02BF3D1384603A9FFF798FF044618B19A
:10FDD000143014F0C5FAEAE7039A5368002BE5D013
:10FDE00093F83C5015F0010504D093F85C10C90756
:10FDF000DCD4012503EB451696F83C106C1C21F071
:10FE0000030141F0010186F83C100121318438687A
:10FE100003EB441471633346042170622433009170
:10FE20000420024901F05EF8C1E700BF000030E0A5
:10FE30002DE9F743054688461746994614F072FAAD
:10FE40000446B0B100F11402D2E8AF6F8EB1701E5B
:10FE5000D2E8EF3FB34203D1C2E8E10F0029F7D166
:10FE6000F2D1012E0ADDB9F1000F04D0C9F800402B
:10FE700001E06FF0150003B0BDE8F083E37EB8F158
:10FE8000010F23F00203E37601D00020F3E7002FF7
:10FE9000FBD02846FFF7D6FB6B683BB104232A460C
:10FEA000009302200349E31801F01CF82846FFF7ED
:10FEB0002BFCEAE7000030E0F8B54FF0FF330546D1
:10FEC00017460E484FF0FF320E4614F0DEF90C4B89
:10FED0001B680BB11C6823B90848BDE8F84014F052
:10FEE000D6B93A46314628465B6898471CB1226825
:10FEF00023461446EFE72246FAE700BF9822022085
:10FF0000CC570220064B984206D3064A904203D2B1
:10FF1000C01A8011013070474FF0FF30704700BFAA
:10FF2000BC240220FC2402202DE9F04385B00368A4
:10FF300002AF002104461E7F14F07EF978B9022535
:10FF4000236813BB824803685B0704D001212B465A
:10FF5000804A10F0B0FF0C37BD46BDE8F083204664
:10FF600014F04FF917F0B1FE68B10921204614F0E2
:10FF700063F90028E3D00A21204614F05DF9C0F1AE
:10FF80000605EDB2DCE70325DAE720461D77FFF72B
:10FF900059FBD4F8008018F087F84FF47A7CA0FB66
:10FFA0000C0E47F6122200230CFB01E1EEF72EFCAB
:10FFB000C8E908012046FFF7A7FB23684FF00009B6
:10FFC0001A7FAA42BED1062D40F08980062EC2D0EB
:10FFD0005B7C53B96049614841F2CD6210F09BFCF3
:10FFE00041F2CD615C4810F08DFC0821204614F0F0
:10FFF0002DF94B46224602205949CDF8009000F0D9
:02000004000AF0
:1000000071FF204614F00BF90607A4D42046FFF731
:1000100019FB2946204614F00FF9002857D0204636
:10002000391DFFF787FC002851D17B6893F83C20ED
:1000300012F0010505D095074EBF002503F13805E4
:10004000986393F85C20D10704D596075CBF9D6543
:1000500003F158052046FFF757FB002D3AD055F81D
:10006000186906B1183EDFF8E88001E035461E4603
:1000700004352946204602F02BFEB0F1000920DAB3
:10008000D8F8003058071CD02946012000F0E8FCC1
:1000900001462046FFF736FF6D468AB002AA314B73
:1000A000C2E90709C2E905314FF4007393842E4B6E
:1000B00042F8103F00234FF431512548F3F724F85C
:1000C000AD463EB1B369002BD0D0183BCEE72046F9
:1000D000FFF71AFB0621204614F0AEF83BE7062E88
:1000E0007FF439AF0821204614F0BFF81C494B4675
:1000F00022460120CDF8009000F0F4FE204614F0D6
:100100008EF801073FF527AF2046FFF79BFA3146EF
:10011000204614F091F8B8B12046391DFFF70AFCCB
:1001200090B97D6895F83C30DA0704D5204605F192
:10013000200114F0E5F995F85C30DB0704D5204682
:1001400005F1400114F0DCF92046FFF7DDFA02E783
:10015000682102209A460C004A460C002FD90B0059
:10016000000010D0BC460C000500000100232DE962
:10017000F04385B000AF04460D46C7E90133BB81AB
:10018000002951D0524B1B6843B195F82B202C31DC
:10019000082A49D8B81D7A7118F061F8092120465B
:1001A000D5F8148014F048F8002800F08D8054B978
:1001B0004849494840F21D3210F0ADFB40F21D3174
:1001C000444810F09FFB0D21204614F035F838B953
:1001D0004FF0FF324FF0FF3304F1280014F055F8D0
:1001E000204614F009F829464368204698470D2117
:1001F0000646204614F020F818B904F1280014F03F
:1002000046F8002E14DB204616F041F8B8F1000F36
:1002100003D03146404613F0F9FF7B7923B13246D3
:100220002046391DFFF748FE1437BD46BDE8F08370
:1002300014F0C9F8294BD3E8AF2F41F28731A0EB76
:10024000020C8C453CD9D3E8EF1F914204D1C3E89E
:10025000EC0FBCF1000FF6D132D10021204AD2E8D8
:10026000EF3FC2E8E01F0028F9D1DFF878904BB1EA
:10027000D9F8002012F0060F1ED0022148461A4A73
:1002800010F019FED9F8003013F0060F14D02046F4
:10029000FFF738FEE9468AB06A46144BCDE90756A7
:1002A000CDE90530052342F8103F00234FF42251D9
:1002B0000C48F2F729FFCD46284614F0C3FEA5E707
:1002C000074814F04DF8F7E76FF07206F4E700BF47
:1002D000CC5702203F1A0C002FD90B00C057022028
:1002E000BC57022068210220E5460C00F9460C00AC
:1002F000F8B505460E460B4C0B4FBC420FD90B49C7
:100300000B4841F2A56210F006FB41F2A5610748D7
:1003100010F0F8FA20463146A8474034EDE7F9D30B
:10032000F8BD00BFBC240220FC2402204A460C0079
:100330002FD90B0006289ABF024B53F82000024821
:10034000704700BFC0CE0B0020470C0073B50546B8
:10035000FFF778F90021284613F06EFF06460028C3
:100360003DD1284613F048FF044620B3846814B3F7
:10037000284613F046FF50B91C491D4841F27872D7
:1003800010F0C9FA41F27871184810F0BBFA17F072
:100390009CFC38B3284613F02FFF012183682846C0
:1003A0009847041E15DB31462846FFF7C3FA10B9FB
:1003B000284602F031FD0021284613F047FF0023B4
:1003C00008202A460B49009300F08CFD2846FFF7D1
:1003D000ABFD2846FFF798F9204602B070BD6FF0DC
:1003E0007704F6E76FF00504F3E700BF4A460C0018
:1003F0002FD90B00000010D037B50546FFF722F9C2
:100400000021284613F018FF002837D06C68ACB1E3
:1004100094F83C30D80706D5990704D5284604F14E
:10042000240102F0C1FC94F85C30DA0706D59B0782
:1004300004D5284604F1440102F0B6FC284613F026
:10044000DBFE044630B1846824B100212846A04771
:10045000041E0DDB0021284613F007FF00230420B3
:100460002A460849009300F03DFD2846FFF75CFD51
:100470002846FFF749F9204603B030BD6FF07704F6
:10048000F6E700BF000010D02DE9F8430C46054602
:1004900068B361B30846EEF7E5F90828064629D89F
:1004A000174FDFF8608000F10109474515D916495B
:1004B000164841F6291210F02EFA41F62911124879
:1004C00010F020FAAF4206D04A46214607F1080054
:1004D00017F0F7FE88B14037E7E7F3D32146721CE7
:1004E00005F1080017F0BBFE0020BDE8F8836FF0AF
:1004F0001500FAE76FF05A00F7E76FF07700F4E7BE
:10050000BC240220FC2402204A460C002FD90B00F8
:1005100070B5054618B3134C134EB4421BD913499A
:10052000134841F6451210F0F6F941F645110F480F
:1005300010F0E8F92846EEF795F92946024604F14D
:10054000080017F0F2FE20B92046BDE87040FFF722
:10055000D9BC4034E1E7EDD36FF0010070BD6FF01E
:100560001500FBE7BC240220FC2402204A460C00B4
:100570002FD90B002DE9F04F6C4C87B04FF0FF32B4
:100580004FF0FF336A4802AF13F07FFE002514F0EE
:10059000AEFFA146674EDFF8A081DFF8A0A1B4420C
:1005A0007FD9674941F69712664810F0B4F941F6D1
:1005B0009711634810F0A6F900222046C4E90222F0
:1005C000227413F01EFED0F808B0BBF1000F03D068
:1005D000DBF80030002B46D1D8F800305A070ED097
:1005E000EB4688B002AA0323C2E905A442F8103FF3
:1005F00000234FF4C2514046F2F786FDDD46237AD0
:1006000073BB204613F0F8FD4F4B834242D14F4A53
:100610001368591C116008214D4A381D0EF0C0FCAA
:10062000391D2046FFF730FF0146C8B1D8F8003029
:1006300013F0060F14D02046FFF764FCEB468AB097
:1006400002AA444BC2E90741C2E90530052342F83A
:10065000103F00234FF422513748F2F755FDDD4695
:10066000013540349BE70621204613F0EFFD04F1ED
:10067000140017F0BEFB04F1280017F0BAFBDBF8FA
:1006800000302046984794F83C3023F0030384F868
:100690003C30B4E7304A1368591C116009212F4AD5
:1006A000BBE789D375B9244803685B0703D00121F0
:1006B0002B4A10F0F7FB1E4813F0E9FD1437BD4636
:1006C000BDE8F08FA6EB0906B5EB961F08D01C49D4
:1006D00041F6B9121B4810F01EF941F6B91168E74E
:1006E000012D14D0144C236813F0060F0FD00123F2
:1006F000022120461B4A009510F0E7FB236813F007
:10070000060F04D002212046174A10F0CBFB4FF40D
:10071000A072164B16491748A3F864200BF0E0FDB1
:100720000022154BC3E90022C5E700BFBC2402200C
:1007300098220220FC240220682102202A470C0073
:100740004A460C002FD90B0028250220B85702205A
:1007500048470C0054470C00B45702204E470C0089
:1007600087470C00B3470C00F0470C00D457022019
:10077000B9F70900104702204058022038B50D4C47
:100780000D4DAC4214D90D490D4841F6D11210F06F
:10079000C2F841F6D111094810F0B4F803212046FF
:1007A00013F04AFD10B92046FFF7D0FD4034E8E7CA
:1007B000F4D338BDBC240220FC2402204A460C009D
:1007C0002FD90B00431E012B10D8112916D007DC9E
:1007D000012915D00C4B0D48062908BF1846704753
:1007E0000B4B0A483A2908BF1846704704280748A7
:1007F00008D1084B012908BF1846704706487047C2
:1008000006487047704700BFB0370C00A2480C0084
:1008100093480C009A480C008F480C0088480C0044
:100820002DE9F04117460546F8B1022902D0082902
:1008300018BF062138464FF03A08DCB26E185CB19A
:1008400015F8011B0123412213F0B0FF033CB54210
:1008500000F8018BE4B2F2D187424FF0000306D0DA
:1008600000F8013C3846BDE8F0810248FBE7184635
:10087000F9E700BF7E480C002DE9F04F0024064642
:100880008FB00DF1280B03920D46102221465846D9
:100890001F46079417F009FD012ECDE9084463D0E7
:1008A000022E5DD12D2F5BD95C462B46103522469A
:1008B00018685968083303C2AB421446F7D1DDE922
:1008C0000A3213430CD14FF6FF73BDF83220D21A0F
:1008D00053425341019308AB184600210A4607E0F2
:1008E0000023F7E7047801320134082A047003D0AA
:1008F0003BF81240002CF5D00131082900F101002D
:10090000ECD14FF0FF380127002513F8012BBA4234
:1009100088BFA84605F1010588BF1746082DF4D108
:10092000012F4FF03A092CD0002103980024042D08
:100930005AD104F138036B4413F81C2C03461ABB3C
:10094000302203F8022B80F8019018460134A542AA
:10095000EDDC0023012E039C0CBF00F8013C03706A
:1009600020460FB0BDE8F08F0F2FF9D92B68079301
:1009700004254FF02E094FF0FF383746A346019467
:10098000D2E74FF0FF38CFE74FF0000E4FF0090CE1
:10099000CDF808E0DFF8C4E0B2FBFEFACDE9042AA6
:1009A0000EFB1A22DDF808A0E24503DCDDF810A0FA
:1009B000F24507D3DDF814A0CDF808C00AF1300ADB
:1009C00003F801AB4FF00A0A0CF1FF3CBCF1FF3F0A
:1009D000BEFBFAFEE0D14FF000021A701B1A50FA6B
:1009E00083F000F8019BB1E7019B5BB1052C09DDA9
:1009F0000D9B042507933A234FF02E09012600F89A
:100A0000013B93E7A0450DD111B9B8F1000F02D118
:100A10003A2300F8013B3A2300F8013B7B1E0021FA
:100A20001C4493E711B13A2300F8013B3BF8143022
:100A30005BBA13F47F4FC3F307215FFA83FA0AD03E
:100A40000023612213F0B2FE01235146612213F00C
:100A5000ADFE01217AE70B46F7E700BF00CA9A3BDB
:100A600010B4084B1A6801321A60032392FBF3F3A7
:100A700003EB4303D21A2E23034C03FB024210BCA8
:100A8000FFF7FABE4C5802208B64022001282DE9A2
:100A9000F0470C46164638D100234C1E1360194609
:100AA0001A461D4614F8010F18B12E281CD1013327
:100AB0009BB2012909D9092A03D9032907D1632A3D
:100AC00005D86FF01500BDE8F0870029F9D0FF2A9E
:100AD000F7D8725522781AB10135EDB2042D11D133
:100AE000032B00F09780ECE73038C7B2092FE8D825
:100AF0000131C9B20429E4D002EB820200EB4200CA
:100B000082B2CFE700221146CCE70228D9D12E21AC
:100B1000204617F0FDFB237800280CBF0827062786
:100B20003A2B08BF01342046EDF79CFE00224349D2
:100B3000824225DB0025062F0CBF4FF005094FF040
:100B40000709A8462378002BBBD03A2B3DD01022B2
:100B5000002120460EF04EFA102282460021204647
:100B60000EF048FACAF3072A4AEA002A26F815A026
:100B70003A21204617F0CCFB0446A8B1013415E019
:100B8000A35C462B09D82D2B9BD92E3BDBB221FA37
:100B900003F3DB0795D50132CAE7613B052BFAD990
:100BA0008FE7002CCED18CE7A9458ADC0135AF4216
:100BB000F7DC062F2ED10B369CB982E706EB4503F6
:100BC00006F8158083F801800135BD42F6DB3A2135
:100BD000204617F0DBFBA0421ED1062F18D10134AE
:100BE0000B3600252378002B3FF46BAF00210A223F
:100BF00020460EF0FFF92E2106F8010F204617F0CF
:100C000087FBC8B10135042D00F10104EAD101E0F0
:100C100063782BB9002056E7062F08BF00F1FF309C
:100C20007D1E013010F8013D3A2B02D1013DFFF449
:100C300048AF8442F6D1A1E7032D52E7FD1FF8012A
:100C400000487047E0CE0B0000487047DCCE0B0038
:100C50002DE9F043534E91B002AD00220023294606
:100C600051480AF021FB10B111B0BDE8F0834FF0FC
:100C7000FF324FF0FF334D480AF0DCFB4C4CDFF8FD
:100C80003481444528D94C494C48FD220FF043FE9D
:100C9000FD2149480FF036FEDDE90C01D4E90023BF
:100CA00081EA0307374215D1C1F31307074309D07F
:100CB000C3F31307174305D00B400240C3F31303DC
:100CC0001A4307D0E3680E9A01930A9B0093A76822
:100CD0002B46B8471034D4E7DED3394F3C6824B1F3
:100CE0004FF00009D4F800802CB9304813F031FFE0
:100CF0000CF016FCB0E7DDE90C23D4E9041083EA1C
:100D0000000C1CEA060F30D1C3F3130C52EA0C0C92
:100D10000AD0C0F3130C51EA0C0C05D003400A4072
:100D2000C3F313031A4320D00A9B33B3A5600A9B75
:100D3000E360030161682AD58A6912B10E9B9A4269
:100D400013D1DDE90C23C4E904230E9B8B612368D6
:100D5000B9F1000F13D17A683B60944200D17B60F7
:100D60000023606823600AF001FEB8F1000F16D07E
:100D7000D8F8003044469846B6E7A360D8E7C9F8EB
:100D800000307B689C4208BFC7F80490E8E70E9BE0
:100D900020460093DDE90C238847A146E5E743465A
:100DA000E8E700BF0000F037FC220220C02202204A
:100DB000AC980B00AC980B00C7480C002FD90B0067
:100DC0005058022000210C4B1A6802B97047824229
:100DD0000FD1026839B959681A60884200D15A6047
:100DE0000023036070470A605A68904208BF596048
:100DF000F6E711461268E8E7505802200022002367
:100E000000201E4970B5C1E90023034602461C4C70
:100E10001C4DAC4212D908B1C1E900321A491B4835
:100E2000A4220FF078FDA42117480FF06BFDD4E940
:100E300000601034024333430120EAE7F7D358B18E
:100E4000C1E900321248006848B10468002540B981
:100E50000DB1C1E9003270BD03460246F2E7044617
:100E6000F4E7D0E904502B43024324B1256820461F
:100E70002C460125EBE72546F9E700BF784702201D
:100E8000AC980B00AC980B00C7480C002FD90B0096
:100E90005058022010B504464FF0FF324FF0FF3398
:100EA0000D480AF0C7FA2046FFF78CFF0B4B1A6873
:100EB00022605A681C6002B95C60094BD4E90412D4
:100EC000D3E9004021430243C3E900120248BDE8D0
:100ED000104013F03EBE00BFC02202205058022036
:100EE000784702202DE9F0470C469246C1F3017283
:100EF0003D499946D1E9003500AF32EA1572064600
:100F0000D7F820806DD1C4F3065232EA155268D169
:100F100024EA050520EA0303C5F313052B4360D13A
:100F20004FF0FF324FF0FF3330480AF083FA304B76
:100F300038221846002117F0B8F90346B9F1000F1E
:100F40000CD0B8F1000F09D0B8F1200F2FD84246CD
:100F5000494617F084F90346C0F82080C3E90A64C3
:100F6000C3F830A040F2391200232149214816F07D
:100F700031FFA0B12048036813F0060F0FD06D4673
:100F800088B06A461D4B0794CDE90536042342F824
:100F9000103F00234FF40251F2F7B6F8AD46134864
:100FA00013F0D7FD1649174816F0BCFF19E0124898
:100FB00003685B0712D06D468AB06A46124BCDE9D2
:100FC0000748CDE9053620230993062342F8103F50
:100FD00000234FF44151F2F797F8AD46034813F060
:100FE000B8FDBD46BDE8F08778470220D422022034
:100FF00040470220FC220220742102201F490C00DD
:10100000B81E022080470220F3480C007FB5FFF78E
:10101000F5FE0023CDE90433084B094803930BF098
:10102000E3F803AB00934FF448724FF0FF330549E8
:1010300003480BF0EFF807B05DF804FBA7490C007C
:1010400080470220F0BB022008B550B90749084884
:1010500040F2CF120FF05FFC40F2CF1103480FF0C7
:1010600051FC90F86100C0F3C00008BDF3100C0003
:101070002FD90B0008B550B90749084840F277222C
:101080000FF049FC40F2772103480FF03BFCB0F829
:101090006000C0F3811008BDF3100C002FD90B00C5
:1010A00008B550B9074908484FF413720FF033FCE4
:1010B0004FF4137103480FF025FCB0F86000C0F343
:1010C000C20008BDF3100C002FD90B0008B550B9B1
:1010D0000849094840F2F2220FF01DFC40F2F221CB
:1010E00004480FF00FFC90F96200BDE80840FEF7DD
:1010F000C9BB00BFF3100C002FD90B0010B504467C
:10110000084651B90749084840F202320FF003FC83
:1011100040F2023103480FF0F5FBFEF7F3FE84F8CE
:10112000620010BDF3100C002FD90B002DE9F84F11
:1011300004460D4690461F46284E9DF82CB09DF85B
:10114000309006F5D07AB6F86020D30705D468361B
:101150005645F8D10020BDE8F88F0CB1B442F6D066
:10116000B6F85E204245F2D1728CBA42EFD13046D9
:10117000FFF76AFF08BB0A9B1A88012AE7D1726A47
:10118000002AE4D0318C0129E1D1126812B10A9B06
:101190005968D1B9B9F1000F03D096F85A10002957
:1011A000D5D1BBF1000F05D0002AD0D10A9B5A68D7
:1011B000002ACCD16FF01000CDE7002DDBD03046F7
:1011C000FFF784FF8542C2D1D5E78A42BFD1B9F18A
:1011D000000FEFD096F85A20EAE700BF70580220BF
:1011E0002DE9F7430D462A491746984600260C4636
:1011F000B1F86030DB0702D50B6B98420FD0013697
:10120000042E01F16801F3D1224940F6D13222487F
:101210000FF081FB40F6D1311E480FF073FB6823BD
:1012200003FB0644AB6943B91A4940F6D2321A4867
:101230000FF071FB40F6D231EEE704F10C064FF0EF
:10124000FF334FF0FF32304613F097FC2046A96978
:10125000FFF754FF6C61636B33B9304613F0B3FC96
:10126000022003B0BDE8F08304F140000AF07EFBE9
:101270003046002613F0A7FC0A9B009601932046F7
:1012800043463A462946D4F83490C8473046E8E702
:1012900070580220B0490C002FD90B0002282DE90C
:1012A000F047994605D860B96FF069042046BDE85B
:1012B000F0870338012894BF6FF05F046FF0690472
:1012C000F4E7022800F08A80012900F08A80062ACB
:1012D00000F08A80022906D0032914BF6FF06A0447
:1012E0006FF07A04E2E7112A7ED1002B7FD04FF015
:1012F000FF334FF0FF3241480AF0A2FB404B00267B
:101300001F46B3F8604014F0010411D00136042EDA
:1013100003F16803F5D16FF0010438480AF026FBA9
:10132000002CC3D014F1700F64D1FEF7C3FABDE7EF
:1013300068225643BD192146284616F0B6FFFEF72F
:10134000B9FAFF234FF0010885F862302D4BA5F85C
:1013500060403344D3E8EF2FC3E8E18F0029F9D18F
:10136000B5F8603085F85C8043F08803A5F86030FC
:101370001123A5F85E3006F12803FC50FA1806F197
:10138000200307EB030A54605146CAF80240AAF84A
:101390000640284627F8038013F0F1FBAAF8020064
:1013A000C8B1402385F8648085F86330F0184FF0A9
:1013B000FF324146384416F051FD06F10C00384426
:1013C00016F017FDB5F8603043EA0803A5F8603061
:1013D000C9F80050A1E76FF06F049EE76FF05F045B
:1013E00064E76FF06A0461E76FF07A045EE76FF01C
:1013F00015045BE76FF0010458E700BF585802205E
:10140000705802207858022070B5044650B915492A
:1014100015484FF434720FF07EFA4FF434711148CE
:101420000FF070FA114B984218D303F5D07398421D
:1014300014D2002500F10C064FF0FF324FF0FF33BD
:10144000304613F09AFB3046C4E90D55E56313F0BE
:10145000BAFB204613F0BEFB284670BD6FF01500A6
:10146000FBE700BFB0490C002FD90B0070580220D9
:101470002DE9F04387B0044615460E4604AF51B936
:10148000654940F2763265480FF045FA40F2763110
:1014900061480FF037FA30B1614B984203D303F53E
:1014A000D073984208D35C4940F277325B480FF022
:1014B00032FA40F27731EBE7FFF7DCFD012803D188
:1014C000236B002B40F0A1803388012B40F0A080DB
:1014D0000023072D7B6040F29B802046FFF7B4FD80
:1014E00018B12046FFF7F2FD786006F10408404687
:1014F00013F031FB0146B8B12046FFF7BBFD0228CF
:1015000005D194F85B0010B1FEF7BCF97860404655
:10151000391DFEF7F3FB00283BD16FF00104204694
:101520000C37BD46BDE8F08372687B685ABB23B9AF
:1015300004F12C0012F0A8FF7860FFF781FB05464C
:10154000D7F80490B9F1000F25D1364C23685A071B
:1015500016D041460120FFF783FA6D4688B004AAF1
:10156000314BC2E905304FF4007393832F4B42F89F
:10157000103F4FF4E2514B462046F1F7C5FDAD4612
:101580006FF07C04CBE703B9391D404612F05FFFD2
:10159000C1E7051DD4E74FF0010904F10C084FF035
:1015A000FF334FF0FF32404613F0E7FA20467968E8
:1015B000FFF7A4FDA4F820906562738813B394F834
:1015C0005A1094F85E20029194F859102046CDE903
:1015D00000617968FFF7AAFD68B1124803685B07EC
:1015E00006D073885BBA9BB2114A49460FF063FC80
:1015F0006FF06F0402E0738863840024404613F0A8
:10160000E2FA8CE7638C7380F7E76FF07E0486E77D
:101610006FF0150483E700BFB0490C002FD90B0011
:10162000705802205C210220DF490C0003000001F9
:10163000F1490C0070B50C4605461E46114662B9CC
:10164000416A51B91E491F4840F2FE420FF063F94A
:1016500040F2FE411A480FF055F90B681BB10846DD
:1016600013F079FA90B13146A069FEF7BFF903682B
:1016700001465BB91448036813F0060F03D002213A
:10168000124A0FF00FFC6FF0150070BD95F858303E
:1016900094F83B009B0863F3050084F83B0095F841
:1016A0005830324663F3871084F83B0095F8583081
:1016B00020465B0984F83C30BDE8704014F001BA64
:1016C000B0490C002FD90B005C210220044A0C0009
:1016D0002DE9F74F0C9E14468A46984605469DF81C
:1016E000442030B1A44B984203D303F5D073984201
:1016F0000AD3A249A24840F66C120FF00CF940F64A
:101700006C119E480FF0FEF8B0F86030D90740F138
:1017100030814AB146B9B8F1000F08D1BAF1000FD3
:1017200017D16FF0780475E0B8F1000FF9D00027F9
:101730002846FFF7B5FC012808D12FB1D7F8008063
:10174000B8F1000F07D07E68072E06D86FF0150499
:1017500060E05746ECE705F12808D8F80430002B84
:10176000DFD02846FFF786FC02280ED0EB6AD3B9FB
:101770002846FFF769FCB0B908F1040012F084FEB6
:1017800001462846FFF7BAFC0DE008F1040013F00B
:10179000E2F90028EAD095F85B000028E6D0FEF7D1
:1017A00071F80028E2D027B11CB92346F9688B42B2
:1017B00023D12846FFF78AFC034628BB0D9B284609
:1017C000AB63109B6B60FFF781FC47F6122200238E
:1017D000CDE900232146012295F85E3000F0F2FAAF
:1017E000064610BB674803685A0703D00121664AC2
:1017F0000FF058FB6FF068040CE0BA6802EBC3020C
:10180000526801331444D2E7002113F0ACF928B92F
:101810006FF07204204603B0BDE8F08F082118462F
:1018200013F0A1F90028C9D1F2E7456195F85E10DF
:1018300013F045FCA04281462FD3A1462FB13C694D
:101840001CB17A690AB10F2A65D8B5F85E30112B40
:1018500040F08A8000223146284608F10403B8F897
:1018600002B0FFF7E7FE041E2ADB284613F0E1F979
:10187000044628BB5A463046698C14F056FB044691
:1018800040B9C846002F5BD14A465146304613F056
:10189000FEFD0446002C56DA12E02846FFF7EAFB6C
:1018A0000238C0B20128C9D8364803685B0705D0A2
:1018B00001214B46354A00940FF007FB6FF00B04F3
:1018C000304613F0BFFBA5E7142B05D16168292929
:1018D00002D1A1683429B8D0073323F007011031B1
:1018E00021449142B1D823F007031C4496F83710E5
:1018F0002368C1F302110229E6D00129ECD1142B8F
:10190000EAD161680029E7D1A1680229E4D1237CEA
:1019100086F8393099E72244E8E7BB68304603EBA4
:10192000C402526853F83410424528BF42469246DA
:1019300013F0ADFD00281ADBB8EB0A0803D0013420
:10194000FB689C42E9D3304613F012FC95F85E1018
:10195000304614F0C8F8DDE90E23304612F05EFB85
:10196000041EADDB4C4655E76FF07A04A8E7044649
:10197000A6E76FF008044DE770580220B0490C004C
:101980002FD90B005C210220224A0C003D4A0C009A
:101990002DE9F04F8A4690461F4604468DB050B957
:1019A0005449554840F69E420EF0B5FF40F69E4120
:1019B00050480EF0A7FFB0F86030DB0740F1978089
:1019C00000F10C064FF0FF334FF0FF32304613F0BA
:1019D000D4F82046FFF764FBB4F85E30112B40F0DA
:1019E000838000232046CDE90A33FFF759FBADF889
:1019F0002800204613F01DF90546002842D1204654
:101A0000FFF74EFB012844D1626A12B113680B93B1
:101A10000AAA658CC4F834A0D4F830A06DBABAF123
:101A2000000F38D0ADB2B4F86030CDE90125628D39
:101A300013F4807352BA92B200925046169A2F490C
:101A400018BF04F1280300F037FE0028054619DB13
:101A500058EA070316D0403420460AF051F83046C1
:101A600013F0B1F842463B46204609F0E9FF4FF03B
:101A7000FF320B304FF0FF33304608BF6FF0730575
:101A800013F07BF8304613F09EF828460DB0BDE801
:101A9000F08F2A46BEE720460992FFF7EBFA81460F
:101AA0002046FFF7FDFAB4F86030B4F85EB013F4E6
:101AB000807F04F130030693169BADB205930F4B64
:101AC0000295CDE90343638D099A5BBAC0B218BF92
:101AD00004F1280A9BB2CDE9002349460246534649
:101AE000584600F06FFCB0E76FF06A05CAE76FF088
:101AF0000805CAE7B0490C002FD90B00E1110A0014
:101B00002DE9F041074688464FF0FF324FF0FF3392
:101B1000104809F095FF00260F4CB4F86030DB0741
:101B20000ED504F10C054FF0FF324FF0FF3328467D
:101B300013F023F820464146B847284613F043F8EF
:101B40000136042E04F16804E7D1BDE8F0410148F4
:101B500009F00CBF58580220705802204FF0FF3295
:101B60000121014816F07AB9585802202DE9F041B8
:101B700006460F4615461C4616F0E4F908B1002546
:101B80002C46802F0AD9094803685B0703D001213E
:101B9000074A0FF087F90020BDE8F0812A46234666
:101BA0003046BDE8F04110F077BB00BF782102203D
:101BB000AB4A0C0001460148FFF7D8BF8824022039
:101BC00010B508B1054C046009B1054808600AB1B8
:101BD000044911600BB1044A1A6010BD00220220B2
:101BE00020220220542402208824022073B50446B7
:101BF00016461D4616F0A6F908B1002635462B46B6
:101C00003246204601A909F011F90546B8B940222B
:101C10000146019816F049FB01230A4A01989442B3
:101C2000C361446005D180F83C3013F0A1FA02B0E2
:101C300070BD054B9C4208BF80F83C50F5E7002082
:101C4000F5E700BF20220220002202202DE9F74301
:101C5000DDE90A670546904699460C4629B923B93D
:101C600090F8373013F0700F62D016F06BF908B1AE
:101C700000260027284613F00FFA95F83710C1F315
:101C80000211002840D1002940D001290CBF1422A4
:101C90000022B9F1110F2FD10832A318AC6914B189
:101CA000246804B1648B012932D1B4F5107F38BFA8
:101CB0004FF41074241A9C4228BF1C461D486B68C0
:101CC000CDE900671C4E1D4F21464246BB4218BF5E
:101CD000304613F0A8F80146E0B9194803685B07DD
:101CE00005D00121174A08EB04030FF0E4F86FF068
:101CF0000B0003B0BDE8F083B9F1010F02D0B9F1D8
:101D00003A0FCAD10432C8E70022C6E70A46C4E740
:101D10001C46CFE7284613F031FAB8F1000F07D080
:101D2000A86841460C30F6F703FB284613F020FA6A
:101D30000020DEE7882402205424022020220220F2
:101D400078210220EC4A0C002DE9F743DDE90A4531
:101D5000064690460F4639B932B990F8373013F03D
:101D6000700FC3F3021026D016F0ECF808B100246F
:101D70000025B06950B94346002239463046CDE9C6
:101D80000A4503B0BDE8F043FFF760BF72680C4B33
:101D90009A42F0D103688BB15B68D3F81090B9F127
:101DA000000FE8D043463A463146CDE90045C847E2
:101DB00010F1860FDFD003B0BDE8F0831B69FFDEB2
:101DC0002022022030B585B00093DDE90845134696
:101DD000CDE902450A460146024813F0E0F905B094
:101DE00030BD00BF2022022030B585B00093DDE970
:101DF00008451346CDE902450A460146024813F05C
:101E0000CEF905B030BD00BF00220220F8B504466F
:101E10004E680D4613F01FFB864203D823692B60E2
:101E200028680EE094F83730DA07F9D5296849B9FF
:101E30000A4803685B0703D00121094A0FF032F812
:101E40000020F8BD2046D4E903766A6813F0F5F95E
:101E5000C4E903760028E3D0F2E700BF782102202E
:101E6000114B0C00E82208B5034B02FB003015F0C3
:101E7000E0FF002008BD00BF60480220082828BFFE
:101E80000020014B185C704780610C0030B58BB0AE
:101E90001C4C204615F0C0FF4FF0FF324FF0FF33CF
:101EA0000025CDE906234FF0FF330094CDE903353B
:101EB00004F120004FF4BC62CDE90155124B1349E7
:101EC0000AF006FD044658B9114803685B0717D0AD
:101ED000012123460F4A0BB0BDE830400EF0EBBFA6
:101EE0002B4608210C4A08A80DF05AF8204608A9EC
:101EF0000AF0FCFB20460BB0BDE830400BF022BCE2
:101F00000BB030BD60480220CF540B0010BF022040
:101F100080210220384B0C005B4B0C002DE9F04F68
:101F20000F4616461D46814687B0002800F0E18026
:101F3000002A00F0DE8071B91388012B05D06FF004
:101F40000108404607B0BDE8F08F101D12F09CFA62
:101F500007460028F3D03388012BF0D13DB9022188
:101F600004A810F038FA644DBDF810302B8004231B
:101F70000021CDE904137B680436002B00F0B38008
:101F800031463846FDF732FDDDE912232969CDE9F6
:101F90000023012380461A4638460431FFF712FF1A
:101FA0000446002800F0A280AB68072B10DD5348E0
:101FB0000268520705D0072201210092504A0EF014
:101FC00084FF6FF01506204613F03CF8B046B8E7E2
:101FD000002B16DA2A7990F83B30920862F3050359
:101FE00080F83B302A7962F3871380F83B30324621
:101FF0004146204613F065FD024628B16FF06806A1
:10200000E1E780F83C30F2E70821204613F0CAFBF4
:1020100080460028F2D1204604A9FFF7F7FE0028E9
:10202000ECD02B8804A95BBA03806B885BBA438031
:10203000204613F047FAD5E90312D9B1A2B92046D8
:1020400013F096F80121204613F04DFD109B00225D
:10205000C9E902732046002311F0E0FF0028BFF613
:1020600070AF6FF00406AEE7204613F010FA061EBC
:10207000E5DAA8E7002AE2D0032A22D915F0ACFB62
:10208000834615F0A9FB064615F0A6FB824615F01F
:10209000A3FB360A030606F47F4643EA1B634FEAB6
:1020A0000A2A33430AF47F0A43EA0A030422204639
:1020B00003A9039313F0EBF9061E84DB2B69043BA1
:1020C0002B614FF0000A2B699A45B8D201222046B5
:1020D00003A98DF80CA013F0DAF9061EFFF673AF12
:1020E0000AF1010AEFE76FF071082AE76FF00B08B9
:1020F00027E76FF0150824E7105A0220602102201C
:102100006B4B0C002DE9F341074688461646022525
:102110004FF0FF334FF0FF32164809F08BF9164BA2
:102120001C6834B9134809F033FA284602B0BDE8F8
:10213000F081B8F80420237C9A4218D1627C33786D
:102140009A4214D1A37C72789A4200D07BB9A368DA
:1021500013B1BA6993420AD1E368424600936568B5
:10216000334639462046A84701280546DAD1246877
:10217000D7E700BFAC220220245A02202DE9F0410B
:10218000DDF818800D4617461E46044668B1B8F1C2
:10219000000F0AD04B1E012B0BD9144803685B07B4
:1021A00003D00121124A0EF07DFE6FF01500BDE84C
:1021B000F0811422002116F078F8C4F80480257408
:1021C0006774A6744FF0FF324FF0FF33094809F0EF
:1021D00031F9094B1A6822605A681C6002B95C60C8
:1021E000044809F0D5F90020E1E700BF6021022092
:1021F0009B4B0C00AC220220245A022010B504464E
:1022000040B34FF0FF324FF0FF33144809F012F99A
:102210000021134B1A6852B1944218D1226881B937
:1022200059681A608C4200D15A60002323600B4821
:1022300009F0AEF914220021204616F036F80020ED
:1022400010BD0A605A68944208BF5960EDE7114614
:102250001268E0E76FF01500F2E700BFAC22022041
:10226000245A022008B550B90849094840F2F22220
:102270000EF051FB40F2F22104480EF043FB90F9BE
:102280006200BDE80840FDF7FDBA00BFF3100C0086
:102290002FD90B0002460B46014809F0CBB800BF0E
:1022A00070220220014809F073B900BF7022022099
:1022B00008B531B30B88012B18D10B68C3604B688C
:1022C00003614B682BB190F8243043F0400380F851
:1022D000243090F8243043F00403BAB143F01003E3
:1022E00052BA80F82430C281002008BD0A48036831
:1022F0005B0703D00121094A0EF0D4FD6FF01500F1
:10230000F3E790F8243003F0BB03E6E723F0100373
:1023100080F82430E8E700BF54210220B94B0C00BC
:1023200008B531B30B88012B18D10B6843604B689B
:1023300083604B682BB190F8243043F0200380F881
:10234000243090F8243043F00203BAB143F008037C
:1023500052BA80F82430C280002008BD0A480368C1
:102360005B0703D00121094A0EF09CFD6FF01500B8
:10237000F3E790F8243003F0DD03E6E723F00803E9
:1023800080F82430E8E700BF54210220D64B0C002F
:1023900010B504462822002115F087FF4FF0FF30CA
:1023A0004FF0FF31FFF776FF054B1A6822605A683D
:1023B0001C6002B95C60BDE81040FFF773BF00BF4E
:1023C000345A02202DE9F04F87B000AF1C46B7F811
:1023D0004430FD6CFB60B7F8483092463E6C386183
:1023E0007960BB60002D38D02846FFF73BFF804660
:1023F000284612F0EAFB78614FF0FF304FF0FF31D2
:10240000FFF748FF884BD3F800B0BBF1000F08D0AE
:10241000BB68DBF8009059BA8BB23B60BBF1000F90
:102420001ED1FFF73FFF4FF0FF304FF0FF31FFF7B6
:1024300031FF7E4BD3F80080B8F1000F40F08E8062
:10244000FFF730FF7A4803685A0703D00121794A21
:102450000EF028FD6FF001045FE0A8467D61CBE738
:10246000BBF820103B69994216D19BF823105145C7
:1024700012D19BF8241001F00400AEB160B1308895
:10248000012809D1BBF80C00012805D1D6F804C0F9
:10249000DBF81000844509D0B9F1000F5CD0D9F801
:1024A0000010CB468946B9E70028F5D1BBF80E00ED
:1024B0003B689842F0D101F002019CB30029EBD0B7
:1024C00021880129E8D1BBF804100129E4D1606812
:1024D000DBF808108842DFD1FB68BBF8060059BA68
:1024E00089B28842D8D1DBF8180048BBFFF7DAFE82
:1024F0004F48026854070ED06C4688B06A460323E2
:102500004D49CDE9051B42F8103F00234FF4C2515D
:10251000F0F7FAFDA5466FF06F0420461C37BD4664
:10252000BDE8F08F0029B7D17B69002BD4D0DBF850
:1025300018000028D0D012F048FB0028CCD0ABE720
:10254000B8F1000FD2D0B0F860100905CED5FFF772
:1025500089FE8045A0D1C9E74946A2E75968D8F865
:102560000020884508BF5A601A600023C8F8003070
:10257000FFF798FE002C43D13B6D3146C8F814306C
:102580007B6D4046C8F81C303B69BA68A8F820301B
:102590007B6888F823A088F82230C8F81850FFF725
:1025A00087FE00283AD121464046FA68FFF7B8FE78
:1025B000044698BBBB6D0BB1C3F8008098F824307B
:1025C0004FF0FF3043F0010388F824304FF0FF3123
:1025D000FFF760FE144B1A68C8F800205A68C3F869
:1025E00000800AB9C3F80480FFF75CFE284612F0A9
:1025F000EFFA98F8253060F3000388F825308CE76F
:10260000002EB9D0228833889A42B5D00848036892
:102610005B0703D00121094A0EF044FC4046FFF756
:10262000B7FE6FF0150478E72C5A0220345A0220C6
:1026300054210220234C0C00F44B0C006C4C0C0079
:102640001B4B10B5984204462BD3A033984228D890
:1026500090F82430DB0727D54FF0FF314FF0FF30E3
:10266000FFF718FE0021134B1A6852B1944215D19E
:10267000226869B959681A608C4200D15A600023F7
:102680002360FFF70FFE2046FFF782FE002010BDFB
:102690000A605A68944208BF5960F0E71146126810
:1026A000E3E76FF01500F2E76FF00100EFE700BF1E
:1026B0003C5A02202C5A02202DE9F041134D8C4641
:1026C000A842174604461E46BDF818800799BDF873
:1026D000202003D26FF01500BDE8F081A035A8429C
:1026E000F8D890F82430DB070DD5C0F814C0C761C6
:1026F000FFF7DEFD0028EDD1424631462046BDE819
:10270000F041FFF70DBE6FF00100E5E73C5A0220F3
:102710002DE9F04F994690F8373089B0C3F3021392
:102720000293013B012B05460E46069200F2CE8035
:102730001346112A15BF4FF0000BD9F80030CDF821
:102740000CB01A8804BF0392B3F802B0029B012BAD
:1027500055D10F68D0F8188007F10C0400212046ED
:10276000FDF7C0F9824600283ED0012031680A6991
:10277000CC6813BA944200D018B1039A5A4500F0BD
:10278000A58003F07043B3F1604F3AD0404610315A
:10279000FDF704F907464FF0000A4FF0FF304FF005
:1027A000FF31FFF777FD624B00201C684FF0FF33CD
:1027B0004FF00008CDE904303CBBB8F1000F00F049
:1027C0009B80D8F81440D8F81CB0FFF76BFDBAF125
:1027D000000F00F0A280059B002B00F0908028469F
:1027E00012F030FC002072E0FEF72EFAFA6803685F
:1027F0009A42BAD021465046FDF7D0F8B6E70027F6
:10280000C9E700274FF0010AC7E7A069002842D1B5
:1028100094F82330002B4BD1238C069A934245D158
:1028200094F824301A0703D5E28803998A423DD1EF
:10283000D80602D5E2895A4538D199070ED595F8C0
:102840003720A188C2F3021291422FD1012905D16C
:10285000A2681AB13168C9688A4227D15A070ED5D1
:1028600095F83720A189C2F3021291421ED10129A5
:1028700005D122691AB1316809698A4216D1049AD0
:1028800003F078039A4211DABAF1000F14D11BB2A7
:10289000A04604930AE0B0F860301905B8D5AB69DA
:1028A0000793FFF7DFFC079B8342B1D0246883E7DF
:1028B000029A9342B0D0F9E740F635420023284609
:1028C00012F0C6FD014628B9FFF7ECFC022009B062
:1028D000BDE8F08FE3690590009332464B462046F1
:1028E000D4F814C0E0470228059902D1084612F036
:1028F000A9FBCDF814A0D9E7C346444665E7002CF0
:10290000E4D04B46324629464046CDF800B0A047B9
:10291000831E584258414000D9E7002CF1D1002FC6
:10292000D4D103222846114612F086FFCEE700BF1D
:102930002C5A022070B505460E464FF0FF304FF07E
:10294000FF31FFF7A7FC064B1C681CB9BDE87040BF
:10295000FFF7A8BC20463146A8472468F5E700BF2A
:102960002C5A022000230A4A10B5C2E90033094A52
:102970001846114614460133042B086003D0283250
:1029800008461146F7E7044B044AC3E9002410BD8A
:102990002C5A02203C5A0220345A0220B45A0220F7
:1029A0002DE9F047136886B0DA680D46D1E9037661
:1029B00002921B690393029B1BB9022006B0BDE87B
:1029C000F08700228B685BBB95F83A1095F836309B
:1029D0000B44C3F57F43FC3313441FFA83F91BB246
:1029E000032BEADD47F612220023CDE90023012361
:1029F000A8691A464944FFF7E5F904460028DCD0E7
:102A0000039B03F0F003E02B0ED1A86902A9FCF7A9
:102A1000EDFF03688046BBB9204612F013FBCCE7FC
:102A2000198A5B680A44CEE7D5F81880FEF70CF9DE
:102A3000039A03689A42E8D0404603A911F0FFFCCC
:102A40000028E2D10DF10C0895F83B2094F83B30BA
:102A5000414662F3050384F83B3095F83B3094F827
:102A60003B209B0963F3871284F83B20204602AA8F
:102A700013F027F80028CFD195F83A30EBB128466B
:102A80001E4904AACDE9044813F07EF80028C3D1FA
:102A900094F83AA01AF003080DD0C8F104085FFAC0
:102AA00088F842460121204612F0BCFB0028B3D131
:102AB000D0445FFA88FA84F83AA0002220461146F2
:102AC00012F070FE0028A7D14A462946204612F08F
:102AD000D5FB0028A0D1204612F04AFB0121204658
:102AE00013F001F800220023204611F097FA002885
:102AF00092DB0120C5E9037660E700BF69550B0052
:102B000090B5134B83B00822009301210023114894
:102B100002AFFFF733FB031E17DA0F4802685207B4
:102B200013D06C468AB002AA0C4951610C49C2E923
:102B300006134FF4007313840A4B42F8103F00232E
:102B40004FF41151F0F7E0FAA5460437BD4690BDA9
:102B5000A1290A00DC5A022064210220904C0C00BA
:102B6000B04C0C000400000173B50023164640F27F
:102B70001B620C46CDE900230C2102230122FFF742
:102B800021F90546B0B196B12146162322462846C2
:102B900013F066F9044620B9284613F04EF90446AE
:102BA00010B1284612F04EFA204602B070BD17232D
:102BB0000249EBE76FF00B04F6E700BF0CCF0B0008
:102BC00000232DE9F04387B0ADF80E3004930823BD
:102BD0000593836890F8362090F83A501B8A2A446F
:102BE0009B1A072B044603DC022007B0BDE8F083E4
:102BF0000E69364B9E42F7D104A9FFF707F900286A
:102C0000F2D020460DF10E0111F084FF0028EBDB1D
:102C1000BDF80E30002BE7D12046059912F0F7FAE7
:102C2000A7697D6885B395F83C2012F0010307D0B1
:102C3000C2F34003920703D56B6A9B1B18BF0123A5
:102C400095F85C20D00705D5910703D5696C1F4A1C
:102C5000914200D1C3B14FF0000905F1240805EB02
:102C6000491393F83C30DA0706D59B0704D5D8F80A
:102C70000020164B9A420CD109F10103022B4FF0B0
:102C8000010908F12008EAD1204612F0DBF9002002
:102C9000ABE740F21B6200230C21CDE9002338464C
:102CA00002230122FFF78EF806460028ECD01623F7
:102CB0004246414613F0D4F820B9304613F0BDF82F
:102CC0000028D9D0304612F0BDF9DDE7E000000160
:102CD00030B50D4685B0039003A92846FDF70EF8E0
:102CE000044600B3039811F0F7FCA0B12146039805
:102CF00011F017FC012221460398FCF7F1FD042393
:102D00004FF400700093039A0849E318FEF7EAF8BD
:102D1000002005B030BD012229460398FFF724FFAB
:102D20000028E3D0F5E76FF00100F2E7000030E0A3
:102D3000F7B504460F46FDF72DF8054678B3037F37
:102D40009B072AD40146204611F0EBFB204611F0E8
:102D5000C3FCA0B9012239462046FFF705FF06460D
:102D600068B12946204611F0CBFB16F1730F03D052
:102D700039462046FCF75AFF304603B0F0BD012229
:102D800029462046FCF7ACFD0423224600934FF46D
:102D900000700449EB18FEF7A5F80026ECE76FF089
:102DA0000B06E9E7000030E070B50E468CB00390EA
:102DB00003A93046FCF7A2FF044640B30FCC04AD94
:102DC0000FC594E80F0085E80F0031460398FCF723
:102DD0002DFF90B1039811F07FFC024680B10022D4
:102DE000039804A9FCF77CFD04234FF48060009352
:102DF000039A084905ABFEF775F800200CB070BDCA
:102E000031460398FFF7B0FE0028E8D0F6E76FF0F0
:102E10000100F3E7000030E013B5019001A90D486F
:102E2000FCF76CFF044620B1037F9B0708D502B076
:102E300010BD08490198FCF7ADFF04460028F6D004
:102E40002146019811F06DFB012221460198FCF703
:102E500047FDECE710CF0B0010B588B0002200232F
:102E60000024CDE906234FF0FF334FF40072CDE983
:102E70000334CDE90144064B06490094064809F0A5
:102E800027FD0649044809F031FC204608B010BD72
:102E90001D2F0A00F0C4022048490220CE4C0C002D
:102EA00002460B46014808F0C5BA00BF8422022042
:102EB000014808F06DBB00BF8422022038B50546EA
:102EC000FDF720F84FF0FF31441E4FF0FF30FFF7C1
:102ED000E7FF85B10021284613F0C5F858B1082155
:102EE000284613F0C0F830B10B4A32F8143043F0E2
:102EF000010322F814300121284611F0A5FA30B15F
:102F0000054A32F8143043F0040322F81430BDE8C7
:102F10003840FFF7CDBF00BFA25F02202DE9F74F79
:102F20004FF0FF304FF0FF31FFF7BAFF00F06AFBC0
:102F300000F0CEF900215B48FDF7DAF9FFF7B8FFA2
:102F4000DFF864814FF0FF334FF0FF32574808F04D
:102F500077FD4FF0FF304FF0FF31FFF7A1FFB8F8DA
:102F60000030002B00F08780C3F3803213F001059E
:102F7000C3F340304FEAD336019270D013F006020B
:102F800008BF934683F08001C1F3C011C3F340052D
:102F9000C3F3800301EA030A1ABF0C468B465C4662
:102FA000D1460D40584500955ED00120FCF76AFCE3
:102FB0000746AE425AD00120FCF764FC0646019B4E
:102FC000534555D00120FCF75DFC8246B8F800302F
:102FD000C3F30C0343EA4B33A8F80030B9F1000FF8
:102FE00003D043F48043A8F800303DB1B8F8003076
:102FF0006FEA43436FEA5343A8F800302C4D2B8807
:103000009C4209D0002C3DD13A460220294913F0B8
:1030100022F8294B2C801F60284C238899450CD01E
:10302000B9F1000F33D152460820224913F013F8AA
:10303000234BA4F80090C3F800A0224C009A2388E8
:103040009A4209D042BB324620201A4913F003F8B5
:10305000009B23801C4B1E60FFF72AFF72E7AA46E5
:10306000AB462C46A9469DE70027A2E70026A6E727
:103070004FF0000AAAE71C4699461F469A461E468C
:103080000093BBE7002BC4D13A460120BEE7002BDA
:10309000CED152460420C8E7002BD9D132461020A9
:1030A000D3E700BFBD2E0A00A25F0220302302201A
:1030B000A05F0220000050F0F85A02209E5F02201C
:1030C000F45A02209C5F0220F05A02200048704708
:1030D000A25F022010B5FCF715FF4FF0FF31441E30
:1030E0004FF0FF30FFF7DCFE074A32F814301906C4
:1030F00006D443F0800322F81430044808F036FC6C
:10310000BDE81040FFF7D4BEA25F022030230220AA
:1031100010B5FCF7F7FE4FF0FF31441E4FF0FF30C3
:10312000FFF7BEFE074A32F81430190606D523F021
:10313000800322F81430044808F018FCBDE8104061
:10314000FFF7B6BEA25F02203023022010B5FCF7C5
:10315000D9FE04464FF0FF314FF0FF30FFF7A0FEDD
:10316000044B013C13F81440FFF7A2FEE40920468B
:1031700010BD00BFA25F022010B5FCF7C3FE441EC5
:10318000002C0CDC4FF0FF304FF0FF31FFF788FED2
:10319000044B33F81440FFF78BFE204610BD4FF66A
:1031A000FF74FAE7A25F02202DE9F04114461D46A4
:1031B000DDF81880FFF78AFF24F4C05325F0604241
:1031C00023F0030322F44012134306463ED1404647
:1031D000FCF798FE471E4FF0FF324FF0FF331C48BC
:1031E00008F028F9C5F31303A4F500621A4313D0BD
:1031F00040F60102944273F100020AD2621E1A43A1
:103200000AD0023C1C4316D0BDE8F041104808F03B
:10321000BFB9A4F58054F5E70121404611F014F937
:1032200028B136F8173043F0040326F81730094860
:1032300008F09CFBE8E70121404611F005F9002861
:10324000F5D136F8173023F00403EEE7BDE8F0813E
:103250008422022030230220F8B51D461446069F22
:10326000FFF734FF25F0504324F0030223F48013CA
:103270001A43064626D13846FCF744FE471E4FF057
:10328000FF334FF0FF32104808F0D4F8C5F31305B0
:10329000631E2B4307D0023C2C430ED0BDE8F84000
:1032A000094808F075B936F8173023F0010326F8FD
:1032B0001730064808F05AFBF0E736F8173043F0AD
:1032C0000103F4E7F8BD00BF84220220302302206E
:1032D000032208B50A490B4B08464B600A4BC1E96B
:1032E0000423FDF7D7FD41F603020849084B0846C1
:1032F0004B60084BC1E90423BDE80840FDF7CABD97
:10330000204A022059320A00000010D0084A022048
:10331000A9310A00000030E008B50F4A03460F4803
:10332000904215D90E490F484FF481720DF0F3FA0F
:103330004FF481710A480DF0E5FA0168994205D110
:1033400043681B68002B08BF002008BD5030E7E72A
:10335000F3D30020F9E700BF4225022042250220D6
:10336000E84C0C002FD90B00002307B5009350F850
:10337000182C03490420FDF7B5FD03B05DF804FBEC
:10338000000020D010B512F0B1FE031E09DA054886
:103390000268520705D0BDE810400121024A0DF035
:1033A0008ABD10BD0C2102202B4D0C002DE9F041EF
:1033B0000B7805460E4600AF33B97378032B07D858
:1033C000DFE803F009404952FFF7C0FE0028F4D0BF
:1033D000BD46BDE8F081284612F04FFE0028F7D127
:1033E0002846FCF7B3FF04460028F1D0736803B900
:1033F0007060244B1B685B07EAD07378002B3CD0CD
:10340000013BDBB2022B3AD81F4A52F82360284610
:10341000FCF778FDE8468CB06A461C4BCDE9070501
:10342000CDE905364FF40073ADF82830184B0994F8
:1034300042F8103F00234FF451511248EFF764FE59
:10344000C546C5E7284612F018FE0028C0D0284619
:10345000FCF7D2FFC7E7284612F020FE0028B7D0BD
:10346000284612F043FEBEE7284612F017FE002859
:10347000AED0284612F08DFEB5E7064EC7E7064EE1
:10348000C5E700BF0C21022014CF0B005B4D0C00E0
:1034900006000001514D0C00494D0C002DE9F04192
:1034A000C3F31303911E00AF19430646BC6908D04D
:1034B000111F19433DD0013A1A4323D0BD46BDE840
:1034C000F0811E4DD0F808802A6802F00702B8F19A
:1034D000000F1BD0B2B12046FCF714FDB3686E4656
:1034E0008AB01B686A46CDE9074305231449CDE934
:1034F000051042F8103F00234FF421512846EFF702
:1035000003FEB546204612F05FFED7E7002AF9D049
:103510002046FCF7F7FC6E4688B06A46094B0794D4
:10352000CDE90530042342F8103F4FF401514346E2
:10353000E4E70121204612F002FEBFE70C21022041
:10354000824D0C00B94D0C0023F0504122F00B00CD
:1035500021F4801170B50843049C0CD128498B429A
:1035600008BF022A08D08B4208BF082A42D08B42EB
:1035700008BF012A23D070BD2046FFF7CDFE0546C7
:103580000028F8D0204612F072FE0028F3D04FF445
:103590007A7347F6122C03FB00F4002140F2E73067
:1035A0004FF47A720023E4FB0C01EBF72FF902468B
:1035B0000B4605F11800BDE8704008F0D5BF204665
:1035C00012F06CFD0028D6D00021204612F0E4FD58
:1035D00048B920460022032112F067FD2046BDE8CD
:1035E000704012F0F1BD0321204612F0D5FD0028F5
:1035F000EFD1C0E72046BDE8704012F006BE00BF24
:10360000000010D038B5314C314DAC422ED9314983
:103610004FF4E97230480DF07EF94FF4E9712D480E
:103620000DF070F963681B684BB92C4803685B07A1
:1036300003D001212A4A0DF035FC5034E5E79B68A0
:10364000002BFAD0A06C12F021FD264904F11800DD
:1036500008F046FE0023C4E90433636820461B6873
:103660009B689847A06C12F017FDE6E7DAD30B22AF
:103670001D491E4B08464B601D4B144CC1E90423E9
:10368000FDF708FC07221B491B4B08464B601B4BF0
:10369000C1E90423FDF7FEFBAC4214D90D494FF4F8
:1036A000FA720D480DF037F94FF4FA71B7E7636815
:1036B0001B6833B1206812F0E0FC10B1206812F0F2
:1036C000A4FD5034E8E7F2D338BD00BF4225022004
:1036D000422502203B4E0C002FD90B000C2102206A
:1036E000EC4D0C0069330A00504A022049350A00AB
:1036F000000010D0384A0220EF610B00000020D0FB
:10370000002307B58DF80000694605488DF80130A3
:103710000193FCF7EDFD019803B05DF804FB00BFD9
:10372000AD330A00012307B58DF8013000238DF871
:103730000000694603480193FCF7DAFD019803B0E5
:103740005DF804FBAD330A00002307B569468DF828
:10375000000008488DF801300193FCF7C9FD0223F1
:10376000694604488DF80130FCF7C2FD019803B0AA
:103770005DF804FBAD330A00032307B58DF8013073
:1037800000238DF80000694603480193FCF7B0FD63
:10379000019803B05DF804FBAD330A0038B500238F
:1037A0001349144CA14220D9134914483E220DF06C
:1037B000B2F83E2110480DF0A5F80A68934204D0F3
:1037C00010694BB903801069438010690831438840
:1037D000013343801346E5E71D69B5F902500580C2
:1037E0001B691069B3F90230EEE7E6D3002038BD5B
:1037F000FC9A0B002C9B0B00BF4E0C002FD90B002A
:1038000008B5094B1B7853B90849094840F24632BC
:103810000DF081F840F2463104480DF073F8F4F7EA
:103820004FF8044B185808BDEE790220A6DA0B00B9
:103830002FD90B000800000008B550B90649074809
:1038400040F26B320DF067F840F26B3102480DF038
:1038500059F8808808BD00BFE54E0C002FD90B0039
:103860002DE9F04F87B000AF91469A460546FFF725
:10387000E3FF04464A46534607F1080014F03BFCB8
:10388000D7E9022321465048F4F790FB064638B9A1
:103890004E49FC224E480DF03EF8FC214B480AE010
:1038A000856155B94B494A4840F246320DF033F82C
:1038B00040F2463147480DF025F82846FFF7BCFF97
:1038C0004FF0000B2C680246214606F10C000EF06A
:1038D000E7FC2B69B3F90220B3F900807A607A68BB
:1038E0000FFA88F3934204DB3046F4F725FC5C467C
:1038F0004AE0394B53F8384063681B7873B1374B53
:1039000013F8083053B97D612378012B0BD0022BBB
:103910003FD0002B4ED12846A36898475C46A3466B
:1039200008F10108DBE74A46534607F10800A4689E
:1039300014F0E1FBD7E90223204607F1140114F04B
:1039400049FA04460028E9D0254B1B685B0715D0CF
:10395000EB468AB06A46234B0593234BCDE90634E8
:103960004FF40073ADF82030204B42F8103F002395
:103970004FF411511A48EFF7C7FBDD4614F10C0F55
:10398000CDD13046F4F7D8FB20461C37BD46BDE804
:10399000F08F4A46534607F1080014F0ACFBD7E914
:1039A00002233046F4F7FEFB014650B1A06814F044
:1039B00040FAB3E70549E62205480CF0ACFFE621E2
:1039C0006CE76FF00B04BFE720240220BF4E0C0011
:1039D0002FD90B00E54E0C00009B0B003C2502206C
:1039E000C4210220134F0C0075EC0B0004000001F1
:1039F0002DE9F84F0A9F05469146984614F0A2FA21
:103A0000044600284BD1FFF7FBFE824614F0A0FAD3
:103A10003860EFF3118B202383F31288BFF36F8F8D
:103A200020480AF06BFB064640B91F4984221F4814
:103A30000CF071FF84211C480CF064FF19480AF057
:103A400081FB2B69D9693B688B4206DD0139504601
:103A500021EAE17109F016FD344612480AF05CFBD8
:103A600040B911494FF4997210480CF054FF4FF4CB
:103A70009971E0E78BF31188BFF36F8F28690430E9
:103A80004A46434607F0DCFF054628B124B1FFF75C
:103A9000B7FE396809F0F6FC2846BDE8F88F002427
:103AA000ECE700BFFC5A02206CE50B002FD90B009D
:103AB0002DE9F047884615461E4691469A4604462B
:103AC00086B050B92B4940F2CB122B480CF023FFA3
:103AD00040F2CB1127480CF015FF41B925494FF4AE
:103AE000E67225480CF017FF4FF4E671F2E714F088
:103AF00029FA50B1354308D01E4940F2CD121E4874
:103B00000CF009FF40F2CD11E4E714F01BFA10B1FC
:103B10004FF00009CA4653464A4602A814F0C6FAB6
:103B2000DDE90267E368D3B90E23059305AB009383
:103B30004A4653462046FFF75BFF0546B0B941466B
:103B40006268206814F08BFB32463B462046FFF744
:103B500087FE05990546206912F0B8FB06E040464D
:103B6000616898470028DFD16FF02205284606B02B
:103B7000BDE8F087BF4E0C002FD90B002DE9F041B6
:103B800005460E46174614F0DDF9044650B130499B
:103B900040F24F222F480CF0BEFE40F24F212C483D
:103BA0000CF0B0FE45B92A494FF4147229480CF0C4
:103BB000B2FE4FF41471F2E72B78022B08D024499F
:103BC00040F2512223480CF0A6FE40F25121E6E7D4
:103BD000A86840B91E4940F253221E480CF09BFED3
:103BE00040F25321DBE746B919494FF415721948E1
:103BF0000CF091FE4FF41571D1E747B9144940F22A
:103C0000552214480CF087FE40F25521C7E7DDE944
:103C1000062307F033FE0546B8B180693060FFF730
:103C20000BFE014605F10C00F4F7BAFB8046306844
:103C3000FFF702FE41460246384614F010FB2846C4
:103C4000F4F77AFA2046BDE8F0816FF02200FAE737
:103C5000BF4E0C002FD90B0037B540230C460A4944
:103C60000093411A491105462346084A084812F0B4
:103C70003CFB014628B12846234603B0BDE830404E
:103C8000184703B030BD00BF145B022057630B0020
:103C9000148A0B00C9B2012908B508D90849094896
:103CA0007E220CF038FE7E2105480CF02BFE0C2203
:103CB000036901FB0233986C00F0070008BD00BFE8
:103CC000554F0C002FD90B0070B5C9B2012903461E
:103CD00000690AD9174918484FF4E8720CF01BFE26
:103CE0004FF4E87113480CF00DFEEFF31186202419
:103CF00084F31288BFF36F8F0C2505FB0104A46CBD
:103D000014F0C00401D0A24211D1012205FB010030
:103D10008264002086F31188BFF36F8F30B90C22C4
:103D20005B6802FB01335B689847002070BD4FF071
:103D3000FF30EFE7554F0C002FD90B0070B50D4643
:103D400006490446411A491140220548FFF7BCFFC5
:103D50002B4601462046BDE870401847145B022000
:103D6000148A0B00F8B500220121054640F2051027
:103D7000F3F796FC114804F0BFFC0446D0B928695B
:103D800000F014FA04F0D8FC2F690D4938460CF005
:103D900062FF031E09DB0126BE642D69084905F197
:103DA00020000CF058FF031E02DA1C462046F8BD26
:103DB0006E65FBE76FF00404F8E700BF7D3E0A0084
:103DC00020CF0B0010B50022012386B06C46CDE950
:103DD000022304ABCDE90433074A6B46CDE9004426
:103DE00012F0B2FA28B943F609520023684607F0E8
:103DF00027FE06B010BD00BF63630B0010B5EFF3E4
:103E00001184202383F31288BFF36F8F074A13684E
:103E100023F00201DB07116002D4012004F0D8FC7A
:103E200084F31188BFF36F8F10BD00BF6C5B02205D
:103E30000C22104B014602FB0033002030B4D3E9C2
:103E400010521864EFF31180202484F31288BFF31A
:103E50006F8F9C6C04F0C00444F002049C6480F3F7
:103E60001188BFF36F8F1DB12B4630BC0248184735
:103E700030BC7047145B0220148A0B0008B506287A
:103E800016D8DFE800F020200D11042020000E4B92
:103E9000986C10F0070016D1BDE80840FFF7C8BFC6
:103EA00000F092F90120F7E7BDE8084000F09AB968
:103EB000064907484FF441720CF02DFD4FF4417153
:103EC00002480CF01FFD08BD145B0220554F0C008A
:103ED0002FD90B0010B4EFF31180202282F3128847
:103EE000BFF36F8F16490B6843F0020413F0010310
:103EF0000C6017D0134BD3F80C3413F4803311D06B
:103F0000EFF3118182F31288BFF36F8F0E4A936C27
:103F100003F0C00343F00203936481F31188BFF3FD
:103F20006F8F012380F31188BFF36F8F1BB10020C7
:103F300010BCFFF77DBF012010BC04F01FBC00BF08
:103F40006C5B022000E01040145B0220024BC0B208
:103F500003EB4010704700BF145B0220F8B501224C
:103F600006462F49D1E8EF3FC1E8E02F0028F9D1FC
:103F70009BB92C492C484B60CB608A60EEF7E4FA81
:103F800000280ADA294940F2A32229480CF0C3FC90
:103F900040F2A32125480CF0B5FC6EB3731E012B33
:103FA00035D813F0CFFF044648B1EFF31185202335
:103FB00083F31288BFF36F8F01241E4F0DE01E4B59
:103FC0001B78002BF1D004221A4B0546C3F80823B6
:103FD000F3E794B128460EF022F9D7F84C24D7F82D
:103FE0004C34D203F5D59B0701D0012EF1D14CB151
:103FF00085F31188BFF36F8FF8BD0021202009F0F1
:1040000073FBEAE704220B4BC3F80423F4E70749E8
:1040100040F2B52206480CF07EFC40F2B521B9E72B
:10402000105B0220005B0220345B0220554F0C0025
:104030002FD90B0000E01040EE790220012208B5D4
:10404000104BD3E8EF1F002903D1C3E8E02F00286D
:10405000F7D116D100230C4AD3600C4B11465360A4
:10406000032393600A4B1868EEF76EFA002808DA0B
:10407000084909484D220CF04EFC4D2105480CF032
:1040800041FC08BD8C5B0220745B022081410A0068
:10409000705B0220BF4F0C002FD90B0007B5002228
:1040A00000230E48CDE9002300230D4A0AF000FC4E
:1040B0000C4B1868EEF7C8FA002808DA0A490B48D2
:1040C00055220CF028FC552107480CF01BFC00225F
:1040D000074B1A6003B05DF804FB00BFC821022043
:1040E00048E80100705B0220BF4F0C002FD90B0085
:1040F0008C5B022073B51D4D4C21AE682846F368D9
:1041000098471B4C70B100231A462370217809B1DF
:10411000012A1FDD174A138013F030FC012323709E
:1041200002B070BD0C216A462846336998470028C2
:10413000E9D1114A019B93FBF2F3009A03EB82034E
:104140000C4A1BB2B2F900209A1A002AB8BF524298
:1041500012B2DBE7094A0139136821700133136099
:1041600002B0BDE87040FFF799BF00BF448C0B0060
:1041700015650220A45F022090D00300845B02201A
:1041800008B5074813F0A1FD28B913F0F7FB012289
:10419000044B1A7008BD0448BDE8084007F050BF42
:1041A000448C0B0015650220C81E0220034B044AF4
:1041B000186000231360034A13607047705B02208D
:1041C000885B0220845B02200022024B1A70FFF7FA
:1041D00035BF00BF1565022001480AF0C5BB00BF0E
:1041E000C8210220024A136801331360FFF756BF4B
:1041F000885B022008B5074813F067FD38B1064810
:10420000F3F704FE0448EDF7B5FB002008BD6FF09E
:104210001200FBE7048B0B001D420A0038B50D4D60
:1042200004462846EFF728FB002810DB0A2C04D1AF
:10423000AB680D212846DB699847AB680548DB6908
:10424000E1B29847202200230248EFF725FD2046DF
:1042500038BD00BF048B0B0038B5036941B91D4957
:1042600064221D480CF057FB64211A480CF04AFBED
:10427000486830B91749652217480CF04CFB652196
:10428000F3E7586800B30024884219D108688CB954
:104290009C685860A14200D19860002008602AB153
:1042A0005A680A609A68596002B9996000200FE064
:1042B0002846E9E720609868814208BF9C60ECE7E7
:1042C00005680446002DF3D1002AE9D16FF01500EE
:1042D00038BD00BF10500C002FD90B0070B54668D8
:1042E0000546B068C0B104F02DFF0146A0B9B06822
:1042F00004F0ECFE0446A8B902460C49B06804F08C
:10430000A3FE22460121DA20F3F7CAF92246012151
:104310004FF48670F3F7C4F92846BDE870400449AD
:104320000CF05ABE6FF0040070BD00BF09460A00D1
:10433000F1630B0008B503685F2B4FEA531107D8F0
:104340000B4A03F01F0352F82120DA40D2070AD4A7
:10435000084909484FF482620CF0DDFA4FF482619B
:1043600004480CF0CFFA0360044B53F8210008BD59
:1043700068CF0B004C500C002FD90B005CCF0B000A
:1043800070B5446801F01F05207C86B045EA4015F1
:10439000A06800286DD0B2F5001F04D1294604F0B2
:1043A000B3FF00204AE00026B2F5800F01A8019675
:1043B000466032D1B3F1007F14BF052304238DF88A
:1043C00004300023CDE904030393E3686E46CB4039
:1043D00013F0010F34D1B2F1A07F31D168460095BE
:1043E000FFF7A8FF009B203350F82330DB0727D4CA
:1043F0006A462946A06804F03BFE163018D00296A3
:104400002946A06803AA04F0DBFC002816DB012281
:104410002946A06804F000FFC3E7B3F1C06F05D0E0
:10442000B3F1007F14BF01230223C8E70323C6E7CB
:104430006946A06804F0D0FE0028E0DA06B070BD3E
:1044400032462946A06804F013FE0028D8D19DF812
:104450000010A06804F0A4FE0028D1D00649074847
:1044600040F2ED120CF057FA40F2ED1102480CF058
:1044700049FA6FF08500E1E77F500C002FD90B005F
:104480002DE9F043466840F20635337CD00601F052
:104490001F0747EA431748BF032302EA050558BF31
:1044A000C2F3401387B0B5F5837F14468DF803300F
:1044B00043D00DD8062D42D005D8A5B1022D12D07B
:1044C0006FF0150036E0B5F5807FF9D101250AE0DF
:1044D00040F20222954234D0B5F5407F33D0B5F595
:1044E000007FEDD1042522032FD5012372688B4074
:1044F0005360B06880BB03A80397FFF71BFF039BC3
:1045000000EB8300C4F3004383F00103C4F3404491
:10451000D0F8802044EA43049DF8033022F470620E
:1045200044EA830422F00F0244EA05231343C0F84F
:104530008030002007B0BDE8F0830925D3E70825C7
:10454000D1E70625CFE70525CDE7630341BF01236A
:1045500072688B409360CCE739460DF1020204F09B
:1045600087FD14F4403F804616D13946B06804F008
:1045700001FEB8F1000FDCD19DF80210B06804F024
:104580000FFE0028D5D01E491E48F8220CF0C3F9B2
:10459000F8211B480CF0B6F94FF0000901ABCDE94A
:1045A0000199CDE90439CDF80C903946B06803AAD9
:1045B00004F006FC4845BCDB14F4003314D09DF82D
:1045C0000330C4F3004484F001048DF80E308DF8FC
:1045D0000C508DF80D404B463946B06803AA04F0E4
:1045E000AFFC0028C5DAA4E7CDE904330DF10303DD
:1045F00003933946B06803AA04F0E2FBF1E700BF79
:104600007F500C002FD90B004209022A034670B5D7
:1046100003D0012A1BD0E2B170BD134E326951683C
:104620000029F9D0012503F01F030C689D400029E3
:10463000F2D08A682A4010D04B6863B90B490C4805
:1046400089220CF068F9892108480CF05BF9094EC1
:10465000E4E7094EE2E7304698471CB1236821465B
:104660001C46E4E72346FAE78C8A0B0010500C0046
:104670002FD90B00648A0B003C8A0B002DE9F04F08
:104680004FF0020A83B0DFF8C49100AFD9F80050B0
:10469000284613F01AFB0346002840F0D3806C48EC
:1046A0000268560712D06C4688B029686A46694D80
:1046B000CDE905514FF40071ADF81C10664942F880
:1046C000101F4FF4E251EEF71FFDA5466FF01204E4
:1046D00020460C37BD46BDE8F08F4FF0010AD5E704
:1046E000D9F804B04FEAC8037B600BEBC8031BF892
:1046F00038105B6813F0FC6FD5F810C0D5E9010ED7
:104700000AD056494FF47D7255480CF004F94FF425
:104710007D7152480CF0F6F803F03002302A08D1CF
:104720004E4940F2F7324E480CF0F5F840F2F731BE
:10473000EFE74C4C03EA0602A24208D1474940F297
:10474000FB3247480CF0E7F840F2FB31E1E703F0B9
:104750000602042A08D1414940F2FE3240480CF0DA
:10476000DAF840F2FE31D4E713F4402216D09C036D
:1047700008D43A4940F2014239480CF0CCF840F2F2
:104780000141C6E7B2F5402F08D1344940F2054255
:1047900033480CF0C0F840F20541BAE7DC0205D519
:1047A00022B143F3000202F4402253400124006886
:1047B0008C40044223F4801208D1284940F211426F
:1047C00027480CF0A8F840F21141A2E7DCF80000FD
:1047D000DB074CBF2043A043CCF80000DEF80030DC
:1047E00028469847041E1EDA194803685B073FF401
:1047F0006FAF7B6829686D468AB06A461BF8033044
:10480000CDE907344FF40073174EADF82430174B41
:10481000CDE9056142F8103F00234FF43151EEF726
:1048200073FCAD4654E708F10108D9F80830434558
:104830003FF656AFBAF1010F09F10C097FF44DAF05
:10484000002445E74FF00008094EEEE7D4CF0B00F7
:1048500010210220BD500C00030000019E0A0C0034
:104860002FD90B0002000100D4500C0005000001FC
:1048700002000300044B054A01219362044AC72049
:104880001A600022F2F70CBFB45B0220F01E022077
:1048900000700C402DE9F04F89B002AFBB60436857
:1048A000D0F810A0D3F820B09B8A3A617B614FF01A
:1048B000FF324FF0FF3305460C4611F0C6FD0AF1FA
:1048C0004403FB600026002300220AF1440007F0A5
:1048D000B7F833463A69964201D3002348E0207A7C
:1048E000010700F19F803A690136964221680BD298
:1048F000820709D4227D80EA020C0CF0010C02F040
:1049000004025CEA020C24D0002B3BD101F060428F
:10491000B2F1005F39D14FF00009D4F80080A388CC
:10492000BA68CAF86080217A28460092424600F0B0
:10493000B3F8031E1CDB43F609520023F86807F0A6
:104940007FF8002850D0284611F0A5FD6FF07303C2
:104950000EE04FF001086268D7F814E003EB020C98
:10496000F4452ED9324801684C0710D16FF01B0373
:1049700028467B6111F076FD7B691C371846BD46E1
:10498000BDE8F08F4FF00008E5E79846E3E76C4696
:104990008CB02E6802A9DFF89CC0CA61C1E905C3CA
:1049A0007B690A46C1E9083640F203530B85224B66
:1049B00042F8103F00234FF45151EEF7A5FBA546F6
:1049C000D4E7C00705D40BEB03007B6013F047FC72
:1049D0007B6862681A4493B2B8F1000F0CD1002BC7
:1049E00099D09946D8469BE7DAF85C30002B1CDB5F
:1049F000237ADB0702D400230C346BE7C345FAD1DA
:104A000023460AE0A9EB0201D8681FFA81F918FAD7
:104A100081F17B6013F023FC7B685A680C3B914565
:104A2000F0D2E8E76FF08503A2E76FF004039FE799
:104A3000182102201B510C000600000108B5CA070E
:104A4000436821D4C1F3420102290BD003290ED0BF
:104A5000012911D14FF0CC729B6A1B680020C3F86A
:104A6000242508BD9B6A4FF0C8621B68F6E79B6A65
:104A70004FF07F621B68F1E7054803685B0703D0CE
:104A80000121044A0CF00EFA6FF01500E9E700BFAF
:104A90001821022004520C00F0B50C461D461646A3
:104AA00089B04768122200210DF10E0013F0FDFBC2
:104AB00004F001038DF80C30BDF8383004958DF802
:104AC0000D30BB8C0696AB420DD20C4802685207E3
:104AD00005D0012100930A4A2B460CF0F6F96FF03D
:104AE0001B0009B0F0BDC4F3400282F00102B86AB5
:104AF000520103A905F074F9F3E700BF1821022061
:104B000016520C00B0B50446456800AFAB69984733
:104B10000121E86911F0B0FC234629462A69A86AF8
:104B200005F0D0F800281BDA104803685B0713D0A3
:104B300023686C4688B06A460D49CDE905134FF4E9
:104B40000073ADF81C300B4B42F8103F00234FF4BC
:104B5000E251EEF7D9FAA5466FF00400BD46B0BDAC
:104B6000204605490CF038FAF8E700BF182102206A
:104B70005D520C000300000109650B002DE9F041B6
:104B8000456804460769286813F09FF818B96FF064
:104B90001200BDE8F081384613F02BF97C61AB6858
:104BA000BBB904220B2120466B7C11F0F1FC0028DC
:104BB000EFDB06220B212046AB7C11F0E9FC00283C
:104BC000E7DB01232046BDE8F0411A460B2111F036
:104BD000DFBC0523062120462A7C11F0D9FC0028E1
:104BE000D7DBA86813F071F80028D0D0B5F80EC054
:104BF000A868297B4CF480320CF03006302ED0F8B7
:104C000010E0D0E901380AD1434940F2F732434875
:104C10000BF081FE40F2F7313F480BF073FE1CF0C1
:104C2000020F08D03C4940F2FB323C480BF073FEC7
:104C300040F2FB31F0E70CF00606042E08D13649AD
:104C400040F2FE3235480BF066FE40F2FE31E3E7FB
:104C500001261B688E401E4208D12F4940F21142A6
:104C60002E480BF058FE40F21141D5E7DEF8003037
:104C70001CF0010F14BF3343B343CEF80030D8F813
:104C800000309847002884DB01262B7B244A06FA53
:104C900003F3C7E90723A86807F118018368DB69F4
:104CA00013B96FF0570074E7324698470028FFF6B3
:104CB00070AF1C4BBB62EB89A868297B03F04003F3
:104CC0008768D0F804C0BF690269002FE9D0DCF81A
:104CD00000C08E4016EA0C0F08D10F4940F2A532F1
:104CE0000E480BF018FE40F2A53195E71268164207
:104CF0000CBF43F0B86383F0707323F0794323F45F
:104D00007F0323F47F434FF0A07223F0BF03B84723
:104D10000028BFF646AF3CE79E0A0C002FD90B00D7
:104D200043650B00294D0A00262300222DE9F04F90
:104D3000044650F8100C91B0D0F80490114600933E
:104D400006AB11F002FC002805DA204607F078F9DE
:104D500011B0BDE8F08F00262F4F97F8008097F82C
:104D600001A008F140036B4413F8273C1AEA030F33
:104D700013D0216931B1012354F8100C0D6803FAE6
:104D800006FB19BB08F101025346002154F8100C30
:104D9000D2B211F0FDFB0028D7DB01360E2E07F151
:104DA0000207DAD1012599F80C30D9F808009D40A6
:104DB00043681B681D4222D11849194840F24962D4
:104DC0000BF0A9FD40F2496114480CE08A681BEA27
:104DD00002020DD04B6843B91249114889220BF0E9
:104DE0009AFD89210F480BF08DFD03909847039899
:104DF0001DB12B6829461D46C3E72B46FAE7066915
:104E0000836805A95B68984700289ED13268059B96
:104E100053402B429CD098E788610C009E0A0C00FE
:104E20002FD90B0010500C0008B50C48036803F094
:104E30000703022B03D90321094A0CF033F8094870
:104E40000EF061F8002208490DF0C3FF05480EF08E
:104E50005AF8BDE808400DF0A9BF00BF302102207C
:104E6000E7530C00685C022057660B0008B5074842
:104E7000036803F00703022B03D90321044A0CF053
:104E800011F8BDE80840034807F0DAB830210220E5
:104E9000F4530C00A45C022008B511B1012904D020
:104EA00008BDBDE80840FFF7E1BF0748036803F00D
:104EB0000703022B03D90321044A0BF0F3FFBDE8DB
:104EC0000840034807F0BCB83021022003540C000E
:104ED000845C022008B50748036803F00703022B2F
:104EE00003D90321044A0BF0DDFFBDE80840034865
:104EF00007F0A6B83021022015540C00945C022063
:104F00000321024A02480BF0CDBF00BF21540C0020
:104F10003021022008B50C4B18680DF09DFB0B4B9F
:104F2000D3E8EF1F21F00101C3E8E21F002AF7D107
:104F3000074B1B6803F00703022B03D9BDE80840A9
:104F4000FFF7DEBF08BD00BF805C02207C5C022052
:104F5000302102200321024A02480BF0A3BF00BF08
:104F60002F540C003021022010B50E4B0E481C6847
:104F70000DF0C9FF01462046F3F778FE0B4BD3E84E
:104F8000EF1F41F00101C3E8E21F002AF7D1084BEF
:104F90001B6803F00703022B03D9BDE81040FFF79D
:104FA000D9BF10BD805C0220685C02207C5C0220BE
:104FB0003021022008B50A4B0A4918600A4806F059
:104FC000CDFF0A490A4806F0C9FF0A490A4806F017
:104FD000C5FFBDE80840002208490948F5F73EBA78
:104FE000805C0220294E0A00A45C0220694F0A005E
:104FF000945C0220154F0A00845C0220994E0A003E
:10500000685C02200B4BD3E8AF2FD2070ED5D3E854
:10501000EF2F42F00201C3E8E01F0028F7D112F0A1
:10502000020F14BF6FF00F00002070474FF0FF30E9
:10503000704700BF7C5C0220044BD3E8EF1F21F0D7
:105040000201C3E8E21F002AF7D170477C5C02200E
:10505000102903691BD8012000FA01F10D48014213
:1050600010D111F4BE7F08D1890710D003F5805309
:1050700093F8093500201370704703F5805393F8B7
:105080000A35F7E703F5805393F80B35F2E76FF035
:105090003C00704780E2010070B500690D4600F5E4
:1050A000805696F8083714460E3B012B2FD829B1AD
:1050B0004B1E012B10D96FF085000CE0154900F54F
:1050C00096500DF0AFFA002805DB96F80C35632BEF
:1050D00012D16FF0150070BD0F4900F596500DF01C
:1050E000A1FA0028F7DB012D0BD096F80E35FF2B27
:1050F000EFD05B08143B01E05B00713B0020238094
:10510000E9E796F80D35FF2BE3D08C3BF6E76FF01F
:105110003C00E0E7FCD20B00C0D20B0003460A467D
:105120002DE9F0411979DB880068134303F0300260
:10513000302A0669D0E901470AD1254940F2F73201
:1051400024480BF0E8FB40F2F73121480BF0DAFB82
:10515000214A224D1A40AA4208D11D4940F2FB3291
:105160001C480BF0D8FB40F2FB31EEE703F00602DF
:10517000042A08D1164940F2FE3216480BF0CBFB48
:1051800040F2FE31E1E7012513F4E01F18BF43F3BD
:105190000002246818BF02F4402205FA01F518BF86
:1051A0005340254223F4801208D1094940F21142AC
:1051B00008480BF0B0FB40F21141C6E73468DB074A
:1051C0004CBF2C43AC4334603B68BDE8F04118470A
:1051D0009E0A0C002FD90B00020003000200010000
:1051E00005498B4208BF082A05D1A0F5B7500D210B
:1051F000103811F0B6BA70470000B0D010B504698D
:1052000039B1012911D12046002111F0AAFA00205C
:1052100010BD0121204611F0A4FA002304F5BA5074
:10522000034ABDE8104006F00BBC6FF08500EFE7C5
:105230001C4E0E00034610B50A461979012300687A
:1052400003FA01F1436804691B6819420AD10C4949
:105250000C4840F2A2620BF05EFB40F2A2610848EB
:105260000BF050FB2368194218BF82F0010222B1F3
:105270008368DB68BDE81040184783681B69F9E75D
:105280009E0A0C002FD90B00002373B5CDE9003323
:1052900046680C46306883689B6A7BB169469847CC
:1052A000031E0EDA10480268510703D00F4A01218D
:1052B0000BF001FE0025284602B070BD6FF05703C9
:1052C000F0E7009D0094306883685B6A4BB16946E3
:1052D0009847031EEFDA044802685207EAD0044AEE
:1052E000E5E76FF05703F6E73821022050540C0031
:1052F00076540C0070B500F58055044685F8081703
:10530000142900F26881DFE811F0150047006E00F3
:10531000780083009B009B00B300B600BF006601CD
:10532000C800000108010B0124012D0135013A01DB
:105330004A016001D5F80C375E68B36923B10021DA
:1053400006F11800FFF776FF33693BB196F831306C
:1053500023B1012106F11000FFF76CFF0023D5F8FF
:105360000C0785F80935A5F80A3511F045FA04F55A
:1053700096500DF071F9D5F8EC060DF05BFE04F5D2
:10538000A860F4F777FF20680DF076FD04F5BA50B9
:10539000BDE8704006F0EABAD5F80C375E68B3692C
:1053A00023B1002106F11800FFF744FFD4F83815A7
:1053B00019B1D5F80C07FFF767FF012106F11000BE
:1053C000FFF738FF73685D8C40F2E7304FF47A7274
:1053D0000023002147F61226E5FB0601E9F716FA3D
:1053E00002460B4602E043F60952002304F5B8508A
:1053F0001030BDE8704007F047B8D5F80C370121F0
:105400005D6805F10800FFF715FF6B681D8CDBE791
:1054100040F2E730002147F61226D5F80C374FF45A
:105420007A725B685B689D8C0023E5FB0601E9F7F7
:10543000EDF9024604F5B8500B46103007F024F899
:105440002068224664490DF0C4FC20680DF0AEFCD3
:105450000028034680F2BF806048026812F0060F01
:1054600000F0B980BDE8704002215D4A0BF023BD19
:1054700040F63542B9E702465A49D0F8800D0DF0A2
:10548000A8FCD4F8800DE1E702465749D0F8840D16
:105490000DF09FFCD4F8840DD8E700F5B850002338
:1054A00041F66A02103006F0EFFFD5F80C375B6862
:1054B00093F837302BBB04F5B0530F3304F5B356D4
:1054C0000C3640213046494A09F06AFD04F5B155D1
:1054D0003F2805F1100516D828460DF027F931466A
:1054E00028460DF027F90122284641490DF033F9ED
:1054F000012204F5B2502946BDE8704010300DF08D
:1055000037B93C4BDAE70022F3E7D0F8801D04F509
:105510009650F3F7ABFB002267E7D0F8841DF6E75F
:10552000D0F8801D00F59650F3F7A0FB04F5B850B5
:105530004FF224420023103006F0A6FF204611F05F
:10554000A1F8002847D02046BDE87040092111F09D
:1055500008B9D5F8EC060DF06BFD0FF0F8F84FF236
:10556000244242E7D5F8EC060DF062FDBDE870403C
:105570000FF0DAB800F5A860F4F732FEEFE7D5F8DF
:105580000C3700F596555E68D0F8881D2846F3F76D
:105590006DFB736828465969F3F77EFB58E7D5F829
:1055A0000C3700255E680121C0F8885D06F108000F
:1055B000FFF740FE736829461E8C40F2E7304FF437
:1055C0007A72002347F6122506E7D5F80C375B6898
:1055D0005B68DD8CF8E670BDC1670B0038210220E6
:1055E000AD540C00D5670B00E1670B0096540C001E
:1055F00074D30B0075EC0B0070B500F5805595F871
:10560000083704460E46132B25D8DFE803F00A2A94
:105610003973242424243F442424244739395A69E3
:105620006E73D5F80C375D680023002200F5BA5080
:1056300006F006FA2B693BB195F8313023B1002111
:1056400005F11000FFF7F6FDAB6923B1012105F16B
:105650001800FFF7EFFD31462046BDE87040FFF728
:1056600049BED5F80C3700215D6805F11000FFF741
:10567000E1FDAB6923B1012105F11800FFF7DAFD67
:1056800004F5B850103006F075FFE4E7D0F8800D4F
:105690000DF0EEFBDFE7D0F8840DF9E7D0F8801DC0
:1056A00000F59650F3F7E2FA031ED4DA15480268C3
:1056B00012F0060F24D0BDE870400221124A0BF010
:1056C000FABBD5F8EC060DF0B3FC0FF01AF804F5B0
:1056D00096500CF0C1FFD5F8EC060DF0ABFCBAE724
:1056E000D5F80C0711F088F8F1E700F596500CF0AA
:1056F000B3FFB0E7D5F80C37002158680830BDE794
:1057000070BD00BF38210220CD540C002DE9F04FB0
:105710000646A0F5BA5A0AF5BA5787B0AAF1180496
:105720001837002200233846CDE900230DF1170178
:10573000012208F089FB012802D007B0BDE8F08FF4
:1057400016F8502C9DF81730A6F58055142AE8D885
:10575000DFE812F015004900610079008800B6000A
:1057600014018D01E201F1011C022B028E02DF0205
:105770007F03F603B504F40430054A05530533B13D
:10578000012BCED104F5BA5006F0F0F8C9E7D5F8F0
:10579000B43F5B6893F830201AB95A6892F8281021
:1057A00021B104212046FFF727FFBAE7196939B173
:1057B00093F8321021B101212046FFF71DFFB0E719
:1057C0009B6823B103212046FFF716FFA9E7136862
:1057D00023B105212046FFF70FFFA2E7062120464F
:1057E000FFF70AFF9DE7012B10D0082B99D156F83F
:1057F0004C3C5B689B6823B102212046FFF7FCFE0E
:105800008FE704212046FFF7F7FE8AE700212046B4
:10581000FFF7F2FE85E7012B10D0082B81D156F857
:105820004C3C5B689B6823B103212046FFF7E4FEF4
:1058300077E704212046FFF7DFFE72E700212046CC
:10584000FFF7DAFE6DE7012B07D0082B7FF469AF75
:1058500004212046FFF7D0FE63E700212046FFF732
:10586000CBFE5EE70B2B19D056F84C2C55680CD8A4
:10587000012B20D0082B7FF454AF6B681B68ABB1B1
:1058800005212046FFF7B8FE4BE70E2B7FF449AF0A
:1058900004F5B850103006F06DFEEEE7A5F5EB65A7
:1058A000296804F59650F3F7E1F93AE70621204616
:1058B000FFF7A2FE35E700212046FFF79DFE30E707
:1058C000013BD5F8B40F0B2B3FF62BAF01A252F8DA
:1058D00023F000BF73590A0029590A0029590A0008
:1058E00023570A0023570A0023570A0023570A00A8
:1058F00069590A0023570A0023570A0005590A006C
:1059000057590A0004F59653A5F5EB6529681D461D
:10591000D0F804B01846F3F7A9F9DBF804302846AC
:105920001968F3F7B9F9FCE604F5B850002342F220
:105930009F42103006F0A8FDA5F5EB6504F59650E2
:105940000CF08AFE28682246C6490DF042FA286803
:105950000DF092FAE5E64FF4E131FFF795FCA5F57D
:10596000EB65C5F83805DCE606212046FFF744FE66
:10597000D7E600212046FFF73FFED2E6D5F8B42F48
:10598000013BD2F804B00B2B3FF6CBAE01A252F88C
:1059900023F000BF375A0A00E5590A00415A0A00AD
:1059A00023570A0023570A0023570A0023570A00E7
:1059B00023570A0023570A0023570A00C5590A0033
:1059C0002D5A0A0004F59653A5F5EB6529681D4686
:1059D0001846F3F74BF9DBF8043028465968F3F71B
:1059E0005BF99EE6D5F8940F0DF022FB0023082208
:1059F000A6F242210EF0F6FC034640B19A48026836
:105A000012F0060F03D00221984A0BF054FA04F565
:105A10009650A5F5EB650CF01FFE286822469149CB
:105A20000DF0D7F928680DF027FA7AE6072120460D
:105A3000FFF7E2FD75E600212046FFF7DDFD70E689
:105A4000DBF810303BB19BF8333023B10121204605
:105A5000FFF7D2FD65E6DBF8081021B103212046EF
:105A6000FFF7CAFD5DE62046FFF7C6FD59E6013B9C
:105A70000A2B3FF656AE01A252F823F00F5B0A0044
:105A800023570A0023570A00D95A0A0023570A004D
:105A900023570A0023570A00A95A0A0023570A006D
:105AA00023570A00BF5A0A00A5F5EB65286822466D
:105AB0006C490DF08EF928680DF078F931E60AF599
:105AC000A563A5F5EB6529681D461846F4F7F6FAB7
:105AD0002846F4F73BFB24E600254FF0D80856F89B
:105AE0004C3CD3F804B09BF84430E9B28B4204D864
:105AF00008212046FFF780FD13E6DBF84030013532
:105B000008FB0133D3F8D000F4F7E0FCEBE71121F8
:105B10002046FFF771FD04E6012B07D0062B7FF42A
:105B200000AE09212046FFF767FDFAE51121204666
:105B3000FFF762FDF5E5012B23D0072B7FF4F1ADD4
:105B400056F84C2CD5F82C165068C5F8301690F83D
:105B50003610A6F5EB6319B1204610F0C2FEE0E561
:105B6000526892F8372012B993F80F3623B10B21FF
:105B70002046FFF741FDD4E50A212046FFF73CFD12
:105B8000CFE511212046FFF737FDCAE5012B07D0ED
:105B90000F2B7FF4C6AD0B212046FFF72DFDC0E58E
:105BA00011212046FFF728FDBBE5082B1AD8002B52
:105BB0003FF4B7AD013B072B3FF6B3AD01A252F85E
:105BC00023F000BF595C0A00155C0A00235C0A0040
:105BD00023570A0023570A0023570A0023570A00B5
:105BE000F75B0A00102B7FF49CADA5F5EB652868E8
:105BF0000DF0DCF895E504F59653D5F828161D460A
:105C00001846F3F733F804F5B25128461031F3F78C
:105C100043F886E50023204685F8B03D10F061FE8C
:105C20007FE5A6F5EB6292F808350133DBB2022B73
:105C300082F8083508D804F5B8504FF22442002302
:105C4000103006F021FC6CE500230121204682F88B
:105C5000083510F086FD64E511212046FFF7CCFCE5
:105C60005FE500BFC1670B0038210220EE540C0035
:105C7000082B19D8002B3FF454AD013B072B3FF6FE
:105C800050AD01A252F823F0095D0A00F95C0A0048
:105C9000C35C0A0023570A0023570A0023570A004F
:105CA00023570A00AF5C0A00102B9ED039E5D5F8C7
:105CB000B43F04F596505B685B689968F2F7ECFFB7
:105CC0002FE5A6F5EB6292F808350133DBB2022B23
:105CD00082F8083508D804F5B8504FF22442002362
:105CE000103006F0D1FB1CE500230121204682F88C
:105CF000083510F036FD14E500230E21204685F806
:105D0000B03DFFF779FC0CE511212046FFF774FC4C
:105D100007E5D5F8B42F013BD2F804B00F2B3FF6BE
:105D200000AD01A252F823F0215E0A00AF5D0A0027
:105D3000795D0A0023570A0023570A0023570A00F7
:105D400023570A00695D0A002B5E0A0023570A00E8
:105D500023570A0023570A0023570A0023570A0033
:105D600023570A00EB5B0A00DBF8043004F5965079
:105D7000D968F2F791FFD4E4A6F5EB6292F8083502
:105D80000133DBB2022B82F8083508D804F5B8508D
:105D90004FF224420023103006F076FBC1E40023CA
:105DA0000121204682F8083510F0DBFCB9E400221E
:105DB000A6F5EB63984604F5965983F808254846FE
:105DC0000CF04AFCD5F828164846F2F74FFFD8F8F1
:105DD000EC060DF02DF90EF081FCD5F82C16D8F854
:105DE000EC06F4F765FE00280CDAD14803685A0780
:105DF00003D00121CF4A0BF055F80121204610F0C5
:105E0000B0FC8EE4DBF804309B6823B10F21204600
:105E1000FFF7F2FB85E40E212046FFF7EDFB80E45F
:105E200011212046FFF7E8FB7BE404F59655284650
:105E30000CF0F2FB00287FF474AC04F5B85010307D
:105E400006F098FBDBF804302846D968F2F724FF07
:105E500067E4D5F8B42F013B52680F2B3FF661ACD5
:105E600001A151F823F000BF295F0A00A95E0A00D2
:105E7000C15E0A0023570A0023570A0023570A006D
:105E800023570A00FF5E0A000D5F0A0023570A002D
:105E900023570A0023570A0023570A0023570A00F2
:105EA00023570A00EB5B0A00002304F5B85085F87D
:105EB000B03D4FF224420023103006F0E5FA30E402
:105EC000A6F5EB6292F808350133DBB2022B82F8BB
:105ED000083508D804F5B8504FF22442002310309A
:105EE00006F0D2FA1DE400252046294682F808551E
:105EF000FFF782FB2946204610F033FC11E453687B
:105F000004F596501969F2F7C7FE0AE453689B68D6
:105F100023B10D212046FFF76FFB02E40F2120463D
:105F2000FFF76AFBFFF7FDBBD5F8940F0DF080F883
:105F30000EF0E7FB11212046FFF75EFBFFF7F1BBF8
:105F4000013B0F2B3FF6EDAB01A252F823F000BF4F
:105F500089600A00915F0A00BB5F0A0023570A00AC
:105F600023570A0023570A0023570A0029600A0012
:105F700023570A003F600A0023570A0023570A00EC
:105F80004B600A0023570A0023570A00B1600A0039
:105F9000002304F5B85085F8B03D4FF224420023A9
:105FA000103006F071FA01230421204605AA8DF86D
:105FB000143010F054FBFFF7B4BBA6F5EB6292F877
:105FC00008350133DBB2022B82F8083511D804F50D
:105FD000B8504FF224420023103006F055FA002347
:105FE0000421204605AA8DF8143010F038FBFFF785
:105FF00098BB0025D2F8EC0682F808550DF018F889
:106000000EF07FFB29462046FFF7F6FA2046294688
:1060100010F0A7FB4648036813F0060FDFD00221FB
:10602000454A0AF03FFFDAE7D5F8B43F04F5965049
:106030005B685B681969F2F72FFEFFF772BB1021EE
:106040002046FFF7D9FAFFF76CBBD5F8940F0CF098
:10605000EFFF00283FF465AB0368002B3FF461AB12
:106060000C33D3E8AF3FDB077FF55BAB2046102155
:10607000FFF7C2FA04F5B8504FF224420023103063
:1060800006F002FAFFF74DBBD5F8940F0CF0D0FFE5
:106090000EF037FB04F596500CF0DEFAD5F8940FAD
:1060A0000CF0C8FF11212046FFF7A6FAFFF739BB15
:1060B000A5F5EB6528680CF079FEFFF732BB56F8C2
:1060C0004C1C0D2BA5F5EB624D6814D0102B0FD096
:1060D000082B7FF426AB6B689B681BB3204610F03F
:1060E000D1FAF8B90E212046FFF786FAFFF719BB5F
:1060F00010680CF05BFE47F6122C40F2E7300021EE
:106100006B684FF47A725D8C0023E5FB0C01E8F7B5
:106110007DFB024604F5B8500B46103006F0B4F98A
:10612000FFF7FFBA0D212046FFF766FAFFF7F9BA2D
:10613000382102201F550C003D550C0056F84C2C00
:10614000052B5268A5F5EB650ED0082B7FF4E9AA64
:1061500053685B694BB3D5F8883D33B312212046B1
:10616000FFF74AFAFFF7DDBA04F5B85B0BF1100B45
:106170005846039206F0FEF947F6122C40F2E7303B
:1061800000212B68039AC5F8883D53684FF47A7252
:106190005D8C0023E5FB0C01E8F738FB02460B465B
:1061A000584606F071F9FFF7BCBA204610F0A6FB7E
:1061B000FFF7B7BA022B0AD0032B7FF4B2AA002351
:1061C0002046C5F8303610F099FBFFF7AABAA5F5BE
:1061D000EB6528680CF050FE00212046C5F8881DAC
:1061E000FFF70AFAFFF79DBA082B7FF49AAA142149
:1061F0002046FFF701FAFFF794BA082B7FF491AA23
:1062000000212046FFF7F8F9FFF78BBA022AF7B50D
:106210000E461D4621D988680378222B1ED012F025
:106220004CF837681549C4B23846E8F709FB05F55C
:106230008056A8B986F80945284610F023FAD0B14F
:106240000921284610F08DFA0221284601AA8DF86E
:10625000044010F004FA03B0F0BDFCD17068DEE732
:1062600038460749E8F7ECFA10B986F80A45E3E73B
:1062700086F80B45E0E70A21E3E700BF84530C00F2
:1062800095530C00F8B50F68144938461D46E8F7D9
:10629000D7FA08BB3846124912F08EF80446B0B956
:1062A0003846104912F088F8064628B938460E4993
:1062B00012F082F880B13446284610F0E3F940B17C
:1062C00054B90A212846BDE8F84010F04ABA012422
:1062D000F2E70CB10921F5E7F8BD00BF9E530C00B1
:1062E0006F550C0074550C007B550C002DE9F04FD8
:1062F0000469456804F580588DB0C8F80C076B68D0
:1063000007465A6852B965494FF40E6264480AF06C
:1063100002FB4FF40E6161480AF0F4FADB6843B9FE
:106320005E4940F6E1025E480AF0F5FA40F6E10106
:10633000F1E704F5BD50083011F05BFD04F5B850ED
:106340005849103005F0CCFF04F5BA5056491830C2
:1063500005F004FE082204F5BB5104F5BB501144BE
:10636000103007F04FFC0122002104F5BA5011F063
:1063700075FDAB692BB14FF4B01105F11800FEF7B4
:10638000CDFEAB682BB14FF4B01105F10800FEF75C
:10639000C5FE2B695BB195F8313005F11000002B7B
:1063A0000CBF4FF4B0114FF4D011FEF7B7FE2B6ABB
:1063B000002B00F087804FF4803105F12000FEF7BC
:1063C000ADFE061E0CDA39480368590704D033467F
:1063D000374A01210AF06FFD30460DB0BDE8F08F5D
:1063E0004FF0010995F82430324A09FA03F3C8F84E
:1063F000CC27C8F8D037286A04F5BE518368083125
:10640000DB6953B14A469847061E09DA27480368F4
:106410005A07E1D0284A3346DBE76FF05706F5E725
:10642000EB8C286A95F8241003F040038268D0F8BA
:1064300004E09669D0F810C06EB3DEF800E009FA07
:1064400001F212EA0E0F09D11C49154840F2A5329B
:106450000AF061FA40F2A53118485DE7DCF800C0A7
:1064600012EA0C0F0CBF43F0B86383F0707323F093
:10647000794323F47F0323F47F434FF0A07223F08A
:10648000BF03B047061E1DDA084803685B07A3D0A8
:106490000B4A33469DE76FF05706F5E781550C0030
:1064A0002FD90B00ED670B000D570A003821022091
:1064B000B3550C00B3670B00D6550C009E0A0C00B8
:1064C000FC550C00AE6A36B105F128064FF4B01148
:1064D0003046FEF723FE2B6804F54972CDE90036FD
:1064E00004F5887302934FF40573694604F10800BC
:1064F000CDE9042303934FF00009F4F731FB40F298
:106500009926614B2060C4F8889DCDE9003404F5DC
:10651000D963029304F66113ADF80C600493ADF8EF
:106520001460AB8E04F5A86A69465046ADF8163083
:10653000D5E90E23CDE90623F3F790FC01236A4643
:106540008DF8003004F5406104F68C5350460193F9
:10655000ADF80860F3F72EFD0223C4F8800D8DF826
:10656000003004F5815305336A46504604F54C610A
:106570000193ADF80860F3F71DFD4FF0D80BC4F898
:10658000840D95F844305FFA89F6B3425FD804F57C
:10659000A053019380230094ADF80830D8F880040C
:1065A0000390E8F75FF98DF81000D8F8840405909F
:1065B00010B1E8F757F9C0B204F5A45308330793B4
:1065C00020238DF81800ADF820306B6869469B6970
:1065D00004F5965009936B689B8BADF82830F2F761
:1065E00071FA0820294B2A49C8F8F43608F5DE6309
:1065F000C3E9040104F5B7501030FAF74BFC04F579
:10660000B0501F2223490F3011F0A1FE002304F5E2
:10661000B254103488F82E362046F2F781FB20461B
:106620001D490CF0A3F8012220461C490CF0ABF8E0
:10663000204601210CF0B4F8204619490CF0AEF8C0
:10664000384618490DB0BDE8F04F0AF0C5BC2B6CB8
:106650006A460BFB063696F8C03031468DF800309E
:10666000D6F8C43050460193B6F8C83009F1010994
:10667000ADF80830F3F79EFC0146C6F8CC00D6F81A
:10668000D0000CF042FC7CE79F670B00E1510A0050
:106690000000B0D029560C0032560C0038D30B0045
:1066A00091670B00FD510A0008B503685F2B4FEAA4
:1066B000531107D80B4A03F01F0352F82120DA4088
:1066C000D2070AD4084909484FF482620AF023F934
:1066D0004FF4826104480AF015F90360044B53F843
:1066E000210008BD94D30B004C500C002FD90B0097
:1066F00088D30B002DE9F04F1646804640F2FF1A72
:10670000504F85B000EB8109C14503D1002005B091
:10671000BDE8F08FD8F80020C2F3C323082BC2F3E2
:10672000080400F28C804849544508BF4FF0FF34FC
:10673000B2F1506FCD5C4FEA12630AD20C2B0CD829
:10674000DFE803F00E1E5C592254590B0B0B0B5F54
:106750006900382B62D04E2B50D06FF08500D6E701
:10676000C6F80446611C3ED003A80394FFF79CFFC3
:106770000122039B934602FA03F34360134612E09F
:10678000C6F80C46002342E04FF0000BC6F8004666
:10679000601C28D003A80394FFF786FF0123039908
:1067A00003FA01F18160D8F8001003A80A0444BF7D
:1067B00000234FF0010BCDE900130394FFF774FFA2
:1067C000039C009900EB8400D0F88040019BC1F34A
:1067D00041212D0245EA81052B433C40234343EAF6
:1067E0004B03C0F8803008F104088DE74FF0010B2F
:1067F000C6F80446CCE7C6F80846C3E7C6F8104614
:10680000B0E7C6F80046002DBCD100230825621C65
:10681000E9D09B46C7E7C6F80446F4E703A803940B
:10682000FFF742FF039B00EB8300D0F8803023F09A
:10683000E04343F08043C0F880300123E7E76FF086
:10684000150064E7F0F0FCFFA4610C00034610B5EE
:106850000A4619790123006803FA01F143680469C3
:106860001B6819420AD10C490C4840F2A2620AF096
:1068700052F840F2A26108480AF044F8236819422D
:1068800018BF82F0010222B18368DB68BDE81040C6
:10689000184783681B69F9E79E0A0C002FD90B0083
:1068A00003460A462DE9F0411979DB880068134355
:1068B00003F03002302A0669D0E901470AD11C49A9
:1068C00040F2F7321B480AF026F840F2F731184838
:1068D0000AF018F803F00602042A08D1144940F21D
:1068E000FE3214480AF017F840F2FE31EFE70125B6
:1068F000114A24689A4305FA01F508BF83F440233E
:10690000254223F4801208D1094940F21142094876
:106910000AF001F840F21141D9E73468DB074CBFB7
:106920002C43AC4334603B68BDE8F041184700BFDE
:106930009E0A0C002FD90B0001001000F0B583B0A7
:1069400045680446066900AF286811F0BEF90346A1
:10695000E0B919480268520713D02A686C4688B01B
:1069600011686A46154DCDE905514FF40071ADF837
:106970001C10134942F8101F4FF4E251ECF7C4FB0E
:10698000A5466FF012000C37BD46F0BDEA683846E8
:106990001F322CBF01230023520942EAC3620023A5
:1069A00011F084FBD7E900232046C6E900230549FE
:1069B0000AF012FBE7E700BF9C210220AD560C0055
:1069C00003000001C9690A002DE9F04184B00023E9
:1069D00000AF04468846C7E902034668056906F029
:1069E0007BFD68B9474803685B0703D00121464A2D
:1069F0000AF058FA6FF085001037BD46BDE8F08107
:106A0000B8F1030FF6D8DFE808F03E027B75384690
:106A1000D5E9002311F06FFBD7E9000106F064FE11
:106A200030460121FFF712FF3648036803F00703E1
:106A3000022B13D96D4688B023686A463349CDE9E5
:106A400005134FF40073ADF81C30314B42F8103F82
:106A500000234FF4E651ECF757FBAD46B0681F300A
:106A60002CBF01210021400940EAC160490906F01C
:106A70003BFE03232046274907F108023B7311F030
:106A800047F90020B8E70223224907F1080220460F
:106A90003B7311F03DF930460021FFF7D7FE19484E
:106AA000036803F00703022B13D923686C4688B0F0
:106AB0006A461949CDE905134FF40073ADF81C304F
:106AC000134B42F8103F00234FF4E651ECF71CFB48
:106AD000A546F26838461F322CBF01230023520915
:106AE00042EAC362002311F0E1FAD7E90023C5E9C5
:106AF0000023C6E74FF4B0113046FFF7D1FEC0E7E0
:106B00000021F9E79C210220C7560C00F3560C0027
:106B1000030000014D690B0000570C00F8B50C464E
:106B2000002601254768786830B90136052E07F13F
:106B30000807F8D10020F8BD4268397A126805FAD2
:106B400001F144FA06F31142D0F810C003F001033A
:106B50000AD10D490D4840F2A26209F0DCFE40F274
:106B6000A261094809F0CEFEDCF80020114218BFEE
:106B700083F001032BB18368DB6898470028D4D0E9
:106B8000D9E783681B69F8E79E0A0C002FD90B0030
:106B900017289FBF054B584300F5742000F510706F
:106BA0009ABF086000206FF015007047A0860100B2
:106BB00010B5134CA1421DDD124B98421ADCA042C5
:106BC00004DC00236FF02100138010BD994201DD29
:106BD0001723F7E76FF43A63A0F55B2018440A4BDC
:106BE000B0FBF3F01080584300F5742000F51070EE
:106BF000884202D96FF01500E7E70020E5E700BF03
:106C00003F420F00A05A3200A0860100F7B5284E7F
:106C10000C46737831780546194317460BD07378C4
:106C2000022F327803F00F030FD0032F2CD06FF018
:106C3000850003B0F0BD0223009326223346806A0C
:106C40000FF083FC0028EADAF3E795F82C1001290D
:106C50000FD1012A01D80CD15BB10123A340DBB2D3
:106C6000009308220221A86A0FF0C4FC00280FDA62
:106C7000DFE7012304F108020821A86AD2B203B0B9
:106C8000BDE8F0400FF084BC95F82C10012903D02A
:106C9000002304F10802EFE7012A02D8F8D1002B03
:106CA000F6D00123A340DBB200930023D9E700BF55
:106CB000CE7902202DE9F0410126446804F128052F
:106CC000606828B90834AC42FAD10020BDE8F081F0
:106CD00010F0FBFF002845D067896068217A47F4EF
:106CE000003207F0300CBCF1300FD0F810E0D0E9E2
:106CF00001380AD11D4940F2F7321D4809F00BFE58
:106D000040F2F731194809F0FDFD07F0060CBCF11F
:106D1000040F08D1154940F2FE32154809F0FBFD79
:106D200040F2FE31EEE71B6806FA01FC1CEA030F95
:106D300008D10E4940F211420D4809F0ECFD40F235
:106D40001141DFE7DEF80030FF074CBF4CEA0303D8
:106D500023EA0C03CEF80030D8F80030984700281A
:106D6000B0D0B3E76FF01200B0E700BF9E0A0C008E
:106D70002FD90B000122014B1A60704700700D40A3
:106D80000C2903690BD1DB6A064907484B4393FB87
:106D9000F0F100FB113311600020536070476FF079
:106DA0008500704790D0030040420F000022044B42
:106DB0000069C3F80021D3F8003104F0D7BD00BF4B
:106DC00000700D407FB505692B6B002B40D021F082
:106DD00040010C293FD105F118064FF0FF324FF06A
:106DE000FF33304604F026FB1C4B002401930323A1
:106DF0006946286B03940293EBF7A6FBA04208DADE
:106E000017493D22174809F086FD3D21144809F035
:106E100079FD4FF0FF324FF0FF33284604F010FEAB
:106E2000286BEBF711FC002806DA0D4942220D48C9
:106E300009F071FD4221E9E70B4BD3F80825EA621E
:106E400001225A60304604F0A3FB204604B070BD16
:106E50006FF00A00FAE76FF08500F7E7756D0A003A
:106E600072570C002FD90B0000700D4010B504694B
:106E70000020FDF76BF8206340B9104910487722D5
:106E800009F049FD77210D4809F03CFD4FF0FF3234
:106E90000021204610F0E2FF04F1180010F0A9FFD5
:106EA00000220121D720F0F7FBFBD720F0F7C8FB29
:106EB0000122044B0020C3F8042310BD72570C00BC
:106EC0002FD90B0000700D4037B5472915461C46D9
:106ED000406806D04F292ED02C2912D06FF08500A3
:106EE0000DE00A2AFAD10422032100680DF10703FC
:106EF0000FF047FB18B99DF80730C4E9003003B024
:106F000030BD022AEAD10522294600680DF10703A7
:106F10000FF037FB0028F2DB9DF807301BB9236028
:106F200063600020EBE713F00A0318BF01231B4A3C
:106F3000C4E90032F5E70722022100680DF10703DA
:106F40000FF01FFB0028DADBEDB2133D052DC5D88D
:106F5000DFE805F0030A0F14191E9DF8072002F060
:106F6000010200232260DBE79DF80720C2F3400204
:106F7000F7E79DF80720C2F38002F2E79DF80720AB
:106F8000C2F3C002EDE79DF80720C2F30012E8E764
:106F90009DF80720C2F34012E3E700BF20A10700DD
:106FA00037B50A2A44681D6830D12C2915D04729E5
:106FB0002CD10123206835B90522032103B0BDE897
:106FC00030400FF0E5BA002203210FF0E1FAF8B9E2
:106FD0000123042203212068F0E75A680D4B0E4874
:106FE00003FB05220DF10603114610F05EF810F1C7
:106FF000160F0DD0012202219DF8063020680FF0F7
:10700000C7FA28B9012302460221E4E76FF08500A0
:1070100003B030BD40420F0064D50B002DE9F04FA6
:10702000446887B0206810F050FE002800F04E81C0
:107030000A22052194F8663020680FF0A9FA00288A
:1070400040F0888010254FF07E5BDFF888A204F1C5
:1070500044076FF0004357F8040F98423DD0E7F71C
:107060002FF99D49E7F734FA5146E7F775F80146DD
:107070005846E7F72DFA9949E7F76CF88046B4F8D7
:107080006400E7F719F901464046E7F76DF9E6F7BE
:10709000BDFC266EE7F744FF804689463046E6F79A
:1070A00093FC42464B46E6F709FDE6F7DFFF830215
:1070B0000644B3FBF6F6C6F38D0320688DF8143052
:1070C000022306F0030600932A46032105AB8DF840
:1070D00015600FF074FA00283CD10235EDB2182D7E
:1070E000B7D16FF0004704F1540656F8043FBB4295
:1070F00022D041F28832C3F5C02303F2AE535A4383
:107100004CBF77497749784B4BBF8918891891FB59
:10711000F3F3B1FBF3F3C3F38D0203F00303206831
:107120008DF8153002238DF8142000932A46032190
:1071300005AB0FF044FA68B91A2D0ED1626804F15C
:107140000C051146284605AB10F056F8163006D14E
:107150006FF0150007B0BDE8F08F1A25C5E70C22C7
:1071600003219DF8143020680FF012FA0028F1D1A5
:10717000A2682846114605AB10F03EF81630E7D05D
:107180000D2203219DF8143020680FF001FA002829
:10719000E0D1626AE16A05AB511A013104F12800BD
:1071A0000FF083FF1630D3D094F840102068FF29E9
:1071B000BDF814209DF8143057D1082203210FF098
:1071C000E7F90028C6D1626C4848114605AB0FF0BC
:1071D0006CFF1630BCD002229DF814301146206896
:1071E0000FF0D6F90028B5D10E22032194F86730AC
:1071F00020680FF0CDF90028ACD10F22032194F8BC
:10720000683020680FF0C4F90028A3D1012324229C
:10721000052120680FF0BCF900289BD101230C2226
:10722000052120680FF0B4F9002893D194F86A3052
:10723000002B3FD194F8662094F86B30002A42D09E
:107240000622032120680FF0A3F9002882D194F8C8
:107250006930002B3FF47EAF012304220321206814
:1072600007B0BDE8F04F0FF093B90225520803F0C4
:1072700001038DF80C208DF80D30082203210095B4
:1072800003AB0FF09CF900287FF464AF94F8402022
:10729000174B206833F8123003215A0803F001031A
:1072A0008DF810208DF811300A22009504AB0FF0F4
:1072B00086F986E701235022032120680FF068F940
:1072C0000028B7D046E743F00203B9E76FF0120099
:1072D00040E700BF3393884300007A440FCF5B3B05
:1072E000C4C3E1FF3C3C1E0078783C0064D50B0031
:1072F000D4D80B0070B53A2914464568036917D8ED
:10730000352905D80C2900F0D9806FF085003DE0C3
:1073100036390429F9D801A252F821F069730A001C
:107320001B740A000B730A00B9740A008F730A00F9
:1073300047398AB2082AE8D80829E6D801A252F8C3
:1073400021F000BFB5740A000B730A000B730A002A
:107350000B730A000B730A000B730A00A7740A0070
:10736000B1740A00E7740A00188841F28833584360
:107370004FF47A7200230021800AE7F7F7F94FF4FF
:107380007A7312FB03F220606260002070BD95F8F2
:107390006620002AB9D09888E6F78EFF01464FF0A4
:1073A0008940E7F795F84FF07E51E6F7D3FEE7F70F
:1073B00037FF0646B5F86400E6F77EFF0146304623
:1073C000E7F786F801464948E6F7C4FE01464FF064
:1073D0007E50E7F77DF84649E6F7BCFE4FF04F4197
:1073E0000546E7F75FF90028CFD14FF09E412846C8
:1073F000E7F76CF90028C8D12846E7F791F9206033
:10740000E6F75EFF01462846E6F7A4FE3949E6F7AF
:10741000ABFFE7F785F96060B7E75A889B7A0D2BD9
:1074200013D80B2B13D8042B16D0B2F5806F1DD2B6
:10743000002040F2FF33504390FBF3F000232E4A2C
:10744000C117E7F793F920609EE70F2BEDD17D235D
:10745000686A5843642304E0EB6B58426B6B5843F3
:10746000AB6BB2F5806F90FBF3F008D32349F522A4
:10747000234809F050FAF521204809F043FA1E4B41
:10748000984206DD1D49F6221D4809F044FAF6210E
:10749000F2E71C4B9842CCDC1849F722184809F057
:1074A0003AFAF721E8E71B7A2360002363606CE770
:1074B0005B7AF9E7686AC1E7E86BBFE7D888124BE7
:1074C0004FF47A725843114B90FBF3F000F5C02053
:1074D00000F2AE500023C117E7F748F94FF47A7372
:1074E00020605A4350E7DB7ADEE700BF0FCF5B3BFB
:1074F000339388430024744940420F00C6570C0060
:107500002FD90B00FFE8EEFF78783C0078ECFFFF06
:1075100008B500230B70C3730368827B1B7A0132AA
:10752000013B1340837300F10803D3E8EF1F0131DF
:10753000C3E8E21F002AF8D1036882681B7A9A42E6
:1075400008DD05490548432209F0E5F943210248D1
:1075500009F0D8F908BD00BF21580C002FD90B0045
:1075600010B511F8013C9C1804F07F0464F3060385
:1075700001F8013C037B9C4208DD0949094832229D
:1075800009F0C9F93221064809F0BCF90430D0E805
:10759000EF3F1344C0E8E13F0029F8D110BD00BF20
:1075A00021580C002FD90B00F8B50F460368857BD6
:1075B0001E68037B044603FB0555C37B71193B44DE
:1075C000DBB2C3737257002A06DA725D02F07F02E3
:1075D0009A4201D1FFF79CFF231DD3E8EF1FC91B7F
:1075E000C3E8E21F002AF8D1735DE27B03F07F035A
:1075F0009A4208D907490848782209F08CF978217D
:10760000044809F07FF9A0680028D4BF00200120B9
:10761000F8BD00BF21580C002FD90B0038B50C7AEB
:1076200044B915498C22154809F075F98C21124886
:1076300009F068F94B68B3FBF4F3FF2B06D90E4948
:107640008D220E4809F067F98D21F0E700240160D2
:10765000C460446084600D7A4B68B3FBF5F3013B72
:10766000DBB203731B0603D40FF02CFE204638BD9B
:107670006FF01500FBE700BF21580C002FD90B005D
:1076800030B587B0036904461422002101A89D6823
:1076900010F00BFE05238DF80430002385F86330CD
:1076A0006368074A1B682046C3F8082301A90FF046
:1076B0002EFE002200232046ECF7EEFA07B030BD84
:1076C00030021800F0B54B79012B75D0032B40F038
:1076D000B8804FF0100CCE7916B1012E40F0B18079
:1076E0000A79012A6BD0022A6DD0002A40F0A980C5
:1076F00015460B68B3F5967F67D0B3F5167F67D054
:10770000B3F5966F67D0B3F5166F67D0B3F5965F94
:1077100067D0B3F5165F66D0B3F5615F65D0B3F59A
:10772000964F64D0B3F5E14F63D047F61224A342DD
:1077300061D0B3F5164F61D04DF6C024A34260D09E
:10774000B3F5614F60D0B3F5963F60D0B3F5E13F3C
:107750005FD0B3F5613F5FD03B4CA3425FD0B3F540
:10776000E12F5FD0B3F5612F5FD0384CA34268D1D1
:107770004FF08053476804693F68C7F824358B7918
:10778000032B55D0002B56D0012B57D0022B14BF02
:107790004FF490534FF46063406833432B4342EA05
:1077A0000C020068134343F48043C0F86C3503C9EE
:1077B00084E803000020F0BD4FF0000C8BE74FF48D
:1077C00080750E2295E70025FBE74FF4A033D1E743
:1077D0004FF41C33CEE74FF49E23CBE74FF41D2329
:1077E000C8E71B4BC6E71B4BC4E71B4BC2E71B4B51
:1077F000C0E71B4BBEE74FF40003BBE74FF41D038C
:10780000B8E74FF46503B5E74FF46B03B2E7154BE8
:10781000B0E74FF0EB73ADE74FF06C73AAE74FF0B2
:107820008063A7E74FF0E863A4E74FF07063A1E738
:107830004FF48053B0E74FF42063ADE74FF440635B
:10784000AAE76FF08500B6E790D0030040420F0032
:1078500000B013000050270000F03A0000A04E00D6
:1078600000C0750000903A012DE9F74FD0F804B040
:107870001F46D0F810909BF808308246884616467E
:10788000D9F80840DBF8005053B14F494F4840F257
:10789000067209F040F840F206714B4809F032F8E0
:1078A00094F86330002B40F08C8094F8642002F050
:1078B000FF03002A40F085807A1C66D0D9F80010BA
:1078C0004FEAE77CA1FB070E0023414A01FB0CE1D4
:1078D000E6F79CFF40F2FF33984228BF1846C5F8F0
:1078E0007805D5F8003243F00053C5F8003227EA96
:1078F000E773DA171F3342F100025B0943EAC26300
:107900005209C4E9163200235046C4E91086C4E97E
:1079100012332365EBF7B0FF94F86120002A44D0BE
:10792000B24228BF324692464046DBF8181010F0AB
:1079300096FCB6EB0A064FF00003D04427D194F82A
:10794000612009F11009A2EB0A02D2B284F8612089
:10795000DBF8180000EB0A0110F08EFCD9E8EF3FCD
:1079600043F00403C9E8E23F002AF7D10122C5F33E
:107970004343C5F3043502FA05F5164A403342F88D
:107980002350002003B0BDE8F08F1A46B9E7013755
:107990000BD0C5F81031D5F81031D4E91623CDE954
:1079A000002304F1080006F083FF0B4BC5F80487A1
:1079B000C5F80867C5F80433012384F86330AB6267
:1079C000DFE76FF00F00DDE753580C002FD90B00F5
:1079D00040420F0000E100E02002180070B50446AC
:1079E00043680121D8680FF058FD20462169FFF750
:1079F00069FE0546002831D12669B06878B12A466B
:107A00001849083010F098FBB368DC63B0682A4668
:107A10001549683010F090FBB368C3F89C4061686A
:107A20000B68D3F8002242F48022C3F80022082217
:107A3000C3F80025CA690121C3F83C270022C3F816
:107A400040271965D3F830110029FBD0C3F8002571
:107A50002046BDE87040054909F0BEBA6FF08500C8
:107A600070BD00BFCF750B003F740B00717A0A0028
:107A7000012910B50AD143680021D8681C680FF0AD
:107A80000CFD08230020C4F8003510BD09BB0369B4
:107A900042689B6811689BB193F86300E0B9D3F822
:107AA000A430CBB9D1F8303153B90D490D4840F667
:107AB000B13208F030FF40F6B131094808F022FF3A
:107AC0000023C1F80035D0680121BDE810400FF057
:107AD000E4BC6FF08500D8E76FF00A00D5E700BF7F
:107AE00053580C002FD90B002DE9F04704460F46E0
:107AF000456810F027FAC8B93A4B1B7883F00103A8
:107B00006268D4F81080166893B12023EFF31189CE
:107B100083F31288BFF36F8F62681268D2F8302146
:107B2000DAB989F31188BFF36F8FEFE70123E7E735
:107B30004FF0200A4FF0640963681B68D3F83031B6
:107B4000002B3DD101200FF0E2FEB9F10109F3D184
:107B50000021202005F0C8FDECE7D8F8083053B12B
:107B6000D3F8A4203AB1D3F8B420002A03DAD6F827
:107B70004427C3F8B420D8F810301A0706D443F0CD
:107B800008032046C8F81030EBF776FEEB690021B9
:107B90001F706368EA691B68C3F83C270122C3F8B9
:107BA0004027C3F83011D3F830111A654FF48053D1
:107BB000C6F8043389F31188BFF36F8FBDE8F087EF
:107BC000EFF3118291468AF31288BFF36F8F6368D7
:107BD0001B68D3F83031002BCDD182F31188BFF36D
:107BE0006F8FB5E7EE7902202DE9F04F43688DB035
:107BF0001D680369D5F8047304469E6803934FF427
:107C000000723B464FF4BA7128460FF03AFC20B19F
:107C1000F36C13B9012386F862303B464FF40072CF
:107C20004FF4927128460FF02CFC814608B196F86B
:107C300062903B464FF400224FF4A67128460FF0A5
:107C400020FC3B4610224FF48871804628460FF0F6
:107C500018FC3B464FF480124FF4A871049028465C
:107C60000FF00FFC3B46824620224FF48A712846D3
:107C70000FF007FC20B3636814221B68002107A8DB
:107C8000D3F880B4059310F010FB06221BF0010F0F
:107C9000059B8DF81C2041D11BF0020F40D11BF039
:107CA000040F3FD10BF0080220468DF8202007A9D1
:107CB000C3F880B40FF02BFB002120460FF047FCE7
:107CC000049B93B1002123696268D2F800B09A68DE
:107CD00082F860109868D0E91623CDE900230830B7
:107CE00006F0E6FD1023CBF80833B8F1000F02D1FF
:107CF000BAF1000F3ED0F36C2BB3B8F1000F17D1DF
:107D0000D5F84C3183B99A499A4840F6C31208F025
:107D100002FE40F6C311964808F0F4FD0122C3E7C5
:107D20000222C1E70422BFE7C5F84C81D5F84C31E7
:107D30004A46514620460FF081FCBAF1000F19D097
:107D40004FF0000802E0BAF1000F0BD0002114221E
:107D500007A810F0AAFA0323204607A98DF81C30C3
:107D60000FF0D5FAB8F1000F04D0002220461146DA
:107D70000FF064FCB9F1000F34D0002386F86230B4
:107D80002369D3F808801033D3E8EF2F22F4803131
:107D9000C3E8E01F0028F7D1D00303D508F108009D
:107DA00006F0E2FDD8F8401029B120460FF0B6FAEF
:107DB0000023C8F8403098F86430002B75D00023B9
:107DC00088F86430636820461B68D3F8002222F0EC
:107DD0000052C3F800220022C3F81021D3F810315A
:107DE000FFF74EFCF90443D5D5F83031002B3FD0D6
:107DF00063682569D3F80080EFF31189202383F3AA
:107E00001288BFF36F8FAB68D3F8B420002AA8BFE5
:107E1000D3F8B4704FF48053B8BFD8F84477C8F89B
:107E200008332B691A0708D5002300222046EBF7F8
:107E300033FF2B6923F008032B6189F31188BFF30B
:107E40006F8FA868D0F8A03093B190F8B820002ABE
:107E50004AD0EFF31187202383F31288BFF36F8F8B
:107E6000294620460FF048FB87F31188BFF36F8F38
:107E7000039B1033D3E8EF2F22F00401C3E8E01F87
:107E80000028F7D1530770D52046716C0FF05AFACD
:107E90002046316C0FF042FA00232046C6E9103329
:107EA0000DB0BDE8F04FFFF7EBBB62681368926955
:107EB000C3F804270522C3F808270122DA61D3F8A2
:107EC0004C21002AFBD00021C3F84C11D3F84C21DF
:107ED000D3F850212AB1C3F85011D3F85021D3F868
:107EE0000C2788F861206DE7D0F8A820934210D0C5
:107EF000D0F8AC20D0F8B030BA423B4433D1C0F80F
:107F0000B03020460FF09EFA0028A2D1A868D0F821
:107F1000B070683006F028FD1422002107A810F088
:107F2000C4F9AB682046D3F8A03007A9CDE90837DB
:107F3000AB68D3F8A4309F421CBF01238DF81C30DE
:107F40004FF48053C8F808330023AA68C2F8A03061
:107F5000AA68C2F8A4300FF0DAF900220023204604
:107F6000EBF79AFE84E71F46D3E70DB0BDE8F08F2C
:107F700053580C002FD90B0070B50F48D0E90015ED
:107F8000541A63EB0506640944EAC6642026E4FB40
:107F90000615C0E9001509490020C1E900230021A8
:107FA000074BC3E9000106F04FFB01462046BDE840
:107FB000704006F0C3BA00BF304F0220184F0220B5
:107FC000284F022008B500220121E320EFF768FBCB
:107FD000174A0020D2F8183723F4403343F4003313
:107FE000C2F8183701F0B8FB002820DB0120114946
:107FF00001F062FC00281ADB01F074FB0E4B20F04C
:108000001F00C3E900010D4B0022C3E900014FF03E
:10801000FF304FF0FF310A4BC3E90001094B0A4919
:10802000187A01F083FB67220020084B1A6008BD14
:1080300000200E4000200220304F0220104F02206E
:10804000184F0220F81F0220797F0A00305D0220BD
:1080500008B501F047FB064AD2E90032C01A054BC9
:1080600061EB0201C3E90001400940EAC16008BDBB
:10807000304F0220284F022010B501F083FC012070
:10808000FBF764FFEAF7E0FA00280ADA0C490D482A
:1080900040F2072208F03FFC40F20721084808F0B0
:1080A00031FC094B094A1B684FF47A70BDE8104057
:1080B000B3FBF2F35843064B43F00103184700BFEC
:1080C000B7580C002FD90B005820022040420F0057
:1080D00020A00B00F7B5224B0146224F187A224B05
:1080E000D7E90056D3E900239E4208BF954211D13B
:1080F000B1F1806F0ED24901012938BF012101225F
:108100004D1946F10006C7E9005603B0BDE8F0403E
:1081100001F0D6BC154BDFF858C0D3E90043DCE9C9
:10812000002CA41843EB0C0C4FF0200E22466346A3
:10813000C1FB0E23954276EB0301C7E900230DD264
:10814000291B66EB0C04C82974F10004B4BF01219B
:108150000021009101F076FC03B0F0BD0021F8E7AA
:10816000F81F0220204F0220184F0220304F02201B
:10817000284F022037B504690D4694F839304BBBBF
:108180000B7B022B29D10B680BBB94F838204B6872
:10819000D2B9134A591E914219D8636320460DF192
:1081A000070102F017F910F10C0F0BD0AB689DF826
:1081B000070013B104EB8002536194F838300133A7
:1081C00084F8383003B030BD626B9A42E6D06FF06D
:1081D0001500F7E76FF00F00F4E76FF08500F1E7A7
:1081E000FEFFCF0710B500220469012140F20910FB
:1081F000EFF756FA00232046BDE810401946014A21
:1082000002F092B809820A00B0F5827FF8B50C46F8
:1082100002D10B4803F0AAFB01270A4E04B9F8BDAE
:1082200094FAA4F5B5FA85F506EB85035B6913B1FD
:1082300029460548984707FA05F524EA0504EDE7BD
:1082400040200220042002202C8B0B0010B508498E
:1082500008480FF02EFB044640B1074803685B074F
:1082600004D001212346054A08F025FE204610BD12
:1082700051850A00345D02209021022008590C002B
:108280002DE9F843DFF85892964DD9F870402B68E5
:10829000072C0E4600AF00F0080803F0070373D068
:1082A000132C00F0D180052C40F0F680D9F85490C2
:1082B0001BB18D4928460FF0F8FA19F4805F50D0B1
:1082C0002B68590703D0894986480FF0EEFA172426
:1082D00019F4006F07D02B685A0703D084498148EE
:1082E0000FF0E3FA182419F4007F14D02B685B0711
:1082F00003D080497B480FF0D8FA7F4B19F4004F28
:108300009B6B07D02A68540704D001217B4A75482B
:1083100008F0D1FD192419F4806F07D02B68580795
:1083200003D077496F480FF0C0FA1A2419F4807F00
:108330001ED02B68590716D11B24F369B8F1000F22
:1083400040F0CA80C3F3080222B96FEA53236FEAF0
:108350004323F36131462046EEF766FDBD46BDE896
:10836000F8831624B4E767495E480FF09EFAE3E706
:1083700019F4005FE1D02B685A0703D062495948CD
:108380000FF093FA1C24D8E7D9F85C401BB15F4981
:1083900028460FF08AFA630609D52B68580706D0DD
:1083A000D9F8683001215A4A4E4808F084FDE107A7
:1083B00008D52B685A0703D056494A480FF075FA7A
:1083C0002624BAE7A30708D52B68580703D05249DB
:1083D00044480FF06AFA2724AFE7610708D52B68F5
:1083E0005A0703D04D493F480FF05FFA2824A4E70D
:1083F000230708D52B68580703D0494939480FF09F
:1084000054FA292499E7E10608D52B685A0703D0C6
:10841000444934480FF049FA2A248EE7A30608D5C8
:108420002B685D0703D040492E480FF03EFA2B24FD
:1084300083E724064ED52B68580703D03B492948CB
:108440000FF033FA2C2478E7D9F86C901BB1384937
:1084500028460FF02AFA19F0020F06D02B685907A8
:1084600003D034491F480FF020FA19F0010F06D04D
:108470002B685A0703D030491A480FF016FA19F042
:10848000040F3FF45AAF2B685B073FF456AF2B49FC
:1084900014480FF00AFA50E7D3B1294A294BE946AC
:1084A0008AB00F2CD8BF13466A462749103CCDE945
:1084B00005134FF40073ADF82030244B079442F8B5
:1084C000103F00234FF411512846EAF71DFECD4618
:1084D000002432E7252430E76FF3080339E700BFB3
:1084E000345D0220902102202B020C0041020C007E
:1084F0006A010C0052020C0000ED00E06B020C005F
:1085000080020C009B020C00CA010C0042590C00B6
:108510005B590C006B590C0081590C009F590C00E1
:10852000BA590C00D7590C00EC590C00065A0C0033
:10853000195A0C00335A0C00635A0C00915A0C0063
:10854000B3020C00C8020C00A9030C0004000001D7
:1085500000B5164B89B01A7852B9154915484FF431
:10856000927208F0D8F94FF49271114808F0CAF9E4
:108570005A6AD86C00929A6A20F005000192DA6A71
:10858000694602921A6B03925A6B04929A6B059297
:10859000DA6B06921A6C1B6D07929B0748BF40F07E
:1085A0000400FFF76DFE09B05DF804FB345D0220A6
:1085B000C55A0C002FD90B002DE9F04105460E4697
:1085C000174698460FF0BEFC044668B101244246A7
:1085D00039463046069BA847054614B90A4802F0BA
:1085E000D7FF2846BDE8F081084B1B78002BEDD063
:1085F0004FF0FF324FF0FF33034802F01BFF00281B
:10860000E5D06FF08305ECE7E8220220EE79022046
:10861000002300B589B0CDE9063303AB04930423EE
:1086200003900593A9B10B6806934B680793022347
:10863000111E18BF01210848CDE9002140F2F53193
:1086400004AA00F02FF80028B8BF012009B05DF897
:1086500004FB0123ECE700BF0501004070B5402694
:1086600096B006AB05460C463246002118460FF080
:108670001CFE4FF48072CDE90206CDE90454ADF83A
:10868000402054B1012304AA009200210448019320
:1086900002AA00F007F816B070BD2046FBE700BF45
:1086A0000001004010B4B1F5004F029C0ED2042B23
:1086B0000CD8042C0AD8240444EA0364134644EA80
:1086C0000102014610BC0348FFF776BF6FF080003F
:1086D00010BC7047A1040000034AD2F88C3043F468
:1086E0004063C2F88C30704700ED00E0014B1B681E
:1086F000184700BFA85D022010B50C4C237993B930
:10870000012323710A4B0028206018BF184600F08F
:10871000A1F950B923680748002B08BF1846BDE8E7
:10872000104000F099B86FF0770010BDA85D0220EE
:10873000ED860A0079790B0008B50D4B1A7942B91C
:108740000C490D48B12208F0E6F8B121094808F0BB
:10875000D9F81B6853B140F20510EEF793FF28B922
:10876000BDE8084040F20510EEF76ABF08BD00BF43
:10877000A85D0220F85A0C002FD90B0008B5114B48
:108780001B7953B9104940F20512104808F0C3F89C
:1087900040F205110C4808F0B5F850B101280CD092
:1087A00009494FF49272094808F0B5F84FF49271F4
:1087B000F0E7BDE8084000F063B8BDE8084000F00D
:1087C00057B900BFA85D0220F85A0C002FD90B0042
:1087D00008B5114B1B7953B9104940F22B121048C0
:1087E00008F099F840F22B110C4808F08BF828B1EA
:1087F000012807D1BDE8084000F07EB9BDE8084077
:1088000000F088B805494FF4A572054808F083F8D0
:108810004FF4A571E8E700BFA85D0220F85A0C00EC
:108820002FD90B0038B504230A4C42F21075C4F856
:108830000833012363610023C4F80831D4F80831F8
:10884000D4F84C34DB0304D501200FF060F8013D6F
:10885000F6D138BD00E01040074A137943B9012131
:10886000537110601171054A1846C2F840347047C0
:108870006FF07700704700BFB05D022000E010404D
:1088800010B5204C237943B91F492048E52208F050
:1088900042F8E5211C4808F035F81D4BD3F84C147C
:1088A000D3F84C24C90314D5900701D0FFF7BAFFC1
:1088B0000022174BC3F84024C3F80821D3F808213D
:1088C00001221A61226872B9D3F80821002AFBD06C
:1088D00011E0D3F84824D107EAD5D3F85024920701
:1088E000E4D122681AB10422C3F8042310BDD3F8DE
:1088F0000821002AFBD00022C3F80821D3F8083150
:10890000F4E700BFB05D0220355B0C002FD90B00EF
:1089100000E0104008B5094B1B7953B908490948D4
:108920004FF4917207F0F7FF4FF49171044807F08C
:10893000E9FFBDE80840FFF775BF00BFB05D02204A
:10894000355B0C002FD90B00154BD3F80C24D10349
:1089500020D5D3F84C24D2031CD5124A517901F00A
:10896000FF00D1B9C3F80C01D3F80C1101215171EA
:108970009961126822B10822C3F8042300207047CD
:10898000D3F80C21002AFBD00022C3F80C21D3F825
:108990000C31F3E76FF0760070476FF00F0070470F
:1089A00000E01040B05D022070B5134C134DD4F8B8
:1089B0000C3303F00C0303B970BDB3FA83F3002644
:1089C0000121C3F11F039A0002F5807292B202F1F5
:1089D000804202F58712166099401268C4F80813A5
:1089E000022BD8B22B6818BF6E719847D4F80C339D
:1089F00003F00C03DFE700BF00E01040B05D022091
:108A0000712238B5104B0021C3F80823012242F22D
:108A100010745A60C3F80011D3F800110B490A4DC5
:108A2000D1F840131C2908BFDA60D5F80C3413F4D0
:108A3000803305D001200EF06AFF013CF5D138BD2E
:108A4000034A5371FBE700BF00E0104000C0FF0085
:108A5000B85D0220054B0246187918B91A60012248
:108A60001A7170476FF07700704700BFB85D022041
:108A700008B51C490B7943B91B491C48922207F0E1
:108A80004AFF9221184807F03DFF0022184BC3F817
:108A90001021D3F81001C3F81821D3F81801C3F836
:108AA0001421D3F814011348D0F840031C2804BF44
:108AB00001209860C3F80021D3F8002101221A6038
:108AC0000A6852B90A4BD3F80021002AFBD00022D1
:108AD000C3F80021D3F8003102E07122C3F8042367
:108AE00008BD00BFB85D0220785B0C002FD90B00D9
:108AF00000E0104000C0FF0008B5084B1B7943B9E7
:108B000007490848B22207F006FFB221044807F0DF
:108B1000F9FEBDE80840FFF773BF00BFB85D022053
:108B2000785B0C002FD90B00F8B50126204C214DA5
:108B3000D4F80C3303F0710303B9F8BDB3FA83F32F
:108B40000021C3F11F039A0002F5807292B202F174
:108B5000804202F58712116006FA03F7052B1268AE
:108B6000D8B2C4F808731CD0202F0DD8CBB1042B79
:108B70000ED0114911484FF49D7207F0CCFE4FF40E
:108B80009D710D4807F0BEFE062BF2D1697108E019
:108B900002236B71C4F81411D4F814312023C4F8E3
:108BA00004332B689847D4F80C3303F07103C3E700
:108BB00000E01040B85D0220785B0C002FD90B005C
:108BC0005F2898BF074B4FEA50129FBF53F82230DF
:108BD00000F01F0023FA00F000F0010088BF002021
:108BE000704700BF60D60B00034A4309D35C00F016
:108BF0001F001844C0B27047AE610C0010B50446A7
:108C00000846FFF7F1FF04EB4000838ADA051CD524
:108C1000C3F3432123F4F853838204F1120204F1D5
:108C2000580032F8023F13F4807F03D0C3F343238C
:108C300099420AD09042F4D1002204EBC1035A6059
:108C400004F160000EF07FFE00B910BD0549064832
:108C50004FF4DB7207F05FFE4FF4DB71014807F061
:108C600051FE00BFB85B0C002FD90B0010B5016896
:108C700004460846FFF7A4FF50B90F494FF482623B
:108C80000E4807F048FE4FF482610B4807F03AFEA9
:108C900001F01F035F2923604FEA511208D90649EA
:108CA00040F21942054807F036FE40F21941ECE760
:108CB000034B53F8220010BD4C500C002FD90B0071
:108CC00054D60B00072808B50AD90749074840F2CF
:108CD000A73207F020FE40F2A731034807F012FE4A
:108CE000800000F5807008BDF65B0C002FD90B00EA
:108CF000F0B50646002487B0114F019117F8012BFB
:108D000006AB03EBD20313F8143C02F00702D34086
:108D100013F0010306D10134032CEFD100231846D0
:108D200007B0F0BD074A03AD07CA85E8070055F84C
:108D300024100A6A46F824200A62002AEBD0EEE7E3
:108D4000BE610C00B09F0B00F7B504460846FFF764
:108D50004BFF04EB4006B38A0D46DB072AD52046BD
:108D60000EF0F5FE294620460EF011FE50B12046C9
:108D70000EF03CFE0023276807EB8000C0F810359A
:108D8000C0F81035204600242946FFF737FFB4828B
:108D900001A80195FFF76AFF019B00EB8300D0F863
:108DA0008020064B134043F00203C0F88030204679
:108DB00003B0F0BD6FF01500FAE700BFF0F0FCFF64
:108DC0002DE9F0430E461746044685B050B95A497E
:108DD0005A4840F25E4207F09EFD40F25E4156481E
:108DE00007F090FD0846FFF7FFFED7F80080054624
:108DF000B8F1000F19D020460EF0EDFD18BB434628
:108E0000CDE900008DF80E008DF80F000DF10F0276
:108E100030460DF10E010EF012FE04EB4502938A6E
:108E200023F0020343F0010393827B689BB3314636
:108E3000204693F80080D3F804900EF0C1FD28B1CD
:108E4000B9F1000F1FD06FF0150027E004EB4500CB
:108E5000838A23F4604323F020038382B9F1000F57
:108E600011D0B8F1030FEED87B6821685B6893F8E6
:108E700000C04FEA8C031944B8F1000F11D1C1F8BA
:108E80001085C1F8108504EB4502938A23F01C037A
:108E900043EA88039382BB684BBB002005B0BDE862
:108EA000F083D1F8102522F00302C1F810252268C2
:108EB0001344D3F8102522F4473222F47C72C3F80D
:108EC000102541F6F072D3F8101502EA061242EAB4
:108ED00008420A43C3F8102504EB4C03A3F864606E
:108EE000838A43EA4C3343F020038382CBE7314645
:108EF000D3E900782046FFF781FE002FCDD06368CC
:108F00009F4206D004F160000EF003FD002804DA51
:108F1000C4E7A3689845F5D1002004EBC003C3E97A
:108F2000017804EB4505AB8AC0B243EA402343F421
:108F30008073AB82B1E700BFB85B0C002FD90B0088
:108F40002DE9FF410D4616461F46044650B93B49E0
:108F50003B484FF48D6207F0DEFC4FF48D613748DB
:108F600007F0D0FC0846FFF73FFE804616B32046C8
:108F70000EF026FD18B920460EF009FD08BB294663
:108F800020460EF00FFD10B17378012B19D001238C
:108F90008DF80F300023721CCDE900632846B31C06
:108FA0000DF10F010EF04BFD04EB4802938A43F0E4
:108FB00003039382002F3ED0294620460EF000FD89
:108FC00020B96FF0150004B0BDE8F08100223E78B2
:108FD000236804EB480003EB8603C3F81025C3F8AD
:108FE0001025838A4FEA860C23F4604323F0200384
:108FF00083827978F9B12268124B6244D2F8104525
:10900000BF782340C2F8103541F6F073090401F42B
:10901000403103EA05130B433905D2F8104501F43A
:1090200080110B432343C2F81035838A43EA463349
:1090300043F0200383820020C5E700BFB85B0C002B
:109040002FD90B000FE0ECFF08B550B906490748CF
:1090500040F2714207F05FFC40F27141024807F0B4
:1090600051FCC0E9031208BDB85B0C002FD90B00FE
:1090700070B51546044650B9124940F27A4212487A
:1090800007F049FC40F27A410E4807F03BFC42B938
:109090000C4940F223320C4807F03DFC40F22331EA
:1090A000F2E70EF074FC48B10846FFF79DFD04EBB3
:1090B00040040020A38A5B0B2B7070BD6FF015007D
:1090C000FBE700BFB85B0C002FD90B00F8B50446D6
:1090D00050B9194919484FF4916207F01CFC4FF43C
:1090E0009161154807F00EFC90F8745090F8757077
:1090F000F5B94622294614300FF0D7F8104B2668F0
:1091000053F83770AF420ED10025C6F30830C6F8C9
:109110004051D6F84031EEF793FA0123284684F8FF
:1091200074302366F8BDE8B2FFF7CCFD0135E9E7FE
:109130006FF07700F6E700BFB85B0C002FD90B008B
:109140006CD60B0008B550B90849094840F28F4267
:1091500007F0E1FB40F28F41044807F0D3FB90F8A1
:109160007400003818BF012008BD00BFB85B0C00B8
:109170002FD90B0008B550B90749084840F29D4265
:1091800007F0C9FB40F29D41034807F0BBFBBDE877
:109190000840FFF7D9BD00BFB85B0C002FD90B000A
:1091A00008B550B909490A4840F2A44207F0B3FB98
:1091B00040F2A441054807F0A5FB064B90F8750066
:1091C00003EB8000BDE808400EF0BDBBB85B0C00AF
:1091D0002FD90B005C20022010B50C4650B90B496A
:1091E0000B4840F2AB4207F096FB40F2AB41074818
:1091F00007F088FB074B90F8750003EB80000EF03A
:1092000088FB0028A4BF2070002010BDB85B0C00B4
:109210002FD90B005C2002202DE9F3410D461646A4
:10922000044650B936494FF4A562364807F073FB3F
:109230004FF4A561324807F065FB0EF0B3FB40B96F
:109240002F4940F235422F4807F065FB40F2354187
:10925000F0E720460EF09BFB2768F8B120460EF0A1
:10926000AFFB8046D0B920460EF0C0FB0546FFF7A5
:1092700029FD47F800803B58236803EB8503D3F8AA
:10928000102542F00102C3F8102526B101232268FF
:10929000AB40C2F8043302B0BDE8F081D7F8043324
:1092A000DB035CBF4FF48033C7F8043346B914497D
:1092B00040F24F42134807F02EFB40F24F41B9E70E
:1092C0002846FFF791FC04EB4004A38AC3F3820312
:1092D000042B11D0052B11D001A80195FFF7C6FC76
:1092E000019BC168D94001F001010231284602B05A
:1092F000BDE8F0410EF0F0BB0321F7E70221F5E7EE
:10930000B85B0C002FD90B0008B550B907490848C5
:1093100040F22F5207F0FFFA40F22F51034807F0B6
:10932000F1FABDE808400EF012BC00BFB85B0C00BB
:109330002FD90B002DE9F04F07468DB050B9734976
:10934000734840F25C6207F0E6FA40F25C616F48F5
:1093500007F0D8FA804658F804BB90F87540DBF85F
:1093600004136C4BC9B253F83420584641F4803191
:109370000EF0C1FBC203054639D50023CDE9093300
:109380000B93644BE60003EBC404636809A8194619
:109390000193FFF7ADFC331D04934FF0000A5E4BC1
:1093A0000DF124090393039A5A4912F8013B0392E1
:1093B000049A02EBD3028A5C03F0070322FA03F358
:1093C000DB071AD40AF1010ABAF1030F09F1040903
:1093D000E9D14FF48031002258460EF08CFB019900
:1093E00009A8FFF785FC0028D7D125F48035012492
:1093F000002D74D10DB0BDE8F08F484B5344059358
:10940000D9F800100029DDD091FAA1F1B1FA81F16B
:10941000059B1C7841EA44142046FFF7E5FB07EB67
:109420004000828AC808C2F38203CDE90623029372
:10943000012319F8006001F0070103FA01F126EA9F
:10944000010109F8001008A80894FFF70FFC08991B
:10945000069A203150F8216012F0100F079BC6F3D6
:10946000014623D021464046029A0EF0C9FA08A8C8
:109470000894FFF7FBFB089BF6B2203350F823302B
:10948000C3F301439E4207D1002120460EF024FB86
:10949000314620460EF020FB08A80894FFF7E6FBB3
:1094A0000122089B02FA03F30362A9E7022E14BF0C
:1094B00002210321204606930EF00EFB069B032B90
:1094C00003D0022E07D1012BE6D121464046029A55
:1094D0000EF096FAE0E7032EDED1022BF4E795FAC0
:1094E000A5F3B3FA83F304FA03F225EA020503F5C0
:1094F000A2725BF8222007EB43034046B3F86410E6
:10950000C2F301420EF07CFA72E700BFB85B0C00B8
:109510002FD90B006CD60B00BE610C00BE610C0095
:109520000123034A03FA00F09368034393607047F2
:10953000181C02200123044A03FA00F0936823EA6E
:1095400000039360704700BF181C022073B50446E7
:109550000191EFF31186202383F31288BFF36F8FFD
:109560000B4D019B6A6801A8134001930EF0D1F9DD
:10957000002807DB01226B68824023EA02036B604C
:109580002070002086F31188BFF36F8F02B070BD8A
:10959000181C022008B5144B027AD3F8101521F0DC
:1095A00001010A43C3F810250268B2F5803F0AD3CF
:1095B0000E4940F2B9720E4807F0ADF940F2B971A8
:1095C0000A4807F09FF9C3F8A4264268FF2A08D981
:1095D000064940F2C472064807F09DF940F2C47192
:1095E000EEE7C3F8AC2608BD00200E402B5C0C0053
:1095F0002FD90B000B2808B50AD90A490A4840F2AE
:10960000447207F088F940F24471064807F07AF98D
:109610000023000100F1804000F56220C0F82C35E5
:1096200008BD00BF2B5C0C002FD90B000B2808B520
:1096300001D800290ADA0A490A4840F2165207F00E
:109640006AF940F21651064807F05CF9000100F192
:10965000804041EAC27100F56220C0F8281508BDBB
:109660002B5C0C002FD90B000B2808B50AD9104928
:109670004FF4A0620F4807F04EF94FF4A0610C4878
:1096800007F040F9B3F5801F08D3094940F20252B0
:10969000084807F040F940F20251F0E7000100F1FC
:1096A000804000F56220C0F82025C0F8243508BDB0
:1096B0002B5C0C002FD90B00012303FA00F010F0F3
:1096C000670F0AD0064B5B68DB4303F06703034276
:1096D0000CBF6FF01500002070474FF0FF3070474F
:1096E000181C022038B50D4B1B78012B0BD14FF005
:1096F000FF326FF040430A4CD4E90001824273EB21
:109700000105F9D338BD0749074840F2191207F09F
:1097100002F940F21911034807F0F4F8181C02206E
:1097200030270E405E5C0C002FD90B0030B50C25A5
:10973000074B1C1894F8544005FB0433C3E903128B
:1097400018750123034A8340C2F8143330BD00BFAB
:10975000181C022000200E40F0B5504D85B02C782A
:10976000002C40F095804E4A01AB07CA83E8070001
:109770004C491846D1F8102522F00202C1F81025F4
:10978000FFF708FF0723672202F001012144013B94
:10979000CCB24FEA5202F7D1052C7CD119464FF0DA
:1097A000010C3E4E00246720CFB204E00CFA02F216
:1097B00020EA0200013490FAA0F25FFA84FE7745B5
:1097C000B2FA82F2F2D80131327505292A4482F8C0
:1097D000547006F10C06E5D10121002432489A08A4
:1097E00001FA02F212F0670F18BF1C500433302B3D
:1097F000F5D1E320EDF724FF2A4B0024D3F8102500
:10980000012622F00202C3F8102540F6FF72C3F8C9
:109810001823C3F88041C3F88040C3F88441C3F8DB
:109820008440C3F88841C3F88840C3F88C41C3F82A
:109830008C40C3F89041C3F89040C3F89441C3F8FA
:109840009440C3F89841C3F89840C3F89C41C3F8CA
:109850009C40C3F8A041C3F8A040C3F8A441C3F89A
:10986000A440C3F8A841C3F8A840C3F8AC41C3F86A
:10987000AC401E660D4B0E4A1B685D20B3FBF2F335
:1098800058430C4B3343984720462E7005B0F0BD2B
:109890006FF07700FAE76FF08B00F7E7181C0220F3
:1098A000BC9F0B0000200E4000210E4058200220DB
:1098B00040420F0030A00B0038B52C4B0D461B78F2
:1098C000012B0AD02A492B4840F2062207F023F840
:1098D00040F20621264807F015F8274BD3F810254B
:1098E00094073CD4D3F8102542F00202C3F81025A7
:1098F000C0B1D3F8382712F0010202BFD3F83817ED
:1099000041F00101C3F838171B4BD3F83017D3F8D7
:1099100034174800F9D42AB9D3F8382722F00102C5
:10992000C3F83827154B164A1B68B3FBF2F3124AEB
:1099300003EB4313B3B1D2F83017D2F83417490010
:109940000BD44FF0FF312846FFF700FE044610B954
:109950002878FFF7E5FD204638BD013BEAE76FF0C8
:109960007704F8E76FF07304F5E700BF181C0220D6
:109970005E5C0C002FD90B0000200E405820022006
:1099800040420F002DE9F041294D6C682B78E443EB
:1099900004F0670453B9274927484FF4117206F0C1
:1099A000BAFF4FF41171234806F0ACFF672200267E
:1099B0004FF00108214BC3F81823F7B2DCB9E320BC
:1099C000EDF74CFE1D4BD3F8382722F00102C3F807
:1099D0003827D3F8102522F00102C3F81025D3F858
:1099E000102522F00202C3F8102501225A669A6659
:1099F0002C70BDE8F081AB6808FA06F10B4013F05B
:109A0000670F02D03846FFF795FD6B68DB4303F024
:109A100067030B4208D03846FFF7ECFDE30703D598
:109A2000394607480DF08FFF64080136C5E700BFCF
:109A3000181C02205E5C0C002FD90B0000200E4089
:109A40001C1C02202DE9F04104461D46FFF734FEA0
:109A5000904607469DF8186050B11549154840F2E8
:109A6000BB2206F058FF40F2BB21114806F04AFF26
:109A700011490B1993F854300C3301EBC30041F832
:109A8000332045602B4620466EB10C4EA400FFF7F4
:109A9000EBFD33592BB1FFF725FE4045A94100D21C
:109AA0003751BDE8F081BDE8F041FFF7DDBD00BFF3
:109AB0005E5C0C002FD90B00181C022000210E4008
:109AC000F8B50546FFF7F8FD50B11149114840F2CD
:109AD000193206F020FF40F219310D4806F012FF4E
:109AE0000D48431993F854300C3350F8334000EBD1
:109AF000C30CDCF80460641846F1000640F83340FB
:109B0000CCF804602846BDE8F840FFF78FBD00BFE1
:109B10005E5C0C002FD90B00181C0220F7B5374BE8
:109B2000374CD3F81C5304F188060DB903B0F0BDCF
:109B300095FAA5F00123B0FA80F08340DF4325EACF
:109B40000305231893F854100C2303FB01431A7DDB
:109B500082420AD02B492C4840F2B73206F0DBFE95
:109B600040F2B731274806F0CDFEDA684FEA800CA4
:109B7000002A3BD0D6E8EF3F03EA0702C6E8EE2F03
:109B8000BEF1000FF6D1C340DB0727D50B2809DD56
:109B90001E491D4840F20B5206F0BDFE40F20B512B
:109BA0001A48E0E7020102F1804202F56222D2F88F
:109BB0002435D2F82025164F6744D7F800C0BCF1F1
:109BC000000FB2D04FF0000CC7F800C00C2707FB05
:109BD00001410F690097C9688847A6E701F10C03A6
:109BE00004EBC30754F833207B68E4E7084B53F8D1
:109BF0000C10002999D043F80C2096E700200E4065
:109C0000181C02205E5C0C002FD90B002B5C0C0092
:109C100000210E405F2838B54FEA501507D8124C86
:109C200000F01F0054F82540C440E4070AD40F494F
:109C30000F484FF4826206F06EFE4FF482610B48CB
:109C400006F060FE0B4C54F8254004EB8004D4F879
:109C500080500948284040EA032040EA820242EA54
:109C60004101C4F8801038BD88D60B004C500C0060
:109C70002FD90B007CD60B00F0F0FCFF70B5857B74
:109C80000446CDB9D0E90003984208D10B490C48ED
:109C9000DB2206F040FEDB21084806F033FE2946B1
:109CA00008230322FFF7B6FF294660680823BDE8B2
:109CB00070400322FFF7AEBF70BD00BF9A5C0C007E
:109CC0002FD90B0070B50E46044600B141B91449B6
:109CD0001448EF2206F01FFEEF21114806F012FE95
:109CE00090F82650C5B9C0E90123C56080F8295015
:109CF00080F828508B7B80F82B300846FFF7BEFF9A
:109D0000737B204684F82A3031460DF0AEFF0123E4
:109D1000284684F8263070BD6FF07700FBE700BF5F
:109D20009A5C0C002FD90B0008B550B90F4940F2CE
:109D300097120F4806F0EFFD40F297110B4806F01E
:109D4000E1FD90F82630012B08D008494FF4CD7280
:109D5000074806F0E0FD4FF4CD71EFE706220368F7
:109D6000C3F80025022380F8263008BD9A5C0C0059
:109D70002FD90B0008B550B916494FF4D2721648C6
:109D800006F0C9FD4FF4D271124806F0BBFD90F801
:109D9000263043B90F494FF4D4720F4806F0BBFD8B
:109DA0004FF4D471F0E7002102680C4BC160C2F897
:109DB0000833D2F8003223F0FF5323F4BC53C2F827
:109DC00000320123C2F8001580F8263080F82810F0
:109DD00008BD00BF9A5C0C002FD90B002264F81F4D
:109DE0002DE9F0470F469046054650B9B1494FF46A
:109DF0002572B14806F08FFD4FF42571AD4806F08D
:109E000081FD90F82630022B08D0AA494FF4267223
:109E1000A94806F080FD4FF42671EFE7436863B967
:109E20000B78023B012B08D8A24940F29B22A248A2
:109E300006F071FD40F29B21E0E7002385F8273012
:109E40007B682C6833B1FB6803F06043B3F1005FBB
:109E500040F05A813B78023B012B06D83B6903F066
:109E60006043B3F1005F40F04F81944BC4F8083376
:109E700095F8283003F0FF023BB16FF00F06EB6856
:109E8000C4F804333046BDE8F08708F01403B3FA91
:109E900083F35B0985F828303B7885F824307B789C
:109EA00085F82530FB682B617B686B613B69AB6192
:109EB000BB68C5F82080EB61C8F3001385F8293032
:109EC0007B78C4F88835C4F83821D4F83831C4F820
:109ED0002821D4F82831C4F81421D4F81431C4F856
:109EE0000421D4F8043118F0010318BF0123C4F889
:109EF0004C3718F0020318BF0123C4F814373B781D
:109F0000032B00F2A280DFE803F07E974F0218F0E7
:109F10001C0F08D067494FF40272674806F0FBFC3B
:109F20004FF402716AE74FF48073C4F80032D5E948
:109F30000423C4F83C27C4F84037012323654FF0BD
:109F4000006120460DF067FE06460028F7D1D5E9EE
:109F50000623C4F83C27C4F840374FF48063EB6015
:109F60003B78032B38D0012B6A6873D1A36292B976
:109F70006A69002A6CD04FF0010A40F2024940F2AF
:109F8000224120460DF047FE810601D5C4F804A009
:109F900010EA090FF3D07B68F3B96B68002B00F06F
:109FA00091800123636017E0D5E90423C4F83C27BE
:109FB000C4F84037D5E90623C4F80427C4F80837A5
:109FC0004FF48453C4F80032012323610223EB6071
:109FD000002618F0080FC3D06B68002B72D018F061
:109FE000040F1CBF0023EB6018F0400F02BFEB68AA
:109FF00043F00203EB60EB6843F02003EB60EB6897
:10A00000C4F804333EE718F0200FD5E90423C4F860
:10A010003C27C4F8403715BF4FF480734FF40073EA
:10A02000C4F80032C4F8003214BF4FF48063022336
:10A03000EB6001232361CBE7D5E90423C4F80427AF
:10A04000C4F808374FF48053BCE76FF01506C0E73B
:10A05000636090E701232365002A9CD16A697AB383
:10A060004FF0000940F2024A19EA0A0F93D140F278
:10A07000224120460DF0CFFD10F0200F8146F3D095
:10A080004FF4804120460DF0C6FDD4F8003208B1EF
:10A090009A0505D401222261626040B14FF00009A7
:10A0A000D905E1D54FF4806120460DF0B4FD4FF0A5
:10A0B0000009D9E79A5C0C002FD90B002264F81F25
:10A0C0006360CDE70022D4F8C434C4F8C43485F802
:10A0D000282063B19A0756BF03F001066FF00D0602
:10A0E0008C3E13F0040F18BF6FF00A06CAE618F092
:10A0F000400F7FF4C7AE2046291D0DF04AFD002811
:10A1000008BF6FF08B06BDE66FF00C06BAE600BF25
:10A1100070B5044686B050B95E4940F2C1225E482F
:10A1200006F0F9FB40F2C1215A4806F0EBFBD0E9FA
:10A13000005343B9574940F2EA22574806F0EBFB77
:10A1400040F2EA21F0E7022128460DF064FD2021CB
:10A15000064628460DF05FFDD0B1D6B9E3684FF44E
:10A160008041C5F808330223E360E3682846C5F858
:10A1700004330DF050FD18B1D5F800329B0502D420
:10A1800001232B616B60012384F8273006B070BD7A
:10A190008EB3236A5E060AD494F827303BB928466A
:10A1A000211D0DF0F6FC80F0010084F82700236AE1
:10A1B00013F0040337D1C5F83831D5F83821C5F884
:10A1C0003431D5F8343194F8293013B194F827306C
:10A1D000F3B100230122C5F80032E3602F4BC5F331
:10A1E0000431C5F808338A40C5F343432C49603332
:10A1F00041F823200CE04FF4806128460DF00BFD60
:10A2000094F82430002B2FD194F82930002BE1D082
:10A21000A38CADF804302369049363690293A369A6
:10A220000593E3690393D5F8C4349807C5F8C4349B
:10A230002AD459072AD4DA072AD494F827309B0065
:10A24000DBB28DF8003094F829300BB984F828304F
:10A25000236A5B0703D594F82730002B96D0D4E906
:10A2600001316846984791E74FF40073C5F8003212
:10A270002223E360094BC5F80833E368C5F80433CB
:10A2800001232B652B6181E70123DAE70223D8E75D
:10A290000323D6E79A5C0C002FD90B002264F81F29
:10A2A00000E100E070B5044648680D46460C4FF4E6
:10A2B0007A7200233146C003E4F7A8FAB6F57A7F34
:10A2C00008D3174917482C2206F025FB2C211448E7
:10A2D00006F018FB2A682368C3F80C25C3F80405A8
:10A2E0002B6803F04002C3F380132374A368B3B157
:10A2F000002A4FF0000314BF032501252468012D17
:10A30000C4F80031D4F80021C4F308301CBFC4F8ED
:10A310000431D4F80431EDF793F9C4F8045370BD57
:10A32000D65C0C002FD90B0038B540B90B490C484E
:10A33000542206F0F0FA5421084806F0E3FAC0E986
:10A340000223437933B90123437109B1FFF7AAFF0F
:10A35000002038BD6FF07700FBE700BFD65C0C0033
:10A360002FD90B0008B500B141B90B490B48862223
:10A3700006F0D1FA8621084806F0C4FA43792BB1D9
:10A38000022B06D0FFF78EFF002008BD6FF076008D
:10A39000FBE76FF00F00F8E7D65C0C002FD90B003D
:10A3A00008B520B1037913B14379012B08D00749CF
:10A3B0000748BB2206F0AFFABB21044806F0A2FA18
:10A3C000026813600223437108BD00BFD65C0C0015
:10A3D0002FD90B0010B540B91849D222184806F001
:10A3E0009AFAD221154806F08DFA11B14379012B62
:10A3F00006D01249D722124806F08DFAD721F1E78C
:10A40000EFF31184202282F31288BFF36F8F027959
:10A41000072A10D80A700132027102680978D2F84E
:10A4200008058B4003430020C2F8083584F31188E7
:10A43000BFF36F8F10BD6FF00B00F7E7D65C0C0019
:10A440002FD90B0070B540B91849EC22184806F016
:10A4500062FAEC21154806F055FA4479012C06D031
:10A460001249F122124806F056FAF121F2E7EFF311
:10A470001186202383F31288BFF36F8F00220179A6
:10A48000D3B2994206D80023037186F31188BFF333
:10A490006F8F70BD056804FA03F3D5F80815013213
:10A4A00021EA0303C5F80835E9E700BFD65C0C00D4
:10A4B0002FD90B0008B540B90D49FF220D4806F011
:10A4C0002AFAFF210A4806F01DFA4379022B08D028
:10A4D000074940F20112074806F01DFA40F2011147
:10A4E000F0E70368044A01F5C07143F8212008BD74
:10A4F000D65C0C002FD90B003546526E08B550B90A
:10A5000013494FF48472134806F005FA4FF484712E
:10A510000F4806F0F7F9437943B90D4940F20B12A1
:10A520000C4806F0F8F940F20B11F1E7037C5BB13F
:10A530000368094AC3F82025012203685A600368AA
:10A540000020C3F8200508BD4FF0FF30FBE700BF37
:10A55000D65C0C002FD90B003546526E70B5044600
:10A5600050B91A491A484FF4927206F0D4F94FF4D0
:10A570009271164806F0C6F90368D3F80414D3F8AC
:10A5800000512DB100220125C3F80021D3F800218C
:10A59000D3F80421BAB10022C3F80421D3F804315E
:10A5A0003DB10325D4E902324FF480709847AB07E0
:10A5B0000BD5012363710021D4E90232BDE870405C
:10A5C0004FF482701847002DECD170BDD65C0C00A2
:10A5D0002FD90B0008B503685F2B4FEA531107D83A
:10A5E0000B4A03F01F0352F82120DA40D2070AD4A5
:10A5F000084909484FF4826206F08DF94FF48261F0
:10A60000044806F07FF90360044B53F8210008BDAD
:10A61000A0D60B004C500C002FD90B0094D60B0089
:10A62000F7B50C4606460DF037FB20460DF034FB1F
:10A6300001A80196FFF7CEFF40F60D07019B2C4DB8
:10A6400000EB8300D0F8803001942B403B43C0F8EE
:10A65000803001A8FFF7BEFF019B00EB8300D0F81C
:10A6600080302B403B43C0F8803004200DF04FF980
:10A670000925012701A80194FFF7ACFF019AC368DF
:10A68000D340DB0714D401A80196FFF7A3FF019B79
:10A69000013D07FA03F3836004200DF038F93046DA
:10A6A0000DF0FAFA04200DF032F915F0FF05E1D1B2
:10A6B00001A80194FFF78EFF0123019A9340836064
:10A6C00004200DF024F920460DF0E6FA04200DF0E8
:10A6D0001EF901A80194FFF77DFF019AC368D340DA
:10A6E00013F0010F0CBF6FF08B00002003B0F0BD22
:10A6F000F0F0FCFF2DE9F74F4FF02809DFF844B0E8
:10A70000114E8046A6EB0B060F469A46B6FBF9F6AD
:10A710000025BD4203D1284603B0BDE8F08F38F9CB
:10A720001540002C0CDDA6420AD3601E09FB00B0C8
:10A730005146019290470028EEDB019A0135E8E787
:10A740000020F5E7EC890B000C8D0B0038B5436950
:10A7500005465BB90024EA68537843F0010353705F
:10A7600014B9284606F08BFC604238BD9847002893
:10A77000F0D000F1FF03FE2B08D90649064821223C
:10A7800006F0C9F82121034806F0BCF8EB68444202
:10A790001C70E0E7115D0C002FD90B00034B036028
:10A7A0000348C01A2823B0FBF3F07047EC890B0074
:10A7B0000C8D0B0070B5054618B30478ACB1124C83
:10A7C000124EB4421AD9124912485D2206F0A3F87B
:10A7D0005D210F4806F096F82168A94207D120466E
:10A7E0000DF073FA002808BF0024204670BD2846EB
:10A7F000E4F726F80028F2D02834E2E7ECD300246E
:10A80000F3E70446F1E700BFEC890B000C8D0B0069
:10A81000115D0C002FD90B0010B50446E8F740FA83
:10A82000054803685B0703D00121044A06F03AFBA0
:10A8300020460DF08DFA00BF90210220345D0C00FF
:10A840002DE9F04704460D4600AFEFF311892023B0
:10A8500083F31288BFF36F8FDFF8E8803A4AD8F8A5
:10A8600000309668590769D0042898BF374BEA46EC
:10A870008AB0117C98BF53F820306A4688BF344BA9
:10A88000CDE9073140F201333248ADF82430324B84
:10A89000CDE9050442F8103F00234FF43151294817
:10A8A000E8F732FCD54665B1EB69C3F3080343B161
:10A8B000D8F800305A071FD00121284A214806F055
:10A8C000F1FAD8F800305B0716D026BB2448E846DA
:10A8D0008AB06A46234B0790CDE9053640F2013332
:10A8E000ADF82030204B42F8103F00234FF41151B7
:10A8F0001448E8F709FCC54629462046FFF78CFFB7
:10A90000042C11D119491A48872206F004F887212E
:10A91000164805F0F7FF30460DF01DFB0028D5D096
:10A920000378002BD2D0D2E789F31188BFF36F8F61
:10A930003046ECF755FFBD46BDE8F087002DB3D19A
:10A94000DAE700BF90210220C05D0220ACD60B00E8
:10A95000435D0C00595D0C0005000001815D0C0099
:10A96000515D0C00A25D0C0004000001BA5D0C00FA
:10A970002FD90B0038B50A4B53F82040013053F85B
:10A980002050A54200D838BD606830B1037EDB0797
:10A9900001D4FFF7DBFE0834F3E723689847FAE7B2
:10A9A000C0D60B00012270B5324B86B003201A705E
:10A9B000FFF7E0FF0DF044FC0420FFF7DBFF2E4C17
:10A9C0002E4DAC42264624D92D4944222D4805F06F
:10A9D000A2FF44212A4805F095FF54F80C3C05934A
:10A9E00054F8103C049354F8143C039354F8183C66
:10A9F000029354F81C3C019354F8203C009354E912
:10AA00000A2354E90C0101F0BFFE54F8303C5E65A6
:10AA1000D7E7AE4204F13004DFD302F049FC164C14
:10AA2000AC421BD916496822164805F074FF68210C
:10AA3000D0E7D4E90A23B3F1FF3F08BFB2F1FF3FEB
:10AA400005D052EA0301206803D102F07BFE3034C6
:10AA5000E6E70D49183003F055FCF8E7E9D302F0BA
:10AA600079FCE4F7CBFD094A938923F00103938134
:10AA700006B070BDEE79022088950B0078960B0029
:10AA8000265E0C002FD90B0051CF0A00F84F022090
:10AA9000C02370B5144E86B003FB0066134B012231
:10AAA00005930F23CDE903320023CDE901331423AD
:10AAB0004FF4A0720E4D0F4903FB0055044602FBF4
:10AAC00000110D4B3046009501F05EFE337C2C7476
:10AAD00023F004033374094B013403EBC423EE6009
:10AAE0006B6006B070BD00BF384F0220475E0C009F
:10AAF000C05D0220F0CE022039B00A00F0C602206C
:10AB00007FB50020FFF736FF314B03F5006282F37B
:10AB1000088883F30A88E0232E4C84F8223000232F
:10AB2000E37723766376A37684F82030626A42F472
:10AB3000E022626284F82330ECF7D6FCECF73AFEB0
:10AB40004FF0FF33A362E362EDF766F8ECF7BEFE69
:10AB5000E7F7C2FF204801F0F9FE204B204A93425C
:10AB60000AD920492048CC2205F0D5FECC211D4829
:10AB700005F0C8FE2833F2E7FCD30120FFF7FAFE08
:10AB800002201A4CFFF7F6FE02F074FC184B002569
:10AB90005C61184B4FF40052059301231649CDE92F
:10ABA00003532046154BCDE90155009501F0ECFD0E
:10ABB0000646237C204623F00403237402F03AF86F
:10ABC0002846FFF765FF314620460C4AECF7D0FDDA
:10ABD000F0C6022000ED00E0B8500220EC890B0026
:10ABE0000C8D0B00265E0C002FD90B00F84F0220B5
:10ABF000C05D02208D520C0030D00220A5A90A00B1
:10AC00002DE9F04F06468BB0DDE914A7CDE905121A
:10AC10003B46524608A80DF049FADDE90834D04613
:10AC2000B946CDE9023406F11405EFF31184202171
:10AC300081F31288BFF36F8F284603F05FFA38B9AB
:10AC40002E4984222E4805F066FE84212B482BE0F5
:10AC5000284603F077FAEFF3058111B157EA0A03AA
:10AC60001BD14FF0200B06F10C0307933046DDE9B2
:10AC70000512169B9847074610B958EA090815D1DE
:10AC8000284603F049FA80BB1C494FF499721C48CE
:10AC900005F041FE4FF49971D8E71A491848582237
:10ACA00005F039FE5821174805F02CFEDDE9022396
:10ACB00008A80DF020FADDE908A721462846CDE9CD
:10ACC00000A7079A02F07AF9D046B946EFF311844B
:10ACD0008BF31288BFF36F8F284603F00FFA00281A
:10ACE000AED0284603F02EFAC0E784F31188BFF3F4
:10ACF0006F8F38460BB0BDE8F08F00BF6CE50B00DE
:10AD00002FD90B004F5E0C0038B50B4C0B4DAC42ED
:10AD10000FD90B490B48252205F0FDFD25210848D8
:10AD200005F0F0FD2046D4E901120DF019F81834B1
:10AD3000EDE7F7D3002038BD402202207022022028
:10AD40004F5E0C002FD90B001FB5054CCDE9002339
:10AD500002940A460021FFF753FF04B010BD00BF64
:10AD600041080B00F8B504460E4600F11405EFF358
:10AD70001187202383F31288BFF36F8F284603F0D7
:10AD8000BDF940B916498422164805F0C4FD842156
:10AD9000134805F0B7FD284603F0D4F920463146A4
:10ADA000E5F778FF04F10C0002F02EFB28B13946DC
:10ADB0002846BDE8F8400DF030B9284603F0ACF95C
:10ADC00040B907494FF49972064805F0A4FD4FF4C5
:10ADD0009971DDE787F31188BFF36F8FF8BD00BF6E
:10ADE0006CE50B002FD90B0038B50C4C0C4DAC4268
:10ADF0000ED90C490C48A22205F08DFDA22109486C
:10AE000005F080FD20460CF0B5FF20B92034EEE7B8
:10AE1000F8D3002038BD6FF01500FBE700220220B8
:10AE200040220220715E0C002FD90B002DE9F74360
:10AE300005460E4691461C4600F10807EFF31188BF
:10AE4000202383F31288BFF36F8F384603F056F93F
:10AE500038B92B4984222B4805F05DFD8421284810
:10AE600022E0384603F06EF92B69FBB133601C68B1
:10AE7000EB692C610133EB6114B96A6993421BD011
:10AE8000EB68E41A09D4D5E905235A43A24204D950
:10AE9000B4FBF3F203FB124474B11B491948F722C7
:10AEA00005F039FDF721184805F02CFD59EA040298
:10AEB0000FD16FF00B043360384603F02DF9C8B999
:10AEC0000F494FF499720F4805F025FD4FF4997121
:10AED000C5E7CDE900942A464146384602F06EF8AF
:10AEE000044618B9094B9B685B693360204603B080
:10AEF000BDE8F08388F31188BFF36F8FF6E700BFDA
:10AF00006CE50B002FD90B00715E0C00C05D0220B8
:10AF10002DE9F843C3680546CB1A0E461ED4D0E986
:10AF200005125143994219D9B3FBF2F102FB1133D7
:10AF3000A3B900F10808EFF31189202484F31288E3
:10AF4000BFF36F8F404603F0D9F890B93649842299
:10AF5000364805F0E0FC8421334808E034493348A2
:10AF600040F21F1205F0D7FC40F21F11304805F0E7
:10AF7000C9FC404603F0E6F82F69002F3AD1EFF301
:10AF8000118384F31288BFF36F8F83F31188BFF3AB
:10AF90006F8F3BB92749BB22244805F0BCFCBB217D
:10AFA0002448E4E72C68A54224D01CB3A36833B935
:10AFB0002049A4221D4805F0AEFCA421F0E7D4E905
:10AFC000003213605A60237CC4E9007723F0020347
:10AFD0002374A76004F1180003F056FA2046C4F861
:10AFE000B870666101F026FE49464046BDE8F84368
:10AFF0000DF013B82B6940463360EB692E61013BBD
:10B00000EB6103F089F840B907494FF4997207489A
:10B0100005F081FC4FF499719EE789F31188BFF325
:10B020006F8FBDE8F88300BF6CE50B002FD90B00D4
:10B03000715E0C00965E0C0008B50C4B9B6893F992
:10B040000E30002B09DB2024EFF3118384F31288E8
:10B05000BFF36F8F07F0D6F8F6E7054905481C22C5
:10B0600005F059FC1C21024805F04CFCC05D022093
:10B07000C15E0C002FD90B0008B5836843B90B499A
:10B080000B48A42205F047FCA421084805F03AFC2F
:10B09000D0E9003213605A600023027CC0E900331B
:10B0A00022F002020274836008BD00BF965E0C00AD
:10B0B0002FD90B002DE9F74F0446884692461F46CC
:10B0C0009DF83090EFF3058353B152EA070307D0A0
:10B0D00059499922594805F01EFC9921564814E017
:10B0E00004F10805EFF311864FF0200B8BF3128863
:10B0F000BFF36F8F284603F001F840B9504984220E
:10B100004E4805F008FC84214D4805F0FBFB28461D
:10B1100003F018F8626A23699A4272D2EFF311833E
:10B120008BF31288BFF36F8F83F31188BFF36F8F98
:10B130003BB944494148BB2205F0EDFBBB214148E6
:10B14000E3E72768BC4218D0BFB13846FFF794FF49
:10B1500007F1180003F098F94146E26878690DF0AC
:10B160007EF800233846C7F8B83001F063FD314659
:10B1700028460CF052FF002452E0206A6769B8426A
:10B1800007D3A3695A1E904203D8E268191A914264
:10B1900006D22949B422294805F0BDFBB4219DE718
:10B1A000B9F1000F23D041460DF059F8236AE26847
:10B1B0001344A2692362934201D163692362636AE3
:10B1C00004F1280001336362102103F02DFC0446D2
:10B1D0000028CCD1284602F09FFF40BB18494FF40D
:10B1E0009972164805F097FB4FF499718CE7E16965
:10B1F0008F4218BF0B46981A4146E0610DF02FF8B8
:10B20000DDE75AEA07030FD00F4B22469B68314611
:10B21000C3F814802846CDE900A701F0CFFE04460C
:10B22000204603B0BDE8F08F6FF02204D2E786F32A
:10B230001188BFF36F8FF3E7E25E0C002FD90B008C
:10B240006CE50B00965E0C00C05D022038B5A2FBD9
:10B25000035454B902FB03F54D190FD310492F22A3
:10B26000104805F058FB2F2105E00D492E220D480E
:10B2700005F051FB2E210A4805F044FBC0E90323E9
:10B2800000F12803C0E90515C0E90711C0E9000075
:10B29000C0E90A33446280F83040846038BD00BFA2
:10B2A000E25E0C002FD90B002DE9F74304468846D7
:10B2B00017461D46EFF3058363B152EA050309D033
:10B2C00057494FF49772574805F025FB4FF4977193
:10B2D000534813E004F10806EFF31189202383F3A8
:10B2E0001288BFF36F8F304602F008FF40B94E4915
:10B2F00084224C4805F00FFB84214B4805F002FBEB
:10B30000304602F01FFF636A002B63D0E2684046BC
:10B31000E1690CF0A4FFE369E2681344A269E36108
:10B32000934204BF6369E361636A013B6362EFF3C5
:10B330001183202282F31288BFF36F8F83F3118869
:10B34000BFF36F8F3BB939493648BB2205F0E3FAAA
:10B35000BB213648D2E72568AC424BD0002D4AD0FD
:10B360002846FFF789FE05F1180003F08DF8206AE2
:10B370006369984207D3A3695A1E904203D8E268D2
:10B380001B1A934208D226494FF4A472254805F0AF
:10B39000C2FA4FF4A4719BE769690CF060FF236A5D
:10B3A000E26828461344A2692362934204BF63699A
:10B3B0002362636A013363620024C5F8B84001F078
:10B3C00039FC494630460CF028FE2546284603B095
:10B3D000BDE8F08357EA05031AD0154B22469B6857
:10B3E0004946C3F814803046CDE9007501F0E6FD0A
:10B3F0000546EBE70025304602F08EFE58B90A49B3
:10B400004FF49972074805F086FA4FF4997174E782
:10B410006FF02205EFE789F31188BFF36F8FD5E74F
:10B42000E25E0C002FD90B006CE50B00965E0C0061
:10B43000C05D02202DE9F341044617461E46EFF396
:10B44000058545B14D494E48732205F064FA7321D4
:10B450004A4805F057FAEFF31188202383F3128846
:10B46000BFF36F8F474802F049FE38B9464984223E
:10B47000434805F050FA84214348EAE7414802F086
:10B4800061FE424BE2689B6892B1A068984222D06C
:10B4900057EA060227D13B4802F03EFE90B188F3FE
:10B4A0001188BFF36F8F6FF00F0002B0BDE8F0811D
:10B4B00093F90E100132C4E902323248216102F0E0
:10B4C0002BFE50B930494FF499722D4805F023FAFC
:10B4D0004FF49971D0E72169ECE788F31188BFF345
:10B4E0006F8F0020E1E793F90E1090F90E3099422A
:10B4F00005DA9942A8BF19460CF073FC05462246AE
:10B500004146CDE900761F4801F058FD0028E8D0FB
:10B51000EFF31186202383F31288BFF36F8F19484E
:10B5200002F0ECFD0028A1D0164802F00BFEA06846
:10B53000C0B1236821699C420AD04BB193F90E3007
:10B540009942A8BF19466FF07F039942B8BF1946C8
:10B550000CF047FC30B131460A480CF05EFD6FF04C
:10B560000A00A2E7002DF6D1064802F0D5FD00281A
:10B57000A8D086F31188BFF36F8FF0E7045F0C004B
:10B580002FD90B00E45D02206CE50B00C05D0220AA
:10B59000F8B50546EFF3058343B14B49EA224B4822
:10B5A00005F0B9F9EA21484805F0ACF98368002BA9
:10B5B00000F08480464A9268934240F08280C368DB
:10B5C00043B941494FF48172404805F0A4F94FF462
:10B5D0008171E8E7012B03D0013BC3600020F8BD77
:10B5E000EFF31187202484F31288BFF36F8F39485B
:10B5F00002F084FD38B938498422344805F08BF9CB
:10B6000084213548D0E7334802F09CFD2969A868B9
:10B610000CF0E7FBEFF3118384F31288BFF36F8F15
:10B6200083F31188BFF36F8F3BB92C49BB222748A6
:10B6300005F071F9BB212948B6E72C68AC420FD15F
:10B6400000232448C5E9023302F066FD88BB224985
:10B650004FF499721D4805F05EF94FF49971D0E7E7
:10B66000002CEDD0A36833B91C49A422174805F07B
:10B6700052F9A421DFE70026D4E9003213605A60B2
:10B68000237CC4E9006623F002032374A66004F15E
:10B69000180002F0F9FEAC6094F90E3020462B61E0
:10B6A000C4F8B86001F0C6FA39460A480CF0B5FC97
:10B6B00094E787F31188BFF36F8F8FE76FF0150062
:10B6C0008DE74FF0FF308AE7045F0C002FD90B00A5
:10B6D000C05D0220E45D02206CE50B00965E0C006C
:10B6E00008B5836843B90B490B48A42205F013F948
:10B6F000A421084805F006F9D0E9003213605A6029
:10B700000023027CC0E9003322F00202027483604D
:10B7100008BD00BF965E0C002FD90B002DE9F04745
:10B7200004460F4691469A469DF8208000F1080590
:10B73000EFF31186202383F31288BFF36F8F28461F
:10B7400002F0DCFC38B94A4984224A4805F0E3F8A3
:10B750008421474819E0284602F0F4FCB8F1000FB4
:10B7600000D06768EFF31183202282F31288BFF3C1
:10B770006F8F83F31188BFF36F8F43B93E493D4804
:10B78000BB2205F0C8F8BB213B4805F0BBF82346B7
:10B7900053F80C8F984519D0B8F1000F16D04046D9
:10B7A000FFF79EFF08F1180002F06EFE00234046EE
:10B7B000C8F8B830C8F8149001F03CFA3146284671
:10B7C0000CF02BFC00242046BDE8F087BAF1000FF6
:10B7D00014D0082003F01AFB002841D00122C0F841
:10B7E00004900260016801F003015FB922680A4316
:10B7F0000260626820606AB960600BE04846C9F880
:10B8000000A0EFE73A68032A1FD801606168B1B968
:10B81000C4E9000004F11400042103F005F9044612
:10B820000028CBD1284602F077FCE0B910494FF44C
:10B830009972104805F06FF84FF4997189E70A681A
:10B8400002F0030202430A60D6E722F003020A4331
:10B8500002603A6802F0030240EA02033B60D9E763
:10B860006FF00B04DEE786F31188BFF36F8FAAE752
:10B870006CE50B002FD90B00965E0C002DE9F74309
:10B88000054690461F4600F10806EFF31189202374
:10B8900083F31288BFF36F8F304602F02FFC40B95C
:10B8A00020498422204805F036F884211D4805F0FF
:10B8B00029F8304602F046FC2C68D4B123686A6847
:10B8C00023F00303944220464FF001012B6008BF90
:10B8D0006B600CF095FA0446304602F01DFCC0B9CE
:10B8E00010494FF49972104805F015F84FF499710A
:10B8F000DCE758EA0703EFD049463046CDE9008738
:10B9000005F10C0201F05AFB38B9084B9B685C69E1
:10B9100003E089F31188BFF36F8F204603B0BDE8C1
:10B92000F08300BF6CE50B002FD90B00C05D022037
:10B9300008B5836843B90B490B48A42204F0EBFF18
:10B94000A421084804F0DEFFD0E9003213605A60F9
:10B950000023027CC0E9003322F0020202748360FB
:10B9600008BD00BF965E0C002FD90B0070B50446D1
:10B97000EFF31186202585F31288BFF36F8F2C48D3
:10B9800002F0BCFB38B92B4984222B4804F0C3FFDA
:10B990008421284814E0264802F0D4FBEFF31183F9
:10B9A00085F31288BFF36F8F83F31188BFF36F8F16
:10B9B00043B922492048BB2204F0ADFFBB211F48F8
:10B9C00004F0A0FF2568AC4213D095B12846FFF7DC
:10B9D000AFFF05F1180002F057FD00232846C5F817
:10B9E000B83001F027F93146BDE8704010480CF03E
:10B9F00014BBD4E902329A4218BF01330221A3607A
:10BA000004F1100003F010F80028ECD1084802F00F
:10BA100083FB40B907494FF49972074804F07BFF54
:10BA20004FF49971B5E786F31188BFF36F8F70BD3E
:10BA3000E85D02206CE50B002FD90B00965E0C0030
:10BA4000F7B5044616461D46EFF305835BB152EA8F
:10BA5000050308D026492748882204F05CFF882186
:10BA6000234804F04FFFEFF31187202383F312885C
:10BA7000BFF36F8F204802F041FB38B91F49842281
:10BA80001C4804F048FF84211C48EAE71A4802F0E9
:10BA900059FBA368ABB1013B1748A36002F03CFB24
:10BAA00040B916494FF49972124804F034FF4FF42C
:10BAB0009971E9E787F31188BFF36F8F002003B016
:10BAC000F0BD56EA05030BD10B4802F025FB002818
:10BAD000E7D087F31188BFF36F8F6FF00F00EEE7A9
:10BAE00022463946CDE90065034801F067FAE6E7EA
:10BAF000265F0C002FD90B00E85D02206CE50B00DF
:10BB00002DE9F8430446EFF31188202787F31288C4
:10BB1000BFF36F8F2E4802F0F1FA064638B92D496F
:10BB200084222D4804F0F7FE84212A4816E0284894
:10BB300002F008FB4FF00009EFF3118387F312883E
:10BB4000BFF36F8F83F31188BFF36F8F43B923491E
:10BB50002148BB2204F0DFFEBB21204804F0D2FEC6
:10BB60002568AC4210D07DB12846FFF7E1FE05F113
:10BB7000180002F089FC6FF00A032846C5F8B830B7
:10BB800001F058F8B146D7E700230221A36004F181
:10BB9000100002F049FF78B9B9F1000F0CD10C4840
:10BBA00002F0BAFA70B90B494FF499720A4804F0DE
:10BBB000B2FE4FF49971B8E74146BDE8F843044836
:10BBC0000CF02BBA88F31188BFF36F8FBDE8F883B0
:10BBD000E85D02206CE50B002FD90B00965E0C008F
:10BBE0002DE9FF410446734EEFF31187202383F3C1
:10BBF0001288BFF36F8F704802F080FA40B96F4926
:10BC000084226F4804F087FE84216C4804F07AFE99
:10BC1000694802F097FAD4F8C450F5B9022104F14A
:10BC2000DC000CF02BF900283BD004F1D4050022F5
:10BC30000121284601F0DCFE0028F8D100234FF056
:10BC4000FF3202934FF0FF333946CDE900235A48C3
:10BC500004F1CC0201F018FFC6E7D4F8C8202B6825
:10BC6000954208BFC4F8C830C4F8C430D4F8DC30FA
:10BC7000514843F00203C4F8DC30EB68D5F8048087
:10BC800023F0040343F00103EB6002F045FAD0B95E
:10BC90004A494FF499724A4804F03DFE4FF49971B5
:10BCA000B3E7D4F8DC30DD06C8D5C4F8DC00424880
:10BCB00002F032FA0028EBD087F31188BFF36F8FC0
:10BCC00004B0BDE8F08187F31188BFF36F8FB8F13E
:10BCD000000F09D13B493A4840F2F32204F01BFE21
:10BCE00040F2F321374891E72846C047EFF3118728
:10BCF000202383F31288BFF36F8F2F4802F0FEF9E1
:10BD000000283FF47CAF2C4802F01CFAEB68D906FF
:10BD100023F0010236D4EA60EB689A0716D5306842
:10BD200023F00203EB6088B10022036870B1416820
:10BD30008D4235D103686ABB72683360904200D18E
:10BD40007360002340F8083BFFF710FED4F8DC30A6
:10BD500023F00203C4F8DC30DB0529D4D4F8C45046
:10BD6000003D18BF0125144802F0D6F900288FD0F5
:10BD700087F31188BFF36F8F002D3FF435AF01F0CB
:10BD8000CFFB31E723F01103EB6005F11000FFF763
:10BD9000EDFDC1E713607368984208BF7260D0E799
:10BDA00002461BB1196818460B46BFE71946FAE769
:10BDB0000025D8E7EC5D0220F45D02206CE50B0065
:10BDC0002FD90B00465F0C0070B5C3680546C3F35E
:10BDD00040069B070C460DD50122002104F1080006
:10BDE0000CF03CF800232360054B65605A681AB9D3
:10BDF000C3E90044304670BD14605C60FAE700BFE0
:10BE0000EC5D0220F8B5C36804469A070E46C3F3FA
:10BE100040054ED45F074ED40B680BB983680B60A6
:10BE2000E368D80735D5A36853B92449244840F2BC
:10BE3000571204F070FD40F25711204804F062FDE3
:10BE400002253360376867B31E4B9A68D7F8C03055
:10BE50009A4220D10CF076F880F00100C0B2D7F8F9
:10BE6000DC30D907C3F380021ED502B308B3002328
:10BE70002360D7F8C83083B9C7E9314438460CF09D
:10BE800017F8E36843F00403E3603368A3602846CF
:10BE9000F8BD0125D6E70020E1E71C60C7F8C840DF
:10BEA000ECE76FF0150506E06FF0120503E01B07E5
:10BEB000DDD56FF00F0500233360E8E7465F0C0027
:10BEC0002FD90B00C05D022073B50446EFF3118536
:10BED000202383F31288BFF36F8F1D4802F00EF901
:10BEE00040B91C4984221C4804F015FD84211948DE
:10BEF00004F008FD164802F025F900230193D4E967
:10BF00000423B3F1004F08BF012A0CD0104802F0FF
:10BF100003F9B8B90F494FF499720F4804F0FBFCCC
:10BF20004FF49971E3E70321201FA4F110060BF0F1
:10BF3000A5FF0028EAD0A369304601A90193FFF7C5
:10BF400061FFE3E785F31188BFF36F8F02B070BD27
:10BF5000F45D02206CE50B002FD90B0038B50D46BF
:10BF6000044640B90B499C220B4804F0D4FC9C21A8
:10BF7000084804F0C7FC31B906499D22064804F080
:10BF8000CAFC9D21F4E7102200210CF08EF96560B7
:10BF900038BD00BF465F0C002FD90B0037B50C46EB
:10BFA000019051B9224940F27D12224804F0B3FCBD
:10BFB00040F27D111E4804F0A5FC4B6843B91C49B2
:10BFC0004FF4BF721B4804F0A6FC4FF4BF71F1E7B9
:10BFD000EFF31185202383F31288BFF36F8F164888
:10BFE00002F08CF838B915498422124804F093FC09
:10BFF00084211248DFE7104802F0A4F8204601A986
:10C00000FFF700FF04460C4802F086F840B90B49E0
:10C010004FF49972074804F07EFC4FF49971E8E7F9
:10C0200085F31188BFF36F8F204603B030BD00BF8A
:10C03000465F0C002FD90B00F45D02206CE50B006D
:10C04000014601480BF06EBF9851022038B50446F6
:10C0500050B9224940F22B22214804F05CFC40F206
:10C060002B211E4804F04EFCC368DB0508D51B4994
:10C070004FF40B721A4804F04EFC4FF40B71F0E7CA
:10C08000EFF31185202383F31288BFF36F8F1548D8
:10C0900002F034F838B914498422114804F03BFC0A
:10C0A00084211148DEE70F4802F04CF820460BF0DF
:10C0B00006FF04460B4802F02FF840B90A494FF436
:10C0C0009972074804F027FC4FF49971E9E785F36A
:10C0D0001188BFF36F8F204638BD00BF465F0C004C
:10C0E0002FD90B00F45D02206CE50B002DE9F04127
:10C0F0000E46054650B9384940F23D22374804F013
:10C100000AFC40F23D21344804F0FCFB41B93249BD
:10C1100040F23E22314804F0FEFB40F23E21F2E7BD
:10C12000C368DB0508D52C4940F23F222B4804F0B8
:10C13000F2FB40F23F21E6E70BF004FF044640B17A
:10C1400025494FF41072254804F0E5FB4FF41071B7
:10C15000D9E7EFF31188202383F31288BFF36F8FA1
:10C160001F4801F0CBFF38B91E4984221B4804F058
:10C17000D2FB84211B48C7E7194801F0E3FFEB68B5
:10C1800003F01F03002B14BF0127002707D0284608
:10C190000BF095FE31462846FFF716FE0446104880
:10C1A00001F0BAFF40B90F494FF499720B4804F0FF
:10C1B000B2FB4FF49971DDE788F31188BFF36F8FFD
:10C1C0003CB14FF0FF324FF0FF3306F10800FFF7AC
:10C1D00037FC3846BDE8F081465F0C002FD90B00D4
:10C1E000F45D02206CE50B0008B550B9074908481A
:10C1F00040F2263204F08FFB40F22631034804F06F
:10C2000081FBE02200210CF050F808BD465F0C00D5
:10C210002FD90B00F0B589B004460E9D50B92D49B9
:10C2200040F253322C4804F076FB40F25331294857
:10C2300004F068FB41B927494FF45572264804F0D1
:10C240006AFB4FF45571F2E7D0F8DC0010F0010002
:10C2500008D0204940F255321F4804F05CFB40F200
:10C260005531E4E7C4E9310004F1CC00C4E93300FE
:10C2700004F1D400C4E9350055B32879002840F210
:10C28000011008BF0120C4F8DC0000204FF0FF3689
:10C290004FF0FF37CDE90330CDE90100CDE9066766
:10C2A00020460E4B009400F013FB55B1296811B1E4
:10C2B000204600F01BFA6B791BB1A38943F0010300
:10C2C000A381204601F03EFAC4F8C04009B0F0BD99
:10C2D0000120D8E7465F0C002FD90B00E1BB0A0014
:10C2E00038B50D46044650B90E4940F20F420E488B
:10C2F00004F011FB40F20F410A4804F003FB41B97E
:10C3000008494FF48262084804F005FB4FF482614B
:10C31000F2E7302200210BF0C8FF4FF48073656014
:10C32000E36038BD465F0C002FD90B0038B50446DA
:10C3300050B91B491B484FF4846204F0ECFA4FF4E7
:10C340008461174804F0DEFAEFF31185202383F3AC
:10C350001288BFF36F8F144801F0D0FE38B913492B
:10C360008422104804F0D7FA84211048EAE70E48E6
:10C3700001F0E8FEE4680C4804F01F0401F0CCFE74
:10C3800040B90A494FF49972064804F0C4FA4FF4D0
:10C390009971EAE785F31188BFF36F8F204638BDA6
:10C3A000465F0C002FD90B00F45D02206CE50B00FA
:10C3B000F7B50C4616461D46019050B92D4940F27E
:10C3C00086422D4804F0A7FA40F28641294804F03D
:10C3D00099FA41B9274940F28742274804F09BFA6D
:10C3E00040F28741F2E7EFF31187202383F31288AD
:10C3F000BFF36F8F214801F081FE38B920498422B4
:10C400001D4804F088FA84211D48E0E71B4801F02C
:10C4100099FEE36813F01E0F22D155EA060211D1EE
:10C42000204601A9FFF7EEFC0446144801F074FE13
:10C43000C0B913494FF499720F4804F06CFA4FF4E5
:10C440009971E1E743F00803E360019B04F11000F8
:10C45000A36232462B460B4901F054FF0124E4E766
:10C460000024E2E787F31188BFF36F8F204603B003
:10C47000F0BD00BF465F0C002FD90B00F45D022019
:10C480006CE50B00C9BE0A0001460148FFF790BFEA
:10C4900098510220F7B50C4616461D46019050B93A
:10C4A0002C4940F2A9422C4804F035FA40F2A94147
:10C4B000284804F027FA41B9264940F2AA42264802
:10C4C00004F029FA40F2AA41F2E7EFF311872023A2
:10C4D00083F31288BFF36F8F204801F00FFE38B945
:10C4E0001F4984221C4804F016FA84211C48E0E706
:10C4F0001A4801F027FE20460BF0CBFC55EA060354
:10C5000011D1204601A9FFF77DFC0446134801F034
:10C5100003FEB8B912494FF499720F4804F0FBF9C1
:10C520004FF49971E2E7E36804F1100043F0080367
:10C53000E360019B3246A3620A492B4601F0E2FE0A
:10C540000124E3E787F31188BFF36F8F204603B020
:10C55000F0BD00BF465F0C002FD90B00F45D022038
:10C560006CE50B00C9BE0A0001460148FFF792BF07
:10C570009851022038B5044650B91D491D4840F273
:10C58000CB4204F0C8F940F2CB41194804F0BAF9A3
:10C59000EFF31185202383F31288BFF36F8F1648C2
:10C5A00001F0ACFD38B915498422124804F0B3F902
:10C5B00084211248EAE7104801F0C4FD20460BF040
:10C5C00068FC20460BF07BFC04460B4801F0A4FD00
:10C5D00040B90A494FF49972064804F09CF94FF4A7
:10C5E0009971E6E785F31188BFF36F8F204638BD58
:10C5F000465F0C002FD90B00F45D02206CE50B00A8
:10C600002DE9F0410E46054650B9344940F2DC426E
:10C61000334804F080F940F2DC41304804F072F90C
:10C6200041B92E4940F2DD422D4804F074F940F240
:10C63000DD41F2E70BF086FC044640B1274940F2A9
:10C64000DE42274804F067F940F2DE41E5E7EFF308
:10C650001188202383F31288BFF36F8F214801F0E4
:10C660004DFD38B9204984221D4804F054F9842135
:10C670001D48D3E71B4801F065FDEB6803F01F037D
:10C68000002B14BF012700270AD028460BF001FC1D
:10C6900028460BF014FC31462846FFF795FB04466C
:10C6A000104801F039FD40B90F494FF499720C4818
:10C6B00004F031F94FF49971DAE788F31188BFF388
:10C6C0006F8F3CB14FF0FF324FF0FF3306F108009F
:10C6D000FFF7B6F93846BDE8F08100BF465F0C00B1
:10C6E0002FD90B00F45D02206CE50B0010B5044659
:10C6F00008B9054B9C681F2204F180000BF027FE4F
:10C70000002084F89F0010BDC05D02202DE9F04795
:10C710000C4681B37AB3002590F81090174F561E3F
:10C720006019B9F1000F04D104F805902046BDE866
:10C73000F087B7F804A019EA0A0F1AD0FB88A6EB15
:10C740000508984528BF9846396842460BF087FD92
:10C7500039EA0A0945440CD0A6EB0508B8F1010FE7
:10C7600028BF4FF001086019424605490BF077FDDC
:10C7700045440837D4E7034CD8E700BFD8D60B00B0
:10C78000675F0C0075EC0B002DE9F04F85B00F468C
:10C79000119904460F299946DDF838B0DDF84C8030
:10C7A0004BD1454883424CD104F15800C4E91600EE
:10C7B00012980026A0810420073222F0070A524670
:10C7C0002074A17307EB0A05AA213846C4E906665E
:10C7D000A660E6730BF069FD29462046EAF798FB50
:10C7E000109B073020F00700C4F8A800C4E9287A9D
:10C7F00002930F9B2D1ACDE900B32A464B463946CA
:10C800002046EAF795FF0F9BC4E91B9B6367109BCB
:10C810006665A367EFF31189202383F31288BFF3C2
:10C820006F8F264801F06AFCB0B92549842225485B
:10C8300004F071F8842122480CE001F110001E2858
:10C84000B2D921491F4840F24B2204F064F840F26B
:10C850004B211D4804F056F81C4F184801F072FC9B
:10C860003B6A1648E3673C6201F056FC40B9144944
:10C870004FF49972134804F04EF84FF49971DAE7C7
:10C8800089F31188BFF36F8FB8F1000F11D01F2209
:10C89000414604F180000BF05AFD84F89F60BB68AC
:10C8A0000BB1D3F8AC302846C4F8AC3005B0BDE8C5
:10C8B000F08F84F88080F2E739B00A00045E02202D
:10C8C0006CE50B002FD90B00695F0C00C05D0220E6
:10C8D000F0B587B00446DDE91276EFF3058555B172
:10C8E0001749184840F2173204F015F840F2173192
:10C8F000134804F007F80595109D04950F9D0395C6
:10C900000E9D02950D9D01950C9D0095FFF73CFF36
:10C91000B6F1FF3F08BFB7F1FF3F05D056EA070366
:10C9200005D1204600F00EFF204607B0F0BD3A4684
:10C93000334604F11800044901F0E4FCF4E700BFB9
:10C94000695F0C002FD90B0051CF0A00012310B5ED
:10C950000374838100230446C0E9283302F050FAAF
:10C96000014B9C6010BD00BFC05D022070B590F906
:10C970001020037C002A44DBD90642D163F07F03F8
:10C980000374244B984208D123492448522203F0CF
:10C99000C2FF5221204803F0B5FF214C224652F835
:10C9A000183FE169934207D1C0E900210860E061C6
:10C9B0000FE08B42F8D01B68002BF5D093F90E6086
:10C9C00090F90E50AE42F4DD5968C0E900310860BC
:10C9D0005860A569954200D005B9E568A3683BB9E0
:10C9E00010490E48EA2203F096FFEA210D48D2E7EB
:10C9F0001A7CD20606D1DA897F2A03D9AA690AB934
:10CA0000636170BDAB4202D0284601F003FB656153
:10CA1000F7E700BF384F0220B65F0C002FD90B009C
:10CA2000C05D0220D85F0C0038B590F91020014697
:10CA3000002A037C19DA1F4A03F07F039042037433
:10CA400008D11D495A221D4803F065FF5A211A4892
:10CA500003F058FFDC0706D517495B22174803F09F
:10CA60005AFF5B21F3E70BF08CFA154D2A4652F87A
:10CA7000184FAB68944200D004B9EC688B4210D0D8
:10CA80003BB910490D48EA2203F045FFEA210D4861
:10CA9000DEE71A7CD20604D1DA897F2A01D9A2699D
:10CAA0002AB1A34202D0204601F0B4FA23466B61BA
:10CAB00038BD00BF384F0220B65F0C002FD90B00E5
:10CAC000C05D0220D85F0C0008B5124A936860B1BF
:10CAD000197C11F0090F08D10F491048D92203F031
:10CAE0001AFFD9210C4803F00DFF6FF00A01C3F8BB
:10CAF000B8100B49C3F8B4004B6843F080534B6047
:10CB0000002383F31188BFF36F8F9368D3F8B800C5
:10CB100008BD00BFC05D022004600C002FD90B00CF
:10CB200000ED00E038B503460C46D1B9EFF30585BA
:10CB3000BDB9154A51699268914212D001F0ECFAE0
:10CB400050B9124940F26D12114803F0E4FE40F270
:10CB50006D110E4803F0D6FE2846BDE83840FFF7B9
:10CB6000B3BF184601F0D8FA40B908494FF499729A
:10CB7000074803F0D0FE4FF49971EAE784F3118877
:10CB8000BFF36F8F38BD00BFC05D02206CE50B00A6
:10CB90002FD90B0008B5836843B909490948A42275
:10CBA00003F0B9FEA421064803F0ACFE0BF0E9F94E
:10CBB000037C23F0020303740023836008BD00BFDD
:10CBC000965E0C002FD90B0038B5184CA168E069AF
:10CBD0000B68814214BF1A46002249680B605960F5
:10CBE000A368E1692AB9124AC3E900210B60E36135
:10CBF0000AE092F90E5093F90E00854212DD516859
:10CC0000C3E900210B605360A569094B9D4200D028
:10CC100005B9E568A3689D4202D0284601F0FAF9FB
:10CC2000656138BD8A42DED01268DBE7C05D022054
:10CC3000D85D022038B50446EFF31185202383F335
:10CC40001288BFF36F8F124801F058FA40B91149AA
:10CC50008422114803F05FFE84210E4803F052FE47
:10CC60000B4801F06FFA2046FFF780FE084801F0FC
:10CC700053FA40B907494FF49972074803F04BFE45
:10CC80004FF49971E9E785F31188BFF36F8F38BDD1
:10CC9000F85D02206CE50B002FD90B00F8B56A4D4A
:10CCA0000446AE68864257D1EFF30583002B53D17B
:10CCB000EFF31187202383F31288BFF36F8F63484C
:10CCC00001F01CFA38B962498422624803F023FE5D
:10CCD00084215F4812E05D4801F034FA337C5E4AFB
:10CCE00003F07F0343F010039642337408D15B498D
:10CCF0005A22584803F00FFE5A21584803F002FE0A
:10CD0000D80706D555495B22524803F004FE5B2143
:10CD1000F3E730460BF035F92B4653F8184F9C4299
:10CD200000D004B9EC68AB689C4202D0204601F008
:10CD300071F946486C6101F0EFF940B9444940F29D
:10CD40006D12444803F0E7FD40F26D11C1E738462B
:10CD5000BDE8F840FFF7B8BEEFF31186202383F358
:10CD60001288BFF36F8F394801F0C8F90028AAD0A4
:10CD7000364801F0E7F9237CD9060DD5334801F098
:10CD8000CBF900285BD132494FF49972314803F056
:10CD9000C2FD4FF499719CE7D90943F010023ED1CE
:10CDA0002274AF692E4B9F4200D007B9EF68AB6881
:10CDB000BB4202D0384601F02DF9AB686F619C424E
:10CDC000DCD1EFF30585002DD8D1A389DB071FD572
:10CDD0001E4801F0A1F90028D5D086F31188BFF3D1
:10CDE0006F8F85F31188BFF36F8F0423184602DF1E
:10CDF000EFF31186202383F31288BFF36F8F13485C
:10CE000001F07CF900283FF45EAF104801F09AF978
:10CE10000E4801F081F9002890D0304698E70E4A7C
:10CE200003F07F0343F01003944223743FF45FAF99
:10CE3000DA073FF567AF20460BF0A3F8B1E786F3BA
:10CE40001188BFF36F8FF8BDC05D0220F85D02202E
:10CE50006CE50B002FD90B00384F0220B65F0C0099
:10CE6000D85D022038B50446EFF31185202383F303
:10CE70001288BFF36F8F184801F040F940B9174985
:10CE80008422174803F047FD8421144803F03AFD3B
:10CE9000114801F057F9237CDA0611D40E4801F04D
:10CEA0003BF940B90D494FF499720D4803F033FD39
:10CEB0004FF49971E9E785F31188BFF36F8F38BD9F
:10CEC00023F0100320462374FFF750FD2946BDE8E8
:10CED00038400148FFF726BEF85D02206CE50B00E4
:10CEE0002FD90B0038B50446EFF31185202383F3C7
:10CEF0001288BFF36F8F134801F000F940B912494F
:10CF00008422124803F007FD84210F4803F0FAFC45
:10CF10000C4801F017F9A36813B12046FFF73AFE59
:10CF2000084801F0F9F840B907494FF499720748E9
:10CF300003F0F1FC4FF49971E7E785F31188BFF333
:10CF40006F8F38BDF85D02206CE50B002FD90B0008
:10CF500038B5A0F11804EFF31185202383F312886C
:10CF6000BFF36F8F124801F0C9F840B9114984220C
:10CF7000114803F0D0FC84210E4803F0C3FC0C4898
:10CF800001F0E0F820460BF02AF8094801F0C4F857
:10CF900040B908494FF49972074803F0BCFC4FF4BC
:10CFA0009971E9E785F31188BFF36F8F38BD00BF32
:10CFB000F85D02206CE50B002FD90B002DE9F0473E
:10CFC000DFF8B0A02C4F1646DDE90898DAF8082003
:10CFD0002A4BB84204460D461A600AD1284929480E
:10CFE00040F2B92203F097FC40F2B921244803F043
:10CFF00089FCEFF31183202383F31288BFF36F8F33
:10D00000384601F07BF838B91F4984221D4803F0E7
:10D0100082FC84211C48EAE7384601F093F8DAF8EC
:10D020000870314638460AF0B4FFB8F1FF3F08BF38
:10D03000B9F1FF3F06D04A464346144907F11800AC
:10D0400001F060F9204601F067F840B90E4940F25E
:10D050006D120C4803F05FFC40F26D11DAE70648F0
:10D0600001F05AF80028F1D02846BDE8F047FFF754
:10D070002BBD00BFC05D0220F85D0220FC5D0220D8
:10D08000B65F0C002FD90B006CE50B0051CF0A00E6
:10D0900070B50546EFF31186202383F31288BFF3A2
:10D0A0006F8F164801F02AF840B9154984221548B7
:10D0B00003F031FC8421124803F024FC0F4801F0F6
:10D0C00041F82C68A54210D014B12046FFF762FD4C
:10D0D0000A4801F021F850B909494FF499720948FA
:10D0E00003F019FC4FF49971E5E70024F0E786F3AB
:10D0F0001188BFF36F8F204670BD00BFF85D02201E
:10D100006CE50B002FD90B002DE9F04104460D46CC
:10D11000EFF31187202383F31288BFF36F8F5348F7
:10D1200000F0ECFF38B952498422524803F0F3FB77
:10D1300084214F4817E04D4801F004F8237C03F0A8
:10D140001F02002A0CBF012600265BD103F07F03DB
:10D150002374494B9C4208D148495A22454803F060
:10D16000DAFB5A21454803F0CDFB20460AF009FFBF
:10D17000237C6DB243F08003DA07A573237406D5D0
:10D180003E4953223B4803F0C6FB5321EAE7DFF850
:10D19000F080424652F8183FD8F81C10934208D14C
:10D1A000C4E900210C60C8F81C400DE08B42F7D0A8
:10D1B0001B68002BF4D093F90E00A842F6DD5968E5
:10D1C000C4E900310C605C60D8F81840944200D08B
:10D1D0000CB9D8F80C40D8F808309C4202D0204650
:10D1E00000F018FFC8F81440204800F095FF002810
:10D1F00034D11F494FF499721E4803F08CFB4FF451
:10D20000997196E79B0727D5A16839B91D49194837
:10D21000A42203F080FBA4211A48A4E720466DB2A3
:10D220000AF0AFFEA5730B68994209D14B68C4E9B7
:10D2300000131C604C60D7E74A689342F6D01B6825
:10D24000002BF3D093F90E20AA42F5DD5A68C4E909
:10D25000003214605C60C7E7A573C5E787F31188E7
:10D26000BFF36F8F3046BDE8F08100BFF85D02204C
:10D270006CE50B002FD90B00384F0220B65F0C0075
:10D28000C05D0220965E0C00034648B9EFF30582AC
:10D2900032B9064A51699268914201D0FFF714BC35
:10D2A00083F31188BFF36F8F704700BFC05D02200A
:10D2B00010B5EFF31184202383F31288BFF36F8F2F
:10D2C0001F4800F01BFF38B91E4984221E4803F096
:10D2D00022FB84211B480EE0194800F033FFEFF3D6
:10D2E000058353B1194940F23B32174803F013FB51
:10D2F00040F23B31154803F005FB154B9A68D37B90
:10D30000012B08D111494FF44F720F4803F003FB72
:10D310004FF44F71EEE7013BD373094800F0FCFE78
:10D3200040B908494FF49972074803F0F4FA4FF4F2
:10D330009971CFE784F31188BFF36F8F10BD00BFE1
:10D34000F85D02206CE50B002FD90B00B65F0C00D6
:10D35000C05D022070B5EFF31186202383F312889D
:10D36000BFF36F8F234800F0C9FE40B9224923481C
:10D37000842203F0D0FA84211F4803F0C3FA204D21
:10D380001C4800F0DFFEAB68DA7B4AB91D4940F269
:10D390004D321A4803F0BFFA40F24D311948ECE71C
:10D3A000EFF3058141B1174940F24E32134803F0C3
:10D3B000B2FA40F24E31F1E70132DA732A4652F8FE
:10D3C000184F944200D004B9EC681A7CD20604D1FC
:10D3D000DA897F2A01D9A2692AB19C4202D020466B
:10D3E00000F018FE23466B613146BDE870400148ED
:10D3F000FFF798BBF85D02206CE50B002FD90B00FE
:10D40000C05D0220B65F0C0038B50446EFF311850D
:10D41000202383F31288BFF36F8F134800F06EFE52
:10D4200040B912498422124803F075FA84210F484A
:10D4300003F068FA0C4800F085FE20460AF0EFFD84
:10D440000446094800F068FE40B908494FF4997253
:10D45000074803F060FA4FF49971E8E785F3118803
:10D46000BFF36F8F204638BDF85D02206CE50B00DE
:10D470002FD90B00024B03F11802C3E906227047B3
:10D48000C05D022008B501F110031E2B0AD90F4917
:10D490000F4840F20D4203F03EFA40F20D410B48B6
:10D4A00003F030FAFFF730FE70B10A4B9B68DB7B6C
:10D4B00053B9EFF31180202383F31288BFF36F8FEA
:10D4C000BDE80840FFF7E0BE08BD00BFB65F0C0036
:10D4D0002FD90B00C05D022010B5EFF3118420237B
:10D4E00083F31288BFF36F8F84F31188BFF36F8FBC
:10D4F000084B1B780BB9002010BD0AF023FD002853
:10D50000F9D1002CF7D1044B9868044BC01A18BF0E
:10D510000120F1E7EE790220C05D0220384F0220A1
:10D5200070B5EFF3058353B1314932484FF490623F
:10D5300003F0F1F94FF490612D4803F0E3F9EFF3B4
:10D540001186202383F31288BFF36F8F2A4800F0DF
:10D55000D5FD38B929498422264803F0DCF9842115
:10D560002648EAE7264C244800F0ECFDA168E06973
:10D570000B68814214BF1A46002249680B6059604B
:10D58000A368E1692AB91F4AC3E900210B60E3617E
:10D590000AE092F90E5093F90E0085421EDD5168A3
:10D5A000C3E900210B605360A569164B9D4200D072
:10D5B00005B9E568A3689D4202D0284600F02AFD1F
:10D5C0000D48656100F0A8FD60B90C4940F26D128C
:10D5D000084803F0A0F940F26D11C1E78A42D2D0A9
:10D5E0001268CFE73046BDE87040FFF76DBA00BF64
:10D5F000B65F0C002FD90B00F85D02206CE50B0024
:10D60000C05D0220D85D02202DE9F04106460C469F
:10D61000EFF3058757B12D492D484FF4936203F07E
:10D620007AF94FF49361294803F06CF950EA010349
:10D6300004D1FFF775FF0020BDE8F081EFF31188FA
:10D64000202383F31288BFF36F8F224800F056FD2A
:10D6500038B9214984221E4803F05DF984211E480F
:10D66000E2E71E4D1B4800F06DFDA8681C4B1860DA
:10D67000FFF7DAF9A868234632461A49183000F055
:10D6800041FEAA680446137C124843F00403137455
:10D6900000F042FD40B9104940F26D120C4803F011
:10D6A0003AF940F26D11DAE74046FFF70DFAAB6840
:10D6B000D3E90A23B3F1004F08BFBA42BBD10AF045
:10D6C000EFFC201A20EAE070B6E700BFB65F0C005E
:10D6D0002FD90B00F85D02206CE50B00C05D022025
:10D6E000FC5D022051CF0A00F8B507460E46EFF365
:10D6F000058454B11149124840F2C64203F00BF9B7
:10D7000040F2C6410D4803F0FDF8FFF77DFFB6F18A
:10D71000FF3F08BFB7F1FF3F05460CD0214647F653
:10D7200011204FF47A7447F612220023E5FB04011E
:10D73000E1F76CF8F8BD4FF0FF30FBE7B65F0C0087
:10D740002FD90B0038B50446EFF31185202383F35E
:10D750001288BFF36F8F1B4800F0D0FC40B91A4904
:10D7600084221A4803F0D7F88421174803F0CAF836
:10D77000144800F0E7FC237C5B0710D504F1180087
:10D7800000F082FE237C204623F004032374FFF77D
:10D79000EDF82946BDE838400A48FFF7C3B9094803
:10D7A00000F0BAFC40B908494FF49972074803F0F9
:10D7B000B2F84FF49971D8E785F31188BFF36F8FF2
:10D7C00038BD00BFF85D02206CE50B002FD90B00BF
:10D7D000014B9868704700BFC05D02202DE9F843F7
:10D7E00004468789EFF31185202383F31288BFF362
:10D7F0006F8F774800F082FC40B9764984227648E2
:10D8000003F089F88421734803F07CF8704800F035
:10D8100099FC237C180712D56D4800F07DFC40B9B7
:10D820006C494FF499726C4803F075F84FF4997194
:10D83000E9E785F31188BFF36F8FBDE8F883D90955
:10D8400043F0080240F081802274A36813B120469F
:10D85000FFF7A0F904F1180000F016FEA66D04F120
:10D860005808B04511D04FF0000976B13046FFF7A7
:10D8700091F906F1180000F007FE3046C6F8B8909E
:10D88000FFF774F8A66DB045EFD1DFF85081D8F8F6
:10D8900008309C4276D1EFF30589B9F1000918BF31
:10D8A0004FF00109D8F818604D4A964200D00EB9E1
:10D8B000D8F80C60B34202D0304600F0ABFB2046F3
:10D8C000C8F8146004F094FC204600F0ABFCB9F1F9
:10D8D000000F02D04348FFF739F8D8F808309C42CF
:10D8E0005FD1EFF30586002E5BD1A389DA071FD540
:10D8F000374800F011FC002892D085F31188BFF35F
:10D900006F8F86F31188BFF36F8F0423184602DFF1
:10D91000EFF31185202383F31288BFF36F8F2C4818
:10D9200000F0ECFB00283FF468AF294800F00AFC47
:10D93000274800F0F1FB40BB264940F26D12264813
:10D9400002F0E9FF40F26D115DE7274A03F07F0323
:10D9500043F008039442237407D124495A221E48F5
:10D9600002F0D9FF5A2121484EE7D90706D51F49B1
:10D970005B22194802F0CFFF5B21F4E720460AF052
:10D9800000FB62E74FF000098CE72846FFF79CF8A0
:10D9900016494FF4EE72104802F0BDFF4FF4EE71DD
:10D9A000E1E70B4800F0B8FB00283FF439AF85F3FE
:10D9B0001188BFF36F8FFB077FF53FAF0B4940F234
:10D9C000A252054802F0A7FF40F2A251CBE700BFE8
:10D9D000F85D02206CE50B002FD90B00C05D022022
:10D9E000D85D0220B8500220384F0220B65F0C00EC
:10D9F0002DE9F843064688461746EFF311892023A0
:10DA000083F31288BFF36F8F1C4800F077FB054645
:10DA100040B91B4984221B4802F07DFF842118482D
:10DA200002F070FF154800F08DFB3468A6421AD052
:10DA3000DCB12046C4F8B8806761FFF7ABF804F1A9
:10DA4000180000F021FD2046FEF790FF0B4800F083
:10DA500063FB60B90A494FF499720A4802F05BFF10
:10DA60004FF49971DBE70025F0E72546EEE789F3EF
:10DA70001188BFF36F8F2846BDE8F883F85D022058
:10DA80006CE50B002FD90B00D3B5DDE90667089CC8
:10DA9000CDE90067FFF792FA1CB1034B9B685B6905
:10DAA000236002B0D0BD00BFC05D02202DE9F04769
:10DAB0000546884616461F46EFF31189202383F357
:10DAC0001288BFF36F8F234800F018FB40B922493A
:10DAD0008422224802F01FFF84211F4802F012FF17
:10DAE0001C4800F02FFB2868854208D038B16B68CD
:10DAF00098420CBF4FF0000AD0F800A088B900246B
:10DB000016B139462046B047124800F005FBD0B99F
:10DB100011494FF49972114802F0FDFE4FF49971CA
:10DB2000DBE73946C04704460028E9D1BAF1000FC7
:10DB300007D06B68534501D0DAF800405046A24642
:10DB4000DCE75446FAE789F31188BFF36F8F20466C
:10DB5000BDE8F087F85D02206CE50B002FD90B00C3
:10DB60002DE9FF4105461746DDE90A2302A80C46C8
:10DB70000AF0C1FADDE9021251EA02033BD026465F
:10DB800000202368013346F8183B0C9B1870CDE940
:10DB9000001230462A463968FFF710FA0546EFF3BF
:10DBA0001188202383F31288BFF36F8F304600F073
:10DBB000A5FA40B911491248842202F0ACFE842132
:10DBC0000E4802F09FFE304600F0BCFAC7F8008015
:10DBD000226894F82C30013A9907226002D52AB1C4
:10DBE0006FF08B05284604B0BDE8F08123F00203F6
:10DBF00084F82C30F4E76FF00A05F3E76CE50B00CE
:10DC00002FD90B00B2F5004F08B508D310491148C1
:10DC1000B22202F080FEB2210D4802F073FE002312
:10DC200042610122C0E9023303610360836100F1B4
:10DC30001C03C0E9073300F12403C0E9093300F1F4
:10DC40003003C0E90C33416080F82C2008BD00BFD0
:10DC500066060C002FD90B002DE9F04F064691B057
:10DC60009146DDE91A230CA807910AF01FFADDE9B5
:10DC70000C34CDE9083406F118030593EFF311884D
:10DC8000202383F31288BFF36F8F06F1180000F092
:10DC900035FA38B969498422694802F03CFE84218A
:10DCA00066484FE006F1180000F04CFA002396F8A1
:10DCB0002C408DF83B3014F0020440F0A78096F819
:10DCC0002C70FF4317F0010740F0A380F28973899D
:10DCD0009A4269D13368002B66D0BB46A9EB040396
:10DCE000069306F11C030A93F5690A9B9D4249D0ED
:10DCF000002D47D0D5F814A00699DAE90123C91BF5
:10DD0000D21A8A4228BF0A46DAF80000DDF81CC0A1
:10DD1000E119614418440B920AF0A1FADAF80810EC
:10DD20000B9A17440A44DAF80410CAF808208A4209
:10DD300028D3AA6842B943494148A42202F0EBFD26
:10DD4000A421404802F0DEFDD5E900210A605160BF
:10DD50002A7CC5E900BB22F002022A74C5F808B08B
:10DD600005F1180000F090FB2846C5F8B8B0C5F8DA
:10DD700014B0FEF75FFF4FF001038DF83B30069BB8
:10DD8000BB42B1D83C44A1450ED825469DF83B3056
:10DD9000002B41D041460598CDF83C800AF03DF972
:10DDA000284611B0BDE8F08F202106F1300000F0C8
:10DDB0003BFE9DF83B30A9EB04021843079B8DF80E
:10DDC0003B001919301DE4F7BDFC0444A14501D105
:10DDD0004D46DBE70DF13B0302933146DDE90823B5
:10DDE00006F12400CDE900230FAACDF83C80FFF70F
:10DDF000B7FEDDF83C80054600283FF460AF10F127
:10DE00000B0FC3D1002C18BF2546BFE76FF08B0561
:10DE1000BCE76FF01F05B9E7059800F07DF940B940
:10DE200006494FF49972064802F075FD4FF4997156
:10DE300036E788F31188BFF36F8FB1E76CE50B000D
:10DE40002FD90B00965E0C002DE9F04F04464FF0E1
:10DE5000000B8FB0CDE90B121646DDE9182306A89A
:10DE60008A46CDF834B004F118070AF01FF9DDE94D
:10DE70000689EFF31185202383F31288BFF36F8F98
:10DE8000384600F03BF940B93A4984223A4802F05A
:10DE900042FD8421374802F035FD384600F052F942
:10DEA00094F82C308DF827B099074DD4231D059395
:10DEB000228A23899B1A62699BB29A4205D104F196
:10DEC00024000AF0C3F88DF827000D990598721AFE
:10DED0005144E4F765FC0D9B0344B3420D930DD10F
:10DEE000B3469DF82720002A31D0294638460A95A6
:10DEF0000AF093F858460FB0BDE8F08F94F82C2044
:10DF0000D20705D4002B14BF9B466FF01F0BE8E728
:10DF10001A4B0BAA9B6821465A610DF12703CDE9E4
:10DF2000008902930AAA04F11C000A95FFF718FE63
:10DF30000A9D83460028BBD010F10B0FD1D10D9A5A
:10DF4000002A18BF9346CCE76FF08B0BC9E7384621
:10DF500000F0E2F840B907494FF49972064802F020
:10DF6000DAFC4FF4997195E785F31188BFF36F8F51
:10DF7000C0E700BF6CE50B002FD90B00C05D02208D
:10DF8000027C034612F01F0210D10A4988420DD0CC
:10DF90000949086868B1D9897F2909D893F90E2001
:10DFA000064B1B689A42B8BF00207047002070479C
:10DFB00010467047384F022064200220005E022085
:10DFC00008B568B10E4B98420AD303F1180290428B
:10DFD00006D21822C01AB0FBF2F302FB130343B1BE
:10DFE000084909483F2202F096FC3F21054802F00B
:10DFF00089FC0122054BC0105843054B1A5408BD3B
:10E00000785102202E600C002FD90B00ABAAAAAACF
:10E01000EF79022070B50C4B0C4D1E7CFFF7B0FF62
:10E02000182303FB06550446284600F02DFA00226B
:10E03000074B9A553CB1621E2846BDE87040054921
:10E04000D31700F05FB970BDC05D02207851022087
:10E05000EF790220C1DF0A0038B5EFF311852023E4
:10E0600083F31288BFF36F8F1E4800F047F840B962
:10E070001D4984221D4802F04EFC84211A4802F0FA
:10E0800041FC184800F05EF8194B1A4A9C68106869
:10E09000A0420ED1FFF7BEFF124800F03DF8D8B9FC
:10E0A00011494FF49972114802F035FC4FF49971FF
:10E0B000E4E700211B7C11600F4AD35C002BEBD0FE
:10E0C0002046FFF75DFF0028E6D0237CDB0601D168
:10E0D000FEF77AFD2046DDE785F31188BFF36F8FE9
:10E0E00038BD00BFF85D02206CE50B002FD90B0096
:10E0F000C05D0220FC5D0220EF790220006838B18B
:10E10000044B00F003001B7CC01A18BF01207047AD
:10E1100001207047C05D0220002302680360EFF316
:10E120000581074B986811B1017CC90705D41B7C98
:10E130001843831A5842584170470120704700BF66
:10E14000C05D0220024B1A7C9B681343036070473A
:10E15000C05D02202DE9F8430F469146064640B9BE
:10E160002B492C482E2202F0D6FB2E21284802F003
:10E17000C9FBEFF311844FF0200888F31288BFF336
:10E180006F8F2548FFF7BAFF38B924498422214808
:10E1900002F0C1FB84212148E9E71F48FFF7D2FFC5
:10E1A0001F4B1D6A4DB91C48FFF7B6FF60B184F3E1
:10E1B0001188BFF36F8FBDE8F883B9F1000F23D04A
:10E1C0001548FFF7A9FF40B914494FF49972114857
:10E1D00002F0A1FB4FF49971DDE784F31188BFF3DE
:10E1E0006F8F39462846B047EFF3118488F31288C1
:10E1F000BFF36F8F0848FFF781FF0028C5D006489E
:10E20000FFF7A0FFED6FCDE739462846B047F9E7A5
:10E2100056600C002FD90B00045E02206CE50B0049
:10E22000C05D022038B50446EFF31185202383F347
:10E230001288BFF36F8F1848FFF760FF40B9174986
:10E240008422174802F067FB8421144802F05AFB2D
:10E250001148FFF777FF134A136AA3420FD1DB6F10
:10E2600013620D48FFF758FF88B90C494FF49972B3
:10E270000B4802F050FB4FF49971E6E71346002B70
:10E28000EFD0DA6FA242F9D1E26FDA67E9E785F3FE
:10E290001188BFF36F8F38BD045E02206CE50B0060
:10E2A0002FD90B00C05D0220024B1868984208BFAE
:10E2B0000020704768200220034B1B680BB9F9F758
:10E2C000C7BE0020704700BF085E022030B570B1A5
:10E2D0000B4B5B6898420AD0036843B1D3E9042131
:10E2E000D0E90445121941EB0501C3E90421D0E945
:10E2F000003213605A600023C0E9003330BD00BF14
:10E3000068200220B3F1FF3F08BFB2F1FF3F2DE9C3
:10E31000F84F04469B4615461F4600F0A480D0F8EF
:10E320000090B9F1000F08D050495148642202F022
:10E33000F2FA64214D4802F0E5FA8160EFF31188AA
:10E34000202383F31288BFF36F8F4A48FFF7D6FE6E
:10E35000824638B948498422454802F0DCFA8421D3
:10E360004548E8E74348FFF7EDFEBBF1000F434A9D
:10E370001FDBFFF7A1FF064601354BF1000B3F4ABB
:10E380002D184BEBE073D2E90017C4E904536D1864
:10E3900043EB0707FFF788FF0346DFF8E4E0DEF80A
:10E3A0000490EBB9C4E900E9C9F80040CEF8044094
:10E3B00028E06FF00103D2E900125B1A4FF0FF3141
:10E3C00061EB02025B1B62EB0B02012B72F100019D
:10E3D000BCBF01234A464FF0000AC4E90432D9E722
:10E3E000D3E9041CD4E904208A4270EB0C0B29DA2F
:10E3F000891A5A686CEB0000C3E90410C4E90032C2
:10E4000014605C60FFF750FF84420ED11D4B1B6807
:10E410005BB9BAF1000F02D1FFF74EFF0646304656
:10E4200009F027FE0021F9F755FE1248FFF774FEA8
:10E4300088B911494FF499720D4802F06CFA4FF403
:10E4400099718DE7521A60EB0C004B45C4E904202A
:10E45000A8D01B68A5E788F31188BFF36F8F284603
:10E460003946BDE8F88F00252F46F8E781600C009B
:10E470002FD90B000C5E02206CE50B00905102209E
:10E4800068200220085E022070B50446EFF3118672
:10E49000202383F31288BFF36F8F2548FFF72EFEEA
:10E4A00040B924498422244802F035FA84212148C5
:10E4B00002F028FA1E48FFF745FE236813B3FFF762
:10E4C000F3FE05462046FFF701FF00224FF0004310
:10E4D000A542C4E904230DD000241548FFF71CFE13
:10E4E000F8B914494FF49972134802F014FA4FF432
:10E4F0009971DCE7FFF7E0FE09F0BBFD0021F9F7B9
:10E50000E9FDE9E7D4E90423B3F1004F08BF012A8C
:10E5100004D100224FF00043C4E904236FF0150436
:10E52000DBE786F31188BFF36F8F204670BD00BF15
:10E530000C5E02206CE50B002FD90B002DE9F04793
:10E54000DFF8F0900246C9F80000FFF7ADFE8846FC
:10E55000044600260027DFF8E0A04FEAE27CDAE973
:10E56000001354B1D4E90450AA427CEB000E1EDA29
:10E57000AD1A60EB0C00C4E904500024521843EBC0
:10E580000C032046CAE90023C9F8004009F071FDD8
:10E590002146F9F79FFD2948FFF7BEFDD0B188F36A
:10E5A0001188BFF36F8FBDE8F047FFF755BD6918BD
:10E5B00043EBE5732046C4E90467CAE90013FFF79B
:10E5C00085FE01224FF000431C48C4E90423FFF7F5
:10E5D000A3FD50B91A494FF499721A4802F09BF9F9
:10E5E0004FF49971164802F08DF988F31188BFF342
:10E5F0006F8F2046A3689847EFF31188202383F399
:10E600001288BFF36F8F0D48FFF778FD30B90C49C2
:10E6100084220C4802F07FF98421E3E70748FFF7E2
:10E6200091FDD9F80020521BC9F80020FFF73CFEED
:10E63000044692E7085E0220905102200C5E022000
:10E640006CE50B002FD90B0010B5EFF311842023DC
:10E6500083F31288BFF36F8F0848FFF74FFD40B96F
:10E6600007490848842202F056F98421044802F040
:10E6700049F90248FFF766FD204610BD0C5E0220F6
:10E680006CE50B002FD90B0010B504460948FFF7C5
:10E6900043FD50B9084909484FF4997202F03BF91B
:10E6A0004FF49971044802F02DF984F31188BFF3F7
:10E6B0006F8F10BD0C5E02206CE50B002FD90B0094
:10E6C00070B5EFF31186202383F31288BFF36F8FA9
:10E6D0001548FFF713FD40B914498422144802F08D
:10E6E0001AF98421114802F00DF90F48FFF72AFDAD
:10E6F000FFF7E2FD0F4AD2E90045041945EBE0754A
:10E700000948FFF709FD40B908494FF499720848D4
:10E7100002F001F94FF49971E4E786F31188BFF331
:10E720006F8F2046294670BD0C5E02206CE50B0001
:10E730002FD90B0090510220F8B50446EFF3118752
:10E74000202383F31288BFF36F8F5548FFF7D6FC61
:10E7500040B954498422544802F0DDF884215148DC
:10E7600002F0D0F84E48FFF7EDFCD4E90423B3F1F2
:10E77000004F08BF012A0ED04948FFF7CDFC002802
:10E7800040F0898047494FF49972474802F0C3F836
:10E790004FF49971E3E7D4E90A566A1C46F1000385
:10E7A000022A73F1000334D3013D46F1FF36002EF7
:10E7B000BCBF00252E4609F077FC013041F1000175
:10E7C000401946EB0101012871F100015ADB09F003
:10E7D0006BFC6FF00203013041F10001401946EB80
:10E7E000010183426FF000438B4150DB09F05CFC78
:10E7F000013041F100016FF00102401946EB0103C5
:10E800004FF0FF31121A61EB030320462749FFF74F
:10E8100079FD236B256A01332363CDB12048FFF7CF
:10E820007BFC0028AED087F31188BFF36F8F2046A2
:10E83000A847EFF31187202383F31288BFF36F8F6C
:10E840001748FFF75BFC002883D01548FFF77AFCD8
:10E8500054F8185FA5428FD0002D8DD02846FEF7C2
:10E8600041FB00230E48C5F8B830FFF755FC0028DF
:10E8700088D087F31188BFF36F8F2846BDE8F84032
:10E88000FEF7D8B96FF001024FF0FF33BDE7002269
:10E890004FF00043B9E787F31188BFF36F8FF8BDDE
:10E8A000105E02206CE50B002FD90B0039E70A003F
:10E8B0002DE9F843064614461D4691469846EFF367
:10E8C0001187202383F31288BFF36F8F2248FFF74D
:10E8D00015FC40B921498422214802F01CF884210A
:10E8E0001E4802F00FF81C48FFF72CFCB5F1FF3F63
:10E8F00008BFB4F1FF3F0CD11748FFF70DFC28BB50
:10E9000016494FF49972164802F005F84FF49971C0
:10E91000E6E7002D0ADB012C75F100032246BCBF9F
:10E920000122002512F1FF3945F1FF383046FFF78B
:10E93000ABFDDDE90823C6E90A2300234A46336319
:10E94000304643460749FFF7DDFCD5E787F31188DA
:10E95000BFF36F8FBDE8F883105E02206CE50B00FB
:10E960002FD90B0039E70A0070B50546EFF3118483
:10E97000202686F31288BFF36F8F2848FFF7BEFB6F
:10E9800040B927498422274801F0C5FF8421244843
:10E9900001F0B8FF2148FFF7D5FB2846FFF774FDCB
:10E9A00068B11E48FFF7B8FB002832D11C494FF46C
:10E9B00099721C4801F0AFFF4FF49971E7E76B6A59
:10E9C000CBB11648FFF7A8FB0028EFD084F31188DD
:10E9D000BFF36F8F28466B6A9847EFF3118486F375
:10E9E0001288BFF36F8F0D48FFF788FB0028C8D04F
:10E9F0000A48FFF7A7FB05F11800FEF749FB0028BE
:10EA0000CFD0FEF717F92146BDE87040034809F062
:10EA100004BB84F31188BFF36F8F70BD105E0220BA
:10EA20006CE50B002FD90B00F8B505460E46EFF349
:10EA30001187202383F31288BFF36F8F1A48FFF7E3
:10EA40005DFB40B919498422194801F064FF842113
:10EA5000164801F057FF1448FFF774FB2C68A542D5
:10EA600017D0D4E9003213605A60002331462046A3
:10EA7000C4E9003309F06CFB0B48FFF74DFB50B9BC
:10EA80000A494FF499720A4801F045FF4FF4997111
:10EA9000DEE70024F0E787F31188BFF36F8F201EB5
:10EAA00018BF0120F8BD00BF145E02206CE50B000A
:10EAB0002FD90B0070B504460D46EFF311862023C5
:10EAC00083F31288BFF36F8F1B48FFF717FB40B922
:10EAD0001A4984221A4801F01EFF8421174801F0C8
:10EAE00011FF1548FFF72EFB01212068E5608442E5
:10EAF000A1600CD11048FFF70FFBB8B90F494FF4D4
:10EB000099720F4801F007FF4FF49971E6E7D0E9D9
:10EB1000003213605A600023C0E9003309F018FB8B
:10EB20003146054809F079FA002070BD86F3118856
:10EB3000BFF36F8FF8E700BF145E02206CE50B0097
:10EB40002FD90B002DE9F74305460C46914600F1FD
:10EB50000C06EFF31188202383F31288BFF36F8F25
:10EB60003046FFF7CBFA40B913491448842201F02C
:10EB7000D2FE8421104801F0C5FE3046FFF7E2FACC
:10EB8000AB6828465C4004EA090203EA09075340DF
:10EB9000002200930A496B460192FEF787FFDDE9E8
:10EBA000003223EA020330464146AB6009F035FAF1
:10EBB000384603B0BDE8F0836CE50B002FD90B009D
:10EBC000D7810B002DE9F04F85B00F46DDE90E1B14
:10EBD00004461646EFF305836BB151EA0B030AD0E6
:10EBE00039493A4840F2211201F095FE40F22111D4
:10EBF000354801F087FE0291002F4CD006F001034A
:10EC00000393FEF7E5FD04F10C098046EFF3118A4A
:10EC1000202383F31288BFF36F8F4846FFF76EFA05
:10EC2000029938B92A498422284801F074FE8421C7
:10EC30002748DEE748460291FFF784FA16F0020FF4
:10EC40001CBF0023A360A36806F00102029903EA37
:10EC5000070592B1AF4212D1720744BFAB43A36024
:10EC60004846FFF759FAC0B919494FF49972174845
:10EC700001F051FE4FF49971DAE7002DECD151EA21
:10EC80000B0312D14846FFF747FA0028ECD08AF36D
:10EC90001188BFF36F8F002503E08AF31188BFF35B
:10ECA0006F8F284605B0BDE8F08FC8E91976224677
:10ECB000CDE9001B48465146FEF780F90028EAD10D
:10ECC000D8F86450EDE700BFC6600C002FD90B00E8
:10ECD0006CE50B0008B5EFF3058343B1064907481F
:10ECE0003A2201F018FE3A21034801F00BFEC0E978
:10ECF0000233C0E9000008BDC6600C002FD90B002C
:10ED00002DE9F84F4F1E0F4206460D469A4607D092
:10ED100025491822254801F0FEFD1821224817E058
:10ED2000141D3ED241F0040B00F11408EFF31189D9
:10ED3000202383F31288BFF36F8F4046FFF7DEF97D
:10ED400040B91B498422194801F0E5FD8421184887
:10ED500001F0D8FD4046FFF7F5F922465946304606
:10ED6000D04704464046FFF7D7F940B910494FF461
:10ED700099720E4801F0CFFD4FF49971E7E789F3DE
:10ED80001188BFF36F8F64B1204640F8046B4DB11A
:10ED9000384207D004493522044801F0BCFD352132
:10EDA000BCE70020BDE8F88FE9600C002FD90B000C
:10EDB0006CE50B002DE9F04105460E46174609F0BB
:10EDC000C1F830B9074B9B68D3F8AC4014B9BDE823
:10EDD000F081054C3B46324629462046BDE8F041CD
:10EDE000FFF78EBFC05D02204022022002460021B4
:10EDF000014B0248FFF784BF41080B00402202206C
:10EE0000014BC0F8AC307047402202200146024A54
:10EE10000020FFF7CFBF00BF41080B0007B5074B2D
:10EE20004FF48052009306494FF0FF330548FDF739
:10EE3000F1F9002003B05DF804FB00BF18D70B0008
:10EE40008010032098510220F8B54F4A0D46002348
:10EE5000D0E90001DFF78AFC002A0446B7BF02F5BB
:10EE6000A8324A4B4A4B02F5C072E41841F1000641
:10EE70004FF46161E01CB2FBF1F301FB13224FF090
:10EE80003C01AB60B2FBF1F301FB132246F1000140
:10EE90006B6000232A600722DFF768FC002A54DA3F
:10EEA0000732AA613B4800233B4A201866F1000163
:10EEB000DFF75CFC384B48F6AC6140F2B45703FB1B
:10EEC000104440F26D164FF0050CB4FBF1F1B4FBA9
:10EED000F7F32144C91A314BB4FBF3F3C91A48F6CE
:10EEE0009463B1FBF3F3B1FBF6F2B1FBF7F123440A
:10EEF0005B1A992106FB123303EB83045E1C023478
:10EF0000B4FBF1F779430231B1FBFCF1761A40F220
:10EF1000F9518C424FF4C8748CBF6FF00901022183
:10EF200004FB00203944012998BF0130B3F5997FD3
:10EF300013D3A3F59973A0F26C70EB610023EE601C
:10EF4000C5E904102B622846F8BD002EAA61A9DB92
:10EF5000114A002320463146AAE7970710D14FF007
:10EF6000640C92FBFCF70CFB17275FB992FBF4F7DC
:10EF700004FB1722B2FA82F252093B331344DAE758
:10EF80000022FAE70122F8E7805101006CFA0A003A
:10EF90006BFA0A0050C5FDFFB13A0200B03A020018
:10EFA0000CB430B58BB004460D462022002102A8D7
:10EFB00009F07BF90223002D06948DF80A300C4BE2
:10EFC000039312DB01D06B1E1C440FAA0E9902A8FA
:10EFD0000794019200F002FA15B1069B00221A7004
:10EFE0000BB0BDE8304002B070470024EDE700BF31
:10EFF0007B880B00242A2DE9F041054601D8012A1F
:10F000000AD1354B1622E8F75BFC1A5001B10D60AE
:10F010000020BDE8F0813046064616F8014B202C52
:10F02000F9D0A4F109072346042FF4D92B2C32D0B0
:10F030002D2C33D14FF0010C3378861C302B34D17A
:10F04000307840F0200078282BD132F0100028D101
:10F0500073783546102202360CF100470020013F3C
:10F06000B7FBF2FE02FB1E78392B82BF03F1FF33A0
:10F0700043F02003263B303B9A421DD9704502D80D
:10F0800017D1984515D24CF0020C3446354614F889
:10F09000013B2646E8E74FF0000CCDE74FF0000CAF
:10F0A000CCE7002A08BF0822D6E7002A08BF0A22B8
:10F0B000D2E700FB0230E8E701B10D601CF0010F60
:10F0C00018BF40421CF0020FA3D0034B2222E8F7E6
:10F0D000F7FB1A5038469CE70C000000242AF0B5D4
:10F0E000044601D8012A40D12E4B1622E8F7E8FB4E
:10F0F0001A5001B10C600020F0BD2F463D4615F8B6
:10F10000010B2028F9D0A0F109060346042EF4D9FA
:10F110002B282CD02D282CD101262B78BD1C302B50
:10F120002DD1287840F02000782824D132F010002A
:10F1300021D16B782C46102202350020392B82BF5A
:10F1400003F1FF3343F02003263B303B9A421AD9A8
:10F15000A0FB02040CB9C01801D346F002062F46EA
:10F160002C4617F8013B3D46E8E70746C6E7002670
:10F17000D3E70026D3E7002A08BF0822DDE7002AEC
:10F1800008BF0A22D9E701B10C60F20748BF40422C
:10F19000B307B1D5034B2222E8F792FB1A504FF088
:10F1A000FF30A9E70C000000242AF0B507460D4601
:10F1B00001D8012A0AD1414B1622E8F781FB1A50E7
:10F1C00005B12F6000200146F0BD3046064616F816
:10F1D000011B2029F9D0A1F109040B46042CF4D914
:10F1E0002B293DD02D293ED14FF0010C3378861CC0
:10F1F000302B3FD1317841F02001782936D132F0DF
:10F20000100133D1737837461022023600200146B0
:10F21000392B82BF03F1FF3343F02003263BA3F1D8
:10F220003004A24236D94FF0000E39BBA0FB027366
:10F2300038461946BEF1000F0AD13F1953F10003B9
:10F24000384628BF4FF0010E1946BEF1000F01D01D
:10F250004CF0020C3446374614F8013B2646D7E7FB
:10F260004FF0000CC2E74FF0000CC1E7002A08BFC6
:10F270000822CBE7002A08BF0A22C7E7A2FB013118
:10F28000A0FB02701B1841F100010029D0D04FF003
:10F29000010ECDE705B12F601CF0010F02D04042F6
:10F2A00061EB41011CF0020F8ED0044B2222E8F7E3
:10F2B00007FB1A504FF0FF3085E700BF0C0000003D
:10F2C0002DE9F0410126B24201DCBDE8F08107469C
:10F2D0003B461F4613F8014B002CF6D0252CF8D1E5
:10F2E0001D780237252DF3D00023DFF8EC809C46F3
:10F2F0001C461F2C27D8A5F1200EBEF1100F06D8F2
:10F3000028FA0EFE1EF0010F53D12E2D3CD02E2DCB
:10F3100027D8242D33D02A2D36D0BCF1000FD4D0DD
:10F32000B445D5D145F020070B68A7F1650CBCF1B9
:10F33000020F01D9612F42D1073323F007030833AD
:10F3400001360B60BFE77F2CDFD96C2D23D01DD891
:10F35000682D27D06A2D01D04C2DDED144F42074C5
:10F3600008E0A5F1300EBEF1090FEED80A2404FB27
:10F3700003E3202417F8015B002DBAD1CDE7BCF1DF
:10F38000000F18D0B34218D00023F3E7742DF1D04A
:10F390007A2DEFD0C1E7250648BF44F4007444F04D
:10F3A0008004E7E7E50548BF44F4007444F4807442
:10F3B000E0E70024DEE79C46E6E76325B2E7692D37
:10F3C00002D007D8632D03D0250601D5A405B3D4F8
:10F3D0000433B5E7732DF6E7892801002DE9F04FD6
:10F3E000837893B08046D0F804909C07CDE908124A
:10F3F00014D50B4600250B92187888B1252813D018
:10F400000133069341460135C847002880F2F28354
:10F4100098F8023043F0040388F802304FF0FF35CB
:10F42000284613B0BDE8F08F93F801A09A1CBAF1FA
:10F43000250F0692E6D04FF0000B5E465F465C4615
:10F440001F2C23D8AAF12003102B22D8DFE803F0C9
:10F450001521211B2121210B2121211321182121DB
:10F46000090044F00104069B13F801AB0693BAF1BE
:10F47000000FE5D11BE044F0020444F00404F2E77D
:10F4800044F00804EFE744F01004ECE77F2C00F2AE
:10F49000F680BAF12E0F00F0D38000F2AC80BAF102
:10F4A000240F00F0D380BAF12A0F00F0B480BBF132
:10F4B000000F06D0099B5A460BA908980B93FFF73B
:10F4C000FFFE002E4AF02003B8BF24F0400404934E
:10F4D000A3F16503BCBF0026A4B2022B04D94AF0F5
:10F4E0002003612B40F086826FEA0A0A0AF02003AB
:10F4F00007930B9B073323F0070303F108020B92DA
:10F50000049A612AD3E9000104F0400340F0E4804A
:10F51000002B079B0CAA44F4C05408BF4FF0FF36E1
:10F520000093334609F022F901304FF0010CDDF869
:10F5300030A0C3B2B3420393A8BF03F1FF367023D8
:10F54000CDE9043C0AF10903122B0DD90AF163033A
:10F55000C62B40F2F3800AF2E73340F2CE729342B8
:10F560008CBF0423032305939DF83430D80700F1A2
:10F57000E780A20700F1E780C4F3800B4FEA4B1B42
:10F580005FFA8BFB13F00C0F00F0E980BBF1000F6A
:10F590000CBF03230423BB420EDA2007A7EB0307AB
:10F5A0000BD42F4441462020C847002805F101050F
:10F5B000FFF62EAFBD42F5D10027BBF1000F07D0FB
:10F5C00041465846C847002805F10105FFF620AF1F
:10F5D0009DF83430AD4C13F0080FAD4B08BF1C46FE
:10F5E0002646324616F8010B002840F0AF802C1B4F
:10F5F00002EB040B7AE1AAF13003092B3FD814F097
:10F60000400F4FF00A020ABF44F0200402FB063606
:10F6100002FB073727E7BBF1000F7FF424AF0B9AFB
:10F62000600652F8043B0B9201D51E461BE7002BE7
:10F63000A7BF44F020041F465F4244F0280412E7AD
:10F6400063063FF5EDAE44F040040CE7BBF1000F5C
:10F650003DD014F0400A099B0BA908980CBF3A460C
:10F6600032460B93FFF72CFE0B9B53F8042B0B93A6
:10F67000BAF1000F01D01646F5E61746F3E6BAF1E7
:10F680006C0F16D00CD8BAF1680F19D0BAF16A0F06
:10F6900003D0BAF14C0F7FF40AAF44F42074E2E6D1
:10F6A000BAF1740F3FF4DFAEBAF17A0F3FF4DBAE7C
:10F6B000FDE6200648BF44F4007444F08004D2E61E
:10F6C000E30548BF44F4007444F48074CBE65E461E
:10F6D000BB4634463746C6E6002B049B08BF0626C9
:10F6E000652B0FD1721C44F48054D2B21346112AF8
:10F6F0004FF0650E4FF0000228BF11239446CDF85D
:10F7000010E007E0049B662B10D144F40054B4468B
:10F7100001221123CDE9002C0CAA00F015FBDDF825
:10F7200030A0C3B20393022305930BE716F0FF0248
:10F73000DCD16523944604930123EBE7022312E70F
:10F740004FF02D0B1EE74FF02B0B1BE7079B41469D
:10F75000C01AC0B2C8470028BFF643AF58E614F439
:10F76000405F40F09780039B002E03F1480308BFE1
:10F7700001266B44133B039A1AB113F8012D302A6A
:10F7800075D014F0100F039B18BF33461AF1040F05
:10F7900072DBB24570DA534544F400547DDD0AF162
:10F7A00001069E1B2AEAEA730133BBF1000F00D069
:10F7B0000133002E73D0721C13449F42CCBFFF1A3A
:10F7C000002714F0090F03D12F44BD426BD100274D
:10F7D000BBF1000F07D041465846C847002805F145
:10F7E0000105FFF615AE230510D541463020C84768
:10F7F0000028FFF60DAE079B41460235C3F17800A5
:10F8000000F0F800C8470028FFF602AE200704D435
:10F81000AB467D195D454ED10027A10469D52AEA82
:10F82000EA737642AAEB030A039A013B05F1010B46
:10F83000524589BF0CAA3020524450799E4242DC86
:10F8400041460493C84700280AF1010A049BFFF6C9
:10F85000DFAD5A1C09D141462E200493C847002829
:10F86000FFF6D6AD05F1020B049B5D46DCE7039A7B
:10F87000013AD2B203927EE75E1E14F4006F059A3D
:10F8800014BF0523032313448FE700BF16610C0048
:10F8900067E80B00A10485D4EFE7002682E7E206C3
:10F8A00048BF013389E741462020C847002805F1B9
:10F8B00001058ADAACE541463020C84700280BF143
:10F8C000010BA7DAA4E541460393C8470028FFF6D9
:10F8D0009FADE6060AD5039B013307D105F1020B64
:10F8E00041462E20C8470028FFF692AD5D465F4492
:10F8F00012E241469DF83500C8470028FFF688AD62
:10F90000002E5DDD41462E20C8470028FFF680AD61
:10F9100001240CAB039A4146A346A242CABFE21897
:10F9200030205079C8470028FFF672AD01340CAB87
:10F93000A642EFDAAC1C5C44049B4146079A981A35
:10F94000C0B2C8470028FFF663ADBAF1000F4146C8
:10F95000B6BF2D202B20CAF1000AC8470028FFF6A9
:10F9600057AD059B042B37D14FF47A7641460334CB
:10F97000BAFBF6F505F13000C0B2C8470028FFF623
:10F9800047AD06FB15AA642641460134BAFBF6F5DD
:10F9900005F13000C0B2C8470028FFF639AD06FBBC
:10F9A00015AA0A2641460134BAFBF6F505F13000E6
:10F9B000C0B2C8470028FFF62BAD06FB15AA12E01F
:10F9C000E40601D46C1CB7E741462E20C847002846
:10F9D00005F10204B0DA1BE5059B0234032BD2D0FB
:10F9E000059B012BDDD10AF1300004F1010B4146EA
:10F9F000C0B277E7AAF16303122B00F2E580DFE8DB
:10FA000013F013005400E300E300E300E3005400AC
:10FA1000E300E300E300E300E300FC00DD00E300BB
:10FA2000E3002900E300AB000B9B01260DF1300A37
:10FA30001A1D1B680B928DF8303020072CD50AEB6D
:10FA4000060B54465C4529D1A5EB0A0ABF1B04EB03
:10FA50000A0B4BE70B9B1A1D0B92D3F800A0A94B86
:10FA6000BAF1000F08BF9A4614F0400F504614BF79
:10FA700031464FF0FF3108F07DFC0646DDE7414698
:10FA80002020C8470028FFF6C3AC013CA642F6D3AD
:10FA90002F443D1B2746D2E73C46F7E7414614F882
:10FAA000010BC8470028CDDAB2E421060B9B32D502
:10FAB000A2052BD5073323F0070303F10802D3E98E
:10FAC00000010B9224F0100B00291FFA8BFB32DA95
:10FAD00040424BF4806B61EB41010CAC0A2322469F
:10FAE00008F080FC1BF0400FA0EB040200F09C80AB
:10FAF0002BF0010396429BB240F39F80BAF1000FB6
:10FB000040F09D802BF011039BB21FE01A1D186876
:10FB10000B92C117D6E71A1DE00519680B9201D4A4
:10FB20000846F6E7A20547BF48B241F3C01108B244
:10FB300041F3C031C6E750EA0103CED16306CCD50C
:10FB4000002ECAD124F011043246A3B2344640F24A
:10FB500006410B426FD126E024F010040A23A4B220
:10FB600014F0800C0B9A4CD014F4007115BF0732BE
:10FB7000101D22F007020B900FBF106802F1080160
:10FB80000B91D2E9000150EA010247D124F0160B93
:10FB900062061FFA8BFB45D5002E43D124F01704D3
:10FBA0003246A3B2344619075FD4D90704D5A74219
:10FBB00072DD3C1BA6183C46A34650E044F01004FE
:10FBC00010234FF0780ACBE74AF02003782B04D1BA
:10FBD000CAF1780343F01003C2E741462520C84725
:10FBE0000028FFF615AC41465046C8470028FFF6EE
:10FBF0000FAC0235069BFFF7FFBB08234FF0000A4E
:10FC0000AEE7111D10680B9114F48071BBD014F491
:10FC100000711ABFC0B2614680B2B4E724F0060496
:10FC20001FFA84FB0CAC5AE714465B46D9068ED506
:10FC3000BAF1000F05D10134B5E71446F6E73446B2
:10FC4000F4E70234AFE741462020CDE90332C8474C
:10FC50000028FFF6DDAB0BF1010BDDE903325F4558
:10FC6000F1DC2C1B04EB0B055C46D90616D541468E
:10FC700030200392C8470028FFF6CAAB039ABAF1B6
:10FC8000000F32D0023541465046C8470028039A3B
:10FC9000FFF6BEAB2E441DE016468DE740F206414E
:10FCA0000B42F7D013F0020F05F101054146039214
:10FCB00014BF2B20202013F4806F18BF2D20E4E701
:10FCC000414630200392C847002805F10105039AF8
:10FCD000FFF69EAB731B9A42F2DB16460DF1300A1B
:10FCE0002EB902EB050B3F1B00E60135D2E7013EC2
:10FCF000414603921AF80600C8470028039AEFDA33
:10FD0000FFF786BB1A610C0041462020C847002837
:10FD100005F10105FFF67CAB7B1B002BF4DC69E7EA
:10FD20001FB502AB074A00934FF0CC3308F037FC05
:10FD3000DDE90201C00840EA4170C90805B05DF87C
:10FD400004FB00BFCDCCCCCC2DE9F04F9BB00F0D08
:10FD500004460A939DF890300592C1F30A520C9321
:10FD6000C1F31303C90F07917AB950EA03017ED199
:10FD70000599302301274B71079B0A6043F002036A
:10FD80000B7138461BB0BDE8F08F40F2FF718A421C
:10FD90000BD10343079B059A4FF0000714BF43F0B4
:10FDA000080343F004031371EBE7A2F2354A43F46E
:10FDB0008015234304F001024FEA85080CBF27F0A9
:10FDC0000107012748EA9478089208BF7F054FEAA7
:10FDD000840602BF7F0DB7FA87F77F09BAF1000FDB
:10FDE000C0F2B680504600F0EFF9BAF1030FC8BF79
:10FDF0000138049000F0F4F9049B7C3016A9A3EBC1
:10FE00000A0A8244184600F07DFA12AB20462946C1
:10FE1000019310AB16AA02970093534608F008FB13
:10FE2000049B04460D46152B00F28E8014ABA94AA4
:10FE30003046414600934FF0CC33DDE9109A08F08C
:10FE4000AEFB149B159A9B0843EA827303EB830372
:10FE5000B34210D14146304600F0CAF9049B8342B8
:10FE60008CBF4FF000084FF00108002715E01D4639
:10FE7000DFF864A29DE7089B002B55D1013E48F1B5
:10FE8000FF31F01B61F1000100F0B2F9049BDDF8D5
:10FE9000208083428CBF002701270C9B002B40F061
:10FEA000C880DDF8289000264FF00A0B06960996C8
:10FEB000DDE91001FFF734FFDDE912A3CDE90D0103
:10FEC000194650460F93FFF72BFF0A4603460D993C
:10FED0000B908B420E9B72EB03010F9B80F0C48052
:10FEE000204629460F92FFF71BFF0B9B002E14BFE5
:10FEF0004FF0000808F001080F9A0BFB10460BFBAF
:10FF000003F50D9BF6B204461093554514BF002728
:10FF100007F001070E9B0D46139211930B9B129352
:10FF2000069B01330693C3E7B01C48F1000100F0C3
:10FF30005FF9049B83428CBF00200120B9EB0000D5
:10FF40006AF10002CDE910024FF000084746A4E72D
:10FF5000CAF1000B584600F03DF9BAF1FF3F0CBF63
:10FF60008146A0F10109ABEB090B0AEB09035846E6
:10FF7000049300F035F916A9A0F17D0A584600F067
:10FF80004FF912ABA9EB0A0A2046019310AB2946A0
:10FF900016AA00935346029708F04AFAB9F1010FE6
:10FFA00004460D460ED8089B13B94FF0010874E7BC
:10FFB000109B4FF00108119A013B42F1FF32CDE94D
:10FFC000103252E7B9F13E0FBED84FF0FF33A9F11E
:10FFD0002000C9F1200103FA09F203FA00F023FA24
:10FFE00001F103FA09F3024326EA03060A4328EA69
:10FFF000020856EA08060CBF4FF001084FF000084F
:02000004000BEF
:1000000033E700FB02F60133A1FB001232448C42BD
:1000100075EB0206F5D2049ADDF828901344259A70
:100020001344D20F9342B8BF13469945A8BF9946CF
:1000300039E70A21002201230846E8E70BFB01FE0D
:100040000CF1010CA0FB0B017144844275EB010E15
:10005000F4D2CC450DDDB9F1000F02D154EA05010F
:1000600007D0012309933BE70A2000214FF0010C40
:10007000EBE7002F32D04FF00A0B50461946FFF73E
:100080004FFE0BFB00F20B9152450E9026D1002E35
:1000900014BF4FF0000808F00108DDE91001FFF778
:1000A0003FFE8A460D9029462046FFF739FE0D9AFD
:1000B0000E9B0BFB10460D4604461293F6B2CDE99B
:1000C000102A0B9A9A460B9B1392069A01320692BB
:1000D000D3E700BFCDCCCCCCCCFBFFFFB8F1000FF9
:1000E00005D0052E03D104F001060436F6B2069BB6
:1000F000DDF810809844099B53B9DDE912239D4235
:1001000008BF944204D1089B002B4AD1002F48D04D
:10011000042E94BF0026012630194FF00A024FF03A
:1001200000034FF0010745F100011446904271EBC6
:10013000030538D2F6B1B9451CDA0C9B6BB108EB5C
:100140000703259ADDF828901344012BB8BF01233B
:100150009945A8BF99464F450CDD053008F10108C7
:1001600007F1FF374FF00A024FF0000341F10001A1
:10017000DEF74CFB4F450FFA88F8059BA8BF4F46AA
:100180004FF000093FB2B84408F1FF3607F1050807
:100190009844B9450EDB059B1A461E60079B1371F8
:1001A000EFE50126B8E704FB03F50137A2FB0423C2
:1001B0002B44BBE70A220023DEF728FB303209F18B
:1001C000010908F8012DE4E7014B5843800C704702
:1001D00041340100014B5843000D7047FB2E0B00CA
:1001E000024B5843C00C0130704700BF4F931200C0
:1001F00070B50346094A00204FF0CC364FF0333536
:1002000006FB03F402FB0144A3FB023121449D429F
:1002100075EB010401D30130F2E770BDCDCCCCCC3D
:100220001A232DE9F04FB0FBF3FA334E03FB1A0308
:1002300089B004460D4606EB0A1653B9D6E90023E9
:10024000C1E90023D6E90201C5E9020109B0BDE810
:10025000F08F2A4A02EBC303D3E9008904AB40467E
:1002600049460093D6E9022308F099F906AB834684
:100270000F46404649460093D6E9002308F08FF91F
:1002800000238146DDE9066216EB0B0652EB0708F8
:1002900028BF012333B1049B059A013342F10002C8
:1002A000CDE9043220460391FFF79AFF07461A2052
:1002B00000FB0AF0FFF794FF3F1A324643464846D8
:1002C0000399009708F082F90D4A4FEA141C640064
:1002D00004F01E0352F82C40DC4004F00304241800
:1002E000304641F10001DDE90423C5E90041414602
:1002F000009708F06BF9A7E750A10B0080A00B0056
:1003000010D80B002DE9F04F1A2700F11905DFF87E
:10031000E0A089B004460E46B5FBF7F56F434FEAFF
:10032000051B0AEB05153A1A0AD1D5E90023C1E9E4
:100330000023D5E90201C6E9020109B0BDE8F08F4A
:100340002C4B03EBC203D3E9008904AB404649467A
:100350000093D5E9022308F022F95AF80B206B68C4
:10036000013ACDE9020106A963F10003404600917C
:10037000494608F014F98A46029900238146DDE9CE
:1003800006526D18039952EB010828BF012333B1BF
:10039000049B059A013342F10002CDE9043238464C
:1003A000FFF71EFF07462046FFF71AFF3F1A2A46AF
:1003B000434648465146009708F008F90E4A4FEA6E
:1003C000141C640004F01E0352F82C40DC4004F0BE
:1003D000030401342418284641F10001DDE9042317
:1003E000C6E900414146009708F0F0F8A3E700BFD6
:1003F00020A20B0080A00B0064D80B0038B5C0F31E
:10040000C753014620F000457F3B162B19DC002B1B
:10041000024608DA00281BDA002D0E4908BF4FF00B
:100420000041084638BD0C4818410842F9D000295F
:10043000BEBF4FF4000141FA03F3D21822EA0001D3
:10044000EFE7B5F1FF4FECD3DDF786FE0146E8E7B5
:100450000021E6E7000080BFFFFF7F002DE9F843A1
:1004600020F000430446B3F1FF4F04D90146DDF705
:1004700073FE044605E04FEAD07605D1002E40F029
:10048000C3802046BDE8F8836049884204DD00202F
:10049000BDE8F84300F0E6B8002807DA5C4A93426A
:1004A00004D90020BDE8F84308F05AB9594A9342EC
:1004B00071D9594A934251D8584B204653F82610C7
:1004C000DDF748FE564B054653F8267086F00103CB
:1004D000A3EB060839462846DDF73CFE04462146D4
:1004E0002046DDF741FF4F490646DDF73DFF4E4907
:1004F000DDF730FE3146DDF737FF4C49DDF72CFEE6
:100500003146DDF731FF4A49DDF724FE3146DDF79C
:100510002BFF4849DDF720FE3146DDF725FF014678
:100520002046DDF717FE014606462046DDF71CFF94
:100530008146B8F1000F43D14FF080413046DDF7DE
:1005400009FE01464846DDF7C3FF2146DDF702FEFE
:1005500001464FF07E50DDF7FDFD8AE73649204623
:10056000DDF702FF354B53F82610DDF7F5FDDEF71A
:10057000D7F88046DDF7A4FE31490646DDF7F4FEE4
:1005800001462046DDF7E6FD2E4905463046DDF7FB
:10059000EBFE07469EE7B3F1505F0CD22A49204696
:1005A000DDF7DAFD4FF07E51DEF79AF830B14FF00B
:1005B0007E5120465BE74FF0000890E780468EE7CB
:1005C00031464FF08040DDF7C5FD01464846DDF776
:1005D0007FFF01463846DDF7BDFD2946DDF7BAFD50
:1005E00001464FF07E50DDF7B5FD18F17D0F02DBBF
:1005F00000EBC85445E708F164084FF0586100EB80
:10060000C850DDF7B1FE34E700243AE71772B14273
:10061000B5F1CF421872B13E9115853FC4D80B0099
:10062000BCD80B004CBB31330EEADD3555B38A38EC
:10063000610B363BABAA2A3E3BAAB83FCCD80B0095
:100640008071313FD1F71737CAF2497110B10020DC
:100650000249704700200249704700BF0000F0FFC8
:100660000000F07F08B1024870474FF0FF4070472C
:10067000000080FF08B1024870474FF0FF4070470C
:10068000000080FF08B508F01DF8014808BD00BF54
:100690000000C07F704700F00EBCE2F701BBFDF721
:1006A00023B87047E2F7FCBA13460A46012100F06E
:1006B00002BCFDF719B8FAF76BBFFDF715B8E2F702
:1006C000EFBAFDF711B8E2F7EBBA13460A4601217B
:1006D00000F0F1BBFDF708B800EBC100408840080E
:1006E000704708B5FFF7F8FF084408BD08B5034692
:1006F000FFF7F2FFB0FA80F21846BDE80840C2F1F9
:100700001F02E0F789BA2DE9F843B1FA81F3C3F18A
:100710001F0800EB8809D9F8106005460A46A6B9FB
:100720004FF0FF34C3F120039C40EB681C401CD009
:1007300094FAA4F6B6FA86F6331D55F823402846F7
:100740002146E0F73DFA32460BE0344603272146C6
:100750002846FFF7C1FF82420AD82846E0F730FA60
:10076000424621462846E0F757FA2046BDE8F8837E
:1007700005EBC404E488013FC9F81040D0D0B4426E
:10078000E5D1CDE738B50446FFF7A6FF0D46034691
:1007900011462046FFF7A0FF1A1892B2530004EB4F
:1007A000C50520466B80FFF79CFF24F8302038BD3C
:1007B00070B50B460546FFF78FFF511A89B205EB5E
:1007C000C3049B1A03444E0066809CB2600005EB94
:1007D000C203588025F8321028461146FFF781FFE2
:1007E00025F8304070BD70B509B9002070BD0568AE
:1007F00001F007030B33CC0804EBD304AB682846A5
:100800009C4228BF1C462146FFF77DFF0646002874
:10081000EBD001462846FFF75FFFA04207D92846E4
:100820003219FFF7C5FF11462846E0F77FF905EBBF
:10083000C60210465388043043F001035380D5E7C5
:100840001146FFF7D0BF2DE9F04706460D46174683
:1008500098462BB34FF0000A98F8004093F80190A7
:10086000DB78A40004EB430498F802301C444444B1
:10087000CA4509D339463046AC46D8F8042008F1B9
:100880000803BDE8F047604714F8013B0AF1010A8C
:10089000204648F82340DDF7E5FF01300444E7E750
:1008A0006FF01500BDE8F08730B502460024002047
:1008B00012F8013B43B178B18C4207D1702B04D0C0
:1008C000A3F140053A2D07D8002030BDA3F1400523
:1008D0003A2D01D80134EAE7252B08BF80F001004A
:1008E000E6E70020704700F04ABA0FB407B504A944
:1008F00051F8040B019100F042FA03B05DF804EBEB
:1009000004B07047002383F31188BFF36F8F042373
:10091000184602DF70470FB407B504A951F8040B5D
:100920000191FFF7E0FF03B05DF804EB04B07047FE
:1009300010B50369024613F0080009D11368D468A2
:100940009C429BBF0120526AE31AD31A0B6010BD70
:1009500000231846FAE713B501A90446FFF7E8FF9C
:1009600020B1019BE268013B13440193606A019B43
:10097000C01A013802B010BD10B5044650182269E3
:10098000636AD20702D5013B184010BD984228BFC8
:10099000C01AFAE710B504460A46C168FFF7ECFF33
:1009A0002369E06023F00803236110BD38B50D46CC
:1009B000026A8B00016843F00203044642F82130CA
:1009C00001682A46FFF7D8FFE3686168984208BFCC
:1009D0002369206008BF43F008032A46204608BF69
:1009E0002361FFF7C9FF606038BD2DE9F74F0F465F
:1009F0000021D0F80CB0066A009216F82B209A4617
:100A000002F00302022A14BF894656F82B2006EB97
:100A10008B030193009B08BFC2F39D091960044634
:100A2000CAF80010B9F1000F07D04946FFF7B2FF2E
:100A3000E368A3604FF0010804E001698A0705D468
:100A40004FF00008404603B0BDE8F08FC16906EBE7
:100A50008B00884716F82B10054611F00108EFD0DF
:100A60008B071DD51FB139462046FFF79FFF6168F0
:100A70002A462046FFF780FFD4E902138B426060CC
:100A800007D12A462046FFF777FF4FF000080146BE
:100A9000A0602369216043F00803E1602361D1E78E
:100AA00001462046FFF776FFE168A1601FB120688C
:100AB000216A41F82090EA19CAF8002021682046EE
:100AC000FFF75AFF2269206042F00802226116F8FF
:100AD0002B2022F0010206F82B20DDE900321A60FB
:100AE000A8E770B504461546FFF746FF2368834222
:100AF00005D12369216023F00803236170BD226AB8
:100B0000AB0043F0020342F8213061682A462046D8
:100B1000FFF732FF6060F1E738B5036904465B0711
:100B200006D5856AFFF717FF85422CBFA562A06234
:100B300038BDA0F13003DBB2092B02D80B700020C6
:100B40007047A0F16103052B02D857380870F6E70B
:100B5000A0F14103052B01D83738F7E76FF01500F6
:100B60007047F7B5054601F0010000EB51069E42C3
:100B70004FEA510703D90026304603B0F0BD58B103
:100B800028780DF10701FFF7D4FF0028F3D19DF875
:100B90000730013502F8013B01351744BA42EBD06A
:100BA00015F8010C0DF10701FFF7C3FF0028E2D192
:100BB0009DF807402401E4B2147015F8020BFFF70A
:100BC000B8FF0028D7D19DF807301C4402F8014B2C
:100BD000E4E7838B13F0070306D10368002B18BFEB
:100BE000032008BF00207047022B05D1C08BB0FA4C
:100BF00080F0400980007047012B04D10368002B6E
:100C000018BF0520EDE70020704710B50C4600B175
:100C100011B96FF0150010BD081D00F02FF8002865
:100C2000F9D1A368032BF6D9F3E72DE9F0410D467E
:100C300007461946281D90461E46E1F75BFD04460F
:100C400038B13346424629463846A446BDE8F0410D
:100C50006047BDE8F08138B50C46054658B151B142
:100C60000B6843B14B6833B12022002107F01DFB14
:100C700000202C6138BD6FF01500FBE7034640B142
:100C8000426802F00302022A06D0032A04D0012A95
:100C900005D06FF0150070471A68002AF9D00020BF
:100CA0009860704770B506460C888888241A3069A9
:100CB000A4B2844285B224BF641BA4B22D1BA8B287
:100CC000984228BF18463368234413600B880344B6
:100CD0000B8070BD70B4838985880669ED1AADB24A
:100CE000731B934228BF134670BC0A46011DFFF7D1
:100CF000D9BF70B40E460146C58831F80A3FEC1AD8
:100D0000A3B2934228BF1346324670BCFFF7CABF56
:100D100010B54B880C88E41AA4B294420ED31A443E
:100D200092B28B884A800A800069D21A92B28242BB
:100D300001D2002010BD03448B80FAE76FF015004C
:100D4000F8E7704703785B075FBF03684288C3F327
:100D50004A2303EB12105DBF173020F00700800814
:100D6000002070470020704706F036BD0346D3E8E8
:100D7000EF0F421CC3E8E12F0029F8D170471FB5DF
:100D80000023CDE902011A4619461846CDE9003381
:100D9000E2F74EFA05B05DF804FB0120E1F738BE3A
:100DA0000020704718B140680079E2F7DBB84FF0D7
:100DB000FF30FAE738B504460D4643681146DA714C
:100DC000E2F73CF9012263681D6063685A71BDE86F
:100DD0003840E1F70FBE70B515460C4669B1D2E94F
:100DE00001369B1B99420AD813680A460146981996
:100DF00007F035FAAB682344AB60204670BD6FF056
:100E00001B00FBE770B50E4615461946044618B997
:100E1000BDE87040E1F7FCBD33B1C2F34A231030A6
:100E2000120D184407F01BFAC4E900562046BDE82D
:100E30007040E2F743B82DE9F3415F1C4FEA8708A1
:100E4000064608F1170020F0070080080C461546FA
:100E5000E1F77EFE00238DF80470ADF805308DF8C3
:100E6000073068B10346019AA8F1040143F8102F36
:100E70002A46294452F8045B8A4243F8045FF9D1B8
:100E800000233146A20102F4E07242EA482222F035
:100E90007F4222F4700222F03F0202B0BDE8F0412E
:100EA000FFF7B0BF07B50123019201AAFFF7C3FF07
:100EB00003B05DF804FB07B5CDE9002302236A46C1
:100EC000FFF7B9FF03B05DF804FB1FB5CDE90123BF
:100ED000069B01AA03930323FFF7ADFF05B05DF85E
:100EE00004FBF8B506460D4614461F4604B9F8BD86
:100EF000214628463A46B047241A0544F6E710B57D
:100F000042680446D2E9002381680068FFF7E9FFE0
:100F1000002263681A6010BD0A2838B504460D46E1
:100F200002D10D20E2F726FA29462046E2F722FAFE
:100F3000002038BD2DE9F043054689B008460E88EB
:100F400091F800900C46D1F808801746E2F7E6F9D0
:100F5000011EC6F38216C9F3C2091FDB4846E1F73A
:100F6000BFFF0346214651F8102B6088C2F34A2286
:100F7000002A01EB020408BF00210022C0F30B107D
:100F8000CDE90507CDE9031428464146CDE9002205
:100F90000296E2F719FA09B0BDE8F0830023E1E711
:100FA000036A1BB11B7900200B7070476FF057006C
:100FB0007047006A18B1D0E8AF0F00F00100704729
:100FC000036A3BB11B692BB11B6A1879B0FA80F038
:100FD000400970470120704770B5056A04460E4607
:100FE0000DB103232B712046FFF7EAFF80B10321E7
:100FF0002046B047002802DA10F1860F09D12DB93A
:1010000020463346BDE870400121184701232B716B
:10101000002070BD38B5046A2568A90601D40020F7
:1010200038BDE168D9B10139E1600029F7D1A36881
:101030009847002803DAE3680133E360F0E701230F
:101040006A072371ECD52069036A1B68DB0509D5A3
:10105000FFF7E0FF236823F004032360E0E76FF06D
:101060007700DDE76FF00A00DAE7D0E8AF0F08415C
:1010700000F001007047FAF7E3BCFAF777BC036AA7
:101080000BB1E2F74DBE18467047006A10B105215A
:10109000FFF7EBBF704708B50346FFF7F6FF10B147
:1010A0001B6AD86808BD6FF08500FBE7012008B512
:1010B000E0F7D8FE002008B5E0F7D4FE0B688342C5
:1010C00004BF01230B71704703785B075FBF0368A0
:1010D0004288C3F34A2303EB12105DBF173020F0A0
:1010E000070080080020704743680020197370478C
:1010F00043681868E2F778BB2DE9F04145680C4673
:1011000095F80C8017461E46B8F1000F13D001EB7E
:101110000208A04508D137600120D5E90131984780
:1011200000242046BDE8F081286814F8011B83687C
:10113000DB699847EDE7286883685C684FF0FF3308
:10114000A047041E02DAC6F80080EAE74FF0FF323B
:101150004FF0FF3305F11000FAF772FC37600446D8
:10116000D5E9013101209847DBE72DE9F0410B7803
:1011700006461446042B34D8DFE803F00333091580
:10118000350004F11000BDE8F041FAF7EFBB04F1BF
:101190002800CA684968F6F7E3F9D4E90131BDE8E7
:1011A000F0410020184704F12807384606F03FF8C0
:1011B000054670B1B36801461B69304694F8342087
:1011C000984700280DDA29463846BDE8F04106F078
:1011D00048B84434D4E8EF3F0133C4E8E23F002A82
:1011E000F8D1BDE8F081496804F12800EDE700235B
:1011F000826882F85C308268A2F856308268A2F871
:1012000054307047034610B5D3E8EF0F40EA0102AF
:10121000C3E8E42F002CF7D110BD034610B5D3E886
:10122000EF0F00EA0102C3E8E42F002CF7D110BD54
:101230000EB403B503AA52F8041B0192E4F7F4FFBD
:1012400002B05DF804EB03B0704708B510B1DDF7EC
:1012500009FB80B208BD00F52570FAF787BB4FF097
:10126000FF324FF0FF3300F52570FAF7E9BB00F5C8
:10127000207019B14FF40061FFF7C4BF6FF4006133
:10128000FFF7CBBF00F5207019B14FF48061FFF775
:10129000B9BF6FF48061FFF7C0BF08B500F51F70DC
:1012A00029B10121FFF7AEFF00F0010008BD6FF08A
:1012B0000101FFF7B2FFF7E7F7B504460026002764
:1012C000204600F0E8FBE06900F0C7FD0546204637
:1012D000E5F7D0FAA368B3F8543023B140F2D51043
:1012E0000021FCF701FA55B1A06800F52170002239
:1012F0000121CDE9006706F099FF0028E0D003B096
:10130000F0BD08B500F52570FAF79AFBB0FA80F049
:10131000400908BD38B50C46051EA06814BF082159
:10132000012100F5217006F076FF012D08D1A0689B
:101330004FF40071BDE8384000F52070FFF762BF40
:1013400038BD73B5044680680E46154600F5217019
:1013500000220023CDE9002306F068FF58B1A06801
:1013600000F52170314606F05DFF20462B4602B0A5
:10137000BDE87040184702B070BD0CB407B504ABAF
:1013800053F8042B0193E4F727FD03B05DF804EB59
:1013900002B070470EB403B503AB53F8042B02211F
:1013A0000193E4F719FD02B05DF804EB03B0704758
:1013B0000EB403B503AB53F8042B08210193E4F7F3
:1013C0000BFD02B05DF804EB03B070470EB403B53B
:1013D00003AB53F8042B03210193E4F7FDFC02B0A7
:1013E0005DF804EB03B070470EB403B503AB53F8DC
:1013F000042B01210193E4F7EFFC02B05DF804EB4C
:1014000003B0704710B543F60952044600238068C4
:10141000FFF777FF38B12046E3F768FEA068BDE824
:101420001040FFF718BF10BD18B18368D3F8B002A1
:1014300070476FF01500704710B502690446836865
:1014400012680168C0689847002223691A6010BDBD
:1014500038B5CB6805461B7C0C46022B04D10A2804
:1014600002D10D20FFF7F4FF236922681B68D554D1
:10147000226913680133136023691A6863689A420A
:1014800002D12046FFF7D8FF002038BD08B510B1C3
:10149000DDF7E8F980B208BD2DE9F74F824601A8D3
:1014A0001F460D461646F9F779F9282380464FF076
:1014B0000009019803FB0808804501D8002028E0B6
:1014C0004FB9DDF804B0DBF8004084B9019C04F1A9
:1014D00028000190F0E7012F04D006F0F6FB002869
:1014E000EFD0F3E706F0F1FB0028EAD1EEE723782E
:1014F000002BEBD04DB12846DDF7B4F9214602466A
:10150000284606F012FF0028E0D12EB9D14508D1B7
:10151000019803B0BDE8F08F5846B0470028F5D1D8
:10152000D4E709F10109D1E710B5047B43892244CE
:10153000B2FBF3F0214403FB1022B1FBF3F003FBF9
:101540001010101A10BD10B5047B438921441019E6
:10155000B0FBF3F0B1FBF3F1401A10BD30B5057BE1
:1015600043892944B1FBF3F403FB14112A440131EC
:101570000180B2FBF3F103FB1122013484800132BC
:101580004C1CC480428030BD2DE9F74F0026074631
:10159000884614469946B24606602378002B00F030
:1015A0009F80202B23D0093B042B20D93B685A1C59
:1015B0003A6048F823403B684B4500F09180002694
:1015C0002578002DE9D0002E7BD1272D03D05C2D6E
:1015D00010D0222D6BD12046FFF758FF611C024628
:1015E000204606F049FE2E46A3465C46E8E704F88E
:1015F00001ABD2E704F1010B2046FFF747FF594644
:101600000246204606F038FEEFE75C2D56D16278A0
:101610009642F1D0302A21D102230025E25CA2F1CA
:101620003001C9B2072916D8ED000133EDB2052B00
:1016300045EA0105F2D1591E21442046019300914B
:10164000FFF724FF019B0099023BC21A204606F0D7
:1016500013FE2570C9E7DBB2022BECD1782A2DD11D
:1016600002210025635CA3F13002D2B2092A08D816
:101670002D01EDB215434B1C042B4FF00301DAD0C2
:10168000F0E7A3F16102052A05D82D01EDB2573B21
:101690001D43EDB2EFE7A3F14102052A03D82D0166
:1016A000EDB2373BF4E7022908D00323C3E7202D2E
:1016B0003FF473AF093D042D7FF66FAF04F1010BCA
:1016C00093E7B54204F1010B9FD12046FFF7DEFE00
:1016D00059460246204606F0CFFDA346002684E781
:1016E000304603B0BDE8F08F2DE9F0410F461646B5
:1016F000044686B070B1034601AC00F110052246E5
:1017000018685968083303C2AB421446F7D1186809
:1017100001AC10604FF00008414632462046E4F725
:1017200097FD08F10108054628B138462968DDF71C
:1017300087F80028F0D1284606B0BDE8F0812DE9F1
:10174000F04700250F4690461E46DDF820909DF894
:1017500024A01D60AF42044610D94A46204658F8DE
:101760002510FFF7C1FF48B133685D1C3560BAF141
:10177000000FEFD08145EDD1002433602046BDE855
:10178000F087F8B58468064694F85C302BB9B368E6
:10179000B3F85420A3F85620F8BD04F15C00B4F867
:1017A0005430C21812F8012C202A1CD0093A042AFD
:1017B00019D90022C25413461D46425D0133202A26
:1017C0009BB200EB0501F7D0093A042AF4D9002DA9
:1017D000DDD0B4F854707A1C521B7F1B06F04CFD10
:1017E000A4F85470D3E7013B9BB2A4F85430002B0B
:1017F000D5D184F85C30CAE700231A46FFF74CBE07
:1018000002230022FFF748BE2DE9F74F054601A845
:10181000F8F7C4FF2823019C03FB00480DBB0024FC
:10182000204603B0BDE8F08F266876B13046DDF77C
:1018300019F807462846DDF715F8874205D13146E5
:101840002846DCF7FDFF0028EAD0636A3BB11B683D
:101850002BB19A460026D3F800904E4504D1283487
:101860000194A045E0D8DAE75AF804BF5846DCF7FF
:10187000F9FF07462846DCF7F5FF874205D15946B0
:101880002846DCF7DDFF0028CAD00136E5E70EB4B4
:1018900003B503AA52F8041B0192E4F7C5FC02B099
:1018A0005DF804EB03B0704710B50446DCF7DAFFCF
:1018B000B4F8543013FA80F038B1638FB0FBF3F210
:1018C00003FB1200B0FA80F0400910BD38B58468FF
:1018D0002046DCF7C7FFD4F87C52B4F85630C5F385
:1018E000400580B205FB0300638FB0FBF3F203FBFE
:1018F0001200B0FA80F0400938BD10B50446FFF779
:10190000E5FF18B9A068FFF7CFFF20B16069BDE817
:101910001040E4F73FBD10BDF8B50546846804F1FA
:101920003000B4F85420B4F85610FFF717FEA8683A
:10193000A78EE68EFFF7B8FF10B16869E4F72AFDBD
:10194000B74207D1218E638E2846C91ABDE8F840F8
:10195000E4F73CBDE18EA38E2846C91AE4F720FDCA
:10196000F0E7F8B504460D468068B0F85610B0F8B8
:10197000542030300D44FFF7F1FDA068ADB2B0F84F
:1019800056102A463030FFF7DEFD0746A0682A468B
:10199000B0F856103030FFF7C7FD064679422046B2
:1019A000E4F7FEFC31462046E4F710FDA368A3F8F7
:1019B0005650F8BD2DE9F0410C1E064633DA4FF0C3
:1019C000FF35644224B2A4B2AFB213E0B368002280
:1019D000B3F856C0B3F85480614603F15C0E69B9A0
:1019E0006B1C22D1A1EB0C01304609B2FFF7B9FF05
:1019F000013CA4B2002CE9D1BDE8F081884501D1B9
:101A0000012DEFD01EF8013023F0200041381928B5
:101A100007D9303B092B04D9002AE3D1394489B2D4
:101A2000DDE70122FAE70125CDE7B8F1000FE9D1A2
:101A3000D8E78368B3F85610494209B2FFF791BF5F
:101A40008368B3F85410B3F85630C91A09B2FFF7D7
:101A500088BF8368B3F856301BB14FF0FF31FFF7F2
:101A600080BF70478368B3F85620B3F854309A4269
:101A700002D20121FFF775BF70478268B2F8561095
:101A8000A2F854108368B3F856201344002283F858
:101A90005C20E4F773BC10B504468068B0F85420AD
:101AA000B0F856103030FFF759FDA3682046198E64
:101AB000C1F10101E4F78AFCA3682046998E01393F
:101AC000E4F76EFC2046BDE81040E4F757BCE4F7AD
:101AD000CFBCF7B51E4683681546D3F87C22044672
:101AE000D20613D593F83E208A420FD0DB8FADF893
:101AF0000430E4F725FD324629466069E4F794FB9B
:101B0000204601A9E4F73CFD03B0F0BD324629466A
:101B1000606903B0BDE8F040E4F786BB2DE9F04111
:101B200087680546B7F854608846B318FF2B1446FB
:101B300026DCB7F85630F61A5C331F44B6B232468C
:101B40003946381906F098FB22464146384606F0D9
:101B500086FBAA68B2F854302344A2F85430AB682C
:101B6000B3F854201344002283F85C20AB68D3F808
:101B70007C12890706D4B3F856201444A3F85640C3
:101B8000BDE8F08131462846BDE8F041E4F7CCBD20
:101B9000FFF7C4BF38B505468068B0F85620B0F8E6
:101BA0005440A41AA4B29CB15C321044411C224699
:101BB00006F062FBAA68611EB2F854302846013B69
:101BC000A2F8543089B20122BDE83840E4F7ACBD38
:101BD00038BD10B583680446B3F854205AB1B3F841
:101BE000563043B14FF0FF31FFF7BBFE2046BDE852
:101BF0001040FFF7CFBF10BDF8B5C3695E695F68DD
:101C000083683046D3F87C52E0F70CF8C5F3001532
:101C1000044650B1014605F18E023846FFF78AF9B5
:101C200030462146E0F77EF80120F8BD43681B6886
:101C3000D3E90632D3E8EFCF8C44C3E8E0CF0028E5
:101C4000F8D19368D3E8EF0F0844C3E8E20F002A05
:101C5000F8D170472DE9F843436807461E680D46E2
:101C6000B268F369D2F87C429A68C4F3001412791E
:101C7000012A03D0032A4FD0BDE8F883D868D3F8EF
:101C800014800B7847F6122E590740F2E7318C4644
:101C90004FF0000158BF2B68E0FB0EC15CBFC3F3DF
:101CA0004A246B884FF47A725EBF04EB1314173426
:101CB00024F007044FF0000360464CBF0024A40842
:101CC000DCF7A4FD02460B4640462146DFF7B4FE92
:101CD000814628B93846BDE8F8430121FFF7A6BF81
:101CE000012CF7D9294651F8043B0268C3F39D0340
:101CF00063F39F0240F8042B621E920006F0AFFAD5
:101D000040464946DFF748FFB06800F521700221E0
:101D1000BDE8F84306F07FBA3046D3F80480FFF7F9
:101D2000BAFE06F00FF904F18E07044600B3EFF394
:101D30001184202383F31288BFF36F8FB368D3F825
:101D400080321A051ED53A4629464046FFF7F2F87A
:101D5000B368D3F880321B0502D43046E4F78AFD1D
:101D600006F0F0F890B184F31188BFF36F8F83E72A
:101D7000B06800F525704FF0FF324FF0FF33F9F7F0
:101D80005FFEDBE73046FFF786FEDCE7B06800F574
:101D90002570BDE8F843F9F7E9BD134610B50C46C8
:101DA0000A4601461846FFF792FE204610BD70B560
:101DB00004460D46D0E904101646DFF70FFE324602
:101DC00029462068FEF7F6FF002263685B685D60C5
:101DD000A3681A600122A3681A7170BD10B5044689
:101DE0000068E1F743F90222A3681A7110BD10B52B
:101DF000436801211C68606803689B689847E36931
:101E000030BB03229B681A71A36803F52073D3E8E3
:101E1000EF1F41F40051C3E8E21F002AF7D1A06888
:101E2000B0F85420B0F856103030FFF797FB4FF061
:101E3000FF312046E4F7B4FAA3682046198E4942E0
:101E4000E4F7C4FA2046FFF7D7FE0028FAD110BD08
:101E50001846BDE81040FFF7C1BFF7B505460022A0
:101E600003685B681C68A368D3F87C628368C6F368
:101E70000016D3E8EF7FC3E8E12F0029F9D18FB135
:101E80003EB1A3680121DB8F2046ADF80430E4F7B2
:101E900057FB39466868E1F7E9FB1EB1204601A906
:101EA000E4F76EFB204603B0BDE8F040FFF7A4BEA8
:101EB00078B10378C42B0BD143780B2B08D18378EE
:101EC000D22B05D1C078A0F1860358425841704703
:101ED000002070470EB403B503AA52F8041B019208
:101EE000E4F7A2F902B05DF804EB03B070472DE906
:101EF000F843054688461746002418F80430202B7E
:101F000021D0093B042B1ED94046DCF7ABFCAB6863
:101F100080B2598F001BCB1B984208EB040914D9DF
:101F20004846002610F8012B202A06D0A2F1090C01
:101F3000BCF1040F02D80A2A2DD03346BA199142B7
:101F400028D90136EEE70134D7E74B460026B042E8
:101F500008D168694946FFF7BDFF6869BDE8F843E5
:101F6000E4F7C8BC13F8012B0A2A11D16869FFF7FE
:101F700063FA324649462846E4F77AFA0134344493
:101F80006869E4F7B7FC39462846E4F71FFABBE76F
:101F90000136DCE71E466869FFF74EFA32464946CD
:101FA0002846E4F765FA344418F80430202B02D0B0
:101FB000093B042BE4D80134F6E70020704783691D
:101FC0000020186070470EB403B503AA52F8041B32
:101FD0000192E4F729F902B05DF804EB03B0704711
:101FE00008B50168E4F73CF8002008BD836803F5F4
:101FF0001F73D3E8EF1F21F00801C3E8E21F002A96
:10200000F7D100207047836803F51F73D3E8EF1FF3
:1020100041F00201C3E8E21F002AF7D10020704717
:10202000836803F51F73D3E8EF1F21F01001C3E8A5
:10203000E21F002AF7D100207047836803F51F7361
:10204000D3E8EF1F21F02001C3E8E21F002AF7D1F7
:1020500000207047836803F51F73D3E8EF1F21F05A
:102060000201C3E8E21F002AF7D10020704783680D
:1020700003F51F73D3E8EF1F41F00801C3E8E21F27
:10208000002AF7D100207047836803F51F73D3E857
:10209000EF1F41F01001C3E8E21F002AF7D1002032
:1020A0007047836803F51F73D3E8EF1F41F02001E9
:1020B000C3E8E21F002AF7D1002070470023C36065
:1020C000704770B515461E46C468F1B13CB9034669
:1020D00053F8044F9C4209D10020308070BD8368C2
:1020E000A34202D10023C360F6E72468C460002C39
:1020F000F2D02289284604F10A0106F0B0F8002245
:10210000238901203380EA54E8E7002CE4D04368B7
:102110009C42E7D06468E9E72DE9F84300230446D0
:1021200088461646C36022B3071D4068874200D028
:10213000B8B906F10A090022002349462068F8F7D9
:1021400003FE0546B8B963689F4212D0A168D1E981
:10215000003213605A60C1E900002068F8F702FEFF
:10216000E9E703899342E4D10A3006F0AAF800288F
:10217000DFD1BDE8F8830681324641460A3006F0D9
:102180006EF86368C5E900375D606560F1E770B5BA
:1021900004460025061D6368B34202D10023E360B4
:1021A00070BDA168D1E9003213605A60C1E90055E1
:1021B0002068F8F7D7FDEEE706F077B806F04FB8DD
:1021C00001460068E4F730BE08B5E4F79DFEBDE8BF
:1021D0000840E5F7F5BA0A460121FEF763BE002183
:1021E0000120E4F721BED0F8A03083F30B887047BC
:1021F0006FF08500704761B662B680F31188BFF357
:102200006F8F704772B6002383F31188BFF36F8F0F
:10221000BFF34F8F30BF62B6BFF36F8F704772B698
:10222000002383F31188BFF36F8FBFF34F8F20BF5D
:1022300080F31188BFF36F8F62B6704740E800F3F8
:1022400013F4803FD8B208BF6FF01500704730B567
:102250000C684B6885B00A894D890094013B24F0D5
:102260001F04234402F01F0242EA451223F01F0319
:1022700069468DF808200393E5F75EFB05B030BD95
:1022800008B5D1E904319847002008BD08B5E5F745
:10229000B5FD002008BD7047C16A8968E5F786BEB4
:1022A00038B50D4614461146E6F75EF82246294633
:1022B000BDE8384005F0D3BF10B5036802211C8883
:1022C000E6F786F860BA80B210BD914270B5044658
:1022D0000E461ED00D462DB9A6603368BBB1204610
:1022E000984714E0EB689A4204D01D46F3E7334662
:1022F00083B91D46002DEFD0AE42EDD0A5602B680E
:10230000002BF4D020469847237C9B07EFD5236809
:10231000A36070BDDA689542EBD01346E8E770B56C
:1023200004460D4609690029FBD1237CC4E900510C
:1023300023F00F0323742B46E160A5601E46DB6883
:10234000002BFBD1336833B9324629462046BDE81D
:102350007040FFF7BABFA660336820469847237CD9
:10236000A5609B07F0D570BD38B5037C04469D077A
:1023700001D5E06813E023F00F0303740368836062
:102380005B682BB1984718B9237C43F0080323748A
:10239000237C9907EDD413F0090F01D0002038BD3C
:1023A0002368DD68A5B1A5606B680BB9ED68F9E736
:1023B0002046984718B9237C43F008032374237CF4
:1023C0009A0702D52368A360D3E713F0090FEDD075
:1023D0002368A360E2E70022E6F7D4B810B50A4408
:1023E000914200D110BD11F8013B434083EA031331
:1023F000DBB2DC0084EA032484EA102080EA1310B4
:10240000EEE7012902D0022904D0704702F5967048
:10241000E6F726B902F1E000FAE770B547F6122CAC
:102420000446B0F8B820036E002140F2E7305B6844
:1024300003EB0213DD894FF47A720023E5FB0C01F4
:10244000DCF7E4F902460B4604F1F000BDE8704009
:10245000E6F70CB950F8483C1BB10121A838E6F763
:1024600061B9704702217838E6F75CB961B9B0F814
:10247000B83001339BB2026EA0F8B830118999428E
:1024800004D10021E6F74EB90023F4E7526802EBCD
:1024900003139A885AB10023C364A0F85830A0F8F7
:1024A000DE300123E03000F8043CE6F7D9B89A8921
:1024B0002AB19A68C2649B89A0F858307047FFF728
:1024C000ACBF50F8903C1BB10021F038FFF7CEBFF5
:1024D000704770B5B0F828310446012B10D0022B9C
:1024E00001D0E3B170BDD0F820311D69002DF9D0C5
:1024F000AC46BDE870404368B0F84A20416C604784
:10250000D0F820311D6925B14368B0F84A20416CEC
:10251000A8472046BDE870400121E6F703B9D0F88E
:1025200020311D6925B14368B0F84A20416CA847A5
:10253000D4F82031997B0029D4D12046BDE87040E1
:10254000FFF794BF70B5044650F8043C012140F8F1
:10255000083CDA68683802651B8AA0F85A30FFF731
:1025600085FF54F8083CBBB19D694FF47A7347F678
:10257000122C40F2E73000215D434FF47A720023C1
:10258000E5FB0C01DCF742F902460B4604F11000B2
:10259000BDE87040E6F76AB870BD38B550F8803CC9
:1025A0000446A0F1E005ABB110F8043C012B12D0B9
:1025B000022B1BD073B154F8803C34F8282C5B6894
:1025C00003EB02139A89E2B19A6844F8942C9B8930
:1025D00024F8883C38BD2846E6F74EF80028F9D0A4
:1025E000002324F8023C022304F8043C2846E6F7C2
:1025F00043F80028EED0002324F8023C04F8043C01
:10260000D9E7D989284619B1BDE83840FFF705BF99
:10261000BDE83840FFF72ABFBC30D0E8AF0F00F06C
:102620000100704738B50546E6F736FB044678B931
:102630004FF0FF324FF0FF3305F1C400F9F700FA15
:10264000002807DB95F8C030002B18BF6FF00A0494
:10265000204638BD0446FBE730B5044600688BB021
:1026600008B100F005FC0025694604F16800F9F79F
:102670003DFD694604F1A800F9F738FD694604F507
:102680009670F9F733FD694604F1E000F9F72EFD85
:102690002560E5812586A4F84A502566A4F8B8503F
:1026A00004F1BC03D3E8EF2FC3E8E15F0029F9D1BF
:1026B000012384F8C03004F1C400F9F721FAC4E919
:1026C0004855C4E9135584F8DC50A4F8DE50A565DC
:1026D0000BB030BD1422002105F0E7BD38B50D4622
:1026E00004464FF48071284605F044FEB0F5807F23
:1026F0001DBF2071256000206FF00B0038BD38B57C
:102700000D4604464FF48071284605F033FEB0F5BF
:10271000807F1DBF2073A56000206FF00B0038BDC7
:102720000161704781737047417370471022002127
:1027300005F0BBBD38B50D4604464FF48031284640
:1027400005F018FEB0F5803F1DBFA0802560002079
:102750006FF00B0038BD19B922B16FF0150070474A
:10276000002AFAD0816082810020704701607047A2
:1027700019B922B16FF015007047002AFAD04160F4
:1027800002810020704719B922B16FF0150070471F
:10279000002AFAD0C1600282002070474161704770
:1027A0008161704710F0010308BF1846704710B4EC
:1027B000D0F8684124B12346D0F86C2110BC1847EA
:1027C00010BC704707B50B460246684605F093FCFF
:1027D000DDE9003213430CBF0120002003B05DF897
:1027E00004FB012A37B50446154605D800232360AB
:1027F0002046237103B030BD00230878ADF80230C5
:102800008DF80430FFF7CEFF4B788DF8000013F001
:10281000010208BF13468DF801309DF80030D8073B
:10282000E4D59DF80130DA07E0D5072B4FEA5302D3
:10283000DCD8931CAB42D9D802310DF1020005F06F
:102840000EFD00989DF804302060D1E72DE9F3419A
:10285000028D038CC46A9B1A9BB2E41A0B89063C56
:102860007F2B28BF7F23A4B29C4228BF1C46F9239C
:1028700088468DF800300B784A789B0043EA420383
:1028800043F001038A788DF80130CB78064643EA9D
:1028900002138DF80230630043F00103032200F1BC
:1028A0001C070DF10101FF208DF80330E5F7A4FEB0
:1028B00098F80330EF2B20D1C543694604223846EF
:1028C000DFF740FF2246D8F804103846DFF73AFF1A
:1028D000F923694602223846EDB28DF801308DF8B1
:1028E0000050DFF72FFF0022002306F18800E5F7F4
:1028F000BDFE204602B0BDE8F0812246D8F80410A3
:10290000E5F77AFEC543D8E7FEF7CCBA002310B549
:10291000044680F8B830043000F0D1FA04F18800A1
:10292000F9F728FE04F15800BDE81040F9F722BE7F
:1029300010B544688AB00CB90AB010BD201D00F073
:10294000BEFA694604F15800F9F75AFE04F188000E
:102950006946F9F755FE2468EDE710B5446804B9F7
:1029600010BD94F8B930DB0702D4201D00F0BFFA87
:102970002468F4E713B50446A0B190F87E318BB11A
:10298000D0E96023684605F091FBDDE9002304F5FA
:102990008C70C4E95823D4E9602302B0BDE810402C
:1029A000F9F7E2BD02B010BD0129104603D002299B
:1029B0000BD029B17047002200235830E5F756BEEE
:1029C0001175002200238830F8E792F87F31002B40
:1029D000F7D1137B042BF4D17047F8F72BBDF8F730
:1029E000D7BD0173012300F5A47003FA01F105F0CE
:1029F00015BC38B50446E830F9F7BCFD04F1B80061
:102A0000F9F7B8FD04F1300500212046FFF7E9FF92
:102A10004FF0FF3228464FF0FF33FFF7DEFFA37B76
:102A2000284623F00103A373FFF7D9FF20460121B5
:102A3000FFF7BDFE2046BDE83840FFF779BF38B547
:102A40000446C06AE6F726FA60B188342046F9F7F2
:102A50006DFC054648B9002200232046E5F706FE36
:102A6000284638BD4FF0FF35FAE76FF00F05F7E75E
:102A700070B5C66A04463046E6F752FA98B1583443
:102A80002046F9F753FC054680B93046E6F702FACE
:102A900030B1002200232046E5F7E8FD284670BD4E
:102AA00042F29F42F6E74FF0FF35F7E76FF00F0570
:102AB000F4E7F0B5C46A054685B020460F461646D1
:102AC000E6F7E8F9002847D006B15FB92046FFF7DE
:102AD00051FF0022002304F18800F9F745FD002092
:102AE00005B0F0BD95F8B930DA07F8D42B8D04F1B4
:102AF00030058DF80430A37B4FF0FF32C3F3400361
:102B00008DF805304FF46F432846ADF806304FF08E
:102B1000FF330297ADF80C60FFF75FFFA37BDB0785
:102B20000CD5237B032B09D0052B07D0238D228CBA
:102B3000D21AE36A9B1A9BB2182B03D82846FFF7D8
:102B40004EFFCCE7204601A9FFF780FE0446284649
:102B5000FFF745FF20B2C3E74FF0FF30C0E730B5C5
:102B6000044687B000283BD0002939D091F8B8003E
:102B70000A8D831E5842584191F8B93040F2E35112
:102B8000002503F0020363F07F0343EA800302F0B1
:102B90003F0243EAC0039200019143F0010342F077
:102BA00003020DF1020101A88DF807308DF80850DD
:102BB0008DF80620E6F72CF9A37B0490C3F34003BD
:102BC0008DF80D304FF46F43ADF80E30BDF8023084
:102BD000204603A98DF80C50ADF81430E6F7E2F961
:102BE00007B030BDF8B504460D46164600F144075F
:102BF0004FF0FF334FF0FF323846FFF7EEFE32461C
:102C0000294604F13000DFF7CBFD05463846FFF7D3
:102C1000E6FE94F8B9309A0713D5216CA28E7F296D
:102C2000084628BF7F20A68F921B92B2891A88423D
:102C300007D823F002032146E06A84F8B930FFF791
:102C40008EFF2846F8BD1FB588B1B0F8443090F823
:102C50004620ADF8043063238DF80730002301A926
:102C60008DF806200293ADF80C30E6F79BF905B01D
:102C70005DF804FB1FB5B0F8443001A9ADF804308D
:102C800040F60173ADF8063000230293ADF80C3026
:102C9000E6F788F905B05DF804FB70B510F8DC3C88
:102CA0000446072B86B0A0F1E8050DD110F8DB3CF7
:102CB0000133DBB2032B00F8DB3C22D9284606B0F7
:102CC000BDE87040FFF795BE2846E6F7E3F8002818
:102CD0003DD02846E6F752FB064660B12846E6F7A7
:102CE000D9F8A0B340F635420023204606B0BDE82F
:102CF0007040E5F7BBBC07212846FFF772FE04F8D9
:102D0000DB6C40F2C31300260DF1020101A8019310
:102D10008DF80860E6F77CF814F8DA3C0490C3F309
:102D200040038DF80D304FF46F43ADF80E30BDF811
:102D30000230284603A9ADF814308DF80C60E6F790
:102D400031F940F6354200232046E5F78FFC06B006
:102D500070BD07B500220023CDE9002305F066FA17
:102D600003B05DF804FB2DE9F34100F114080446BB
:102D70000121404617461E46FFF7EBFF054618B1F6
:102D8000002002B0BDE8F081636820681B689847A6
:102D90000028F6DB01212A464046CDE9007605F001
:102DA00045FA0028ECD16FF00A00EAE710B50121DE
:102DB00004461430FFF7CDFF28B9636820681B680C
:102DC000BDE81040184720460021E7F7ADFA002083
:102DD00010BD38B5044604F11405E7F7DDFA042107
:102DE0002846FFF7B6FF18B101212046E7F79CFA05
:102DF00008212846FFF7ADFF28B12046BDE838403E
:102E00000221E7F791BA38BD2DE9F04100F114072E
:102E100004460D46384601211646FFF79AFF58B181
:102E20000821384605F0FEF96368324629462068D5
:102E30005B68BDE8F0411847BDE8F0812DE9F0413D
:102E400000F1140704460D46384601211646FFF7E7
:102E500080FF58B10421384605F0E4F96368324632
:102E6000294620689B68BDE8F0411847BDE8F0811D
:102E700000221146E7F790BA10B50221044614303B
:102E8000FFF767FF28B963682068DB68BDE810407A
:102E9000184720460321E7F747FA002010BD10B578
:102EA00004460921143005F0B9F920460021E7F75E
:102EB0003BFA2046BDE810400221E7F735BA10B5CD
:102EC00004460A21143005F0A9F92046BDE8104057
:102ED0000321E7F729BA10B504460421143005F0A0
:102EE0009AF92046BDE810400121E7F71DBA10B558
:102EF00004460821143005F08EF92046BDE8104044
:102F00000221E7F711BA0068704700230160C0E9A9
:102F1000013303737047A1F17D03012B09D91F29E8
:102F200009D8012303FA01F10840003818BF012035
:102F300070470120704700207047012905D011F02B
:102F4000FD0F06D102F1600001E002F17000E5F72B
:102F500087BB704743682BB1186818B10022002363
:102F6000E0F79ABE0020704743681BB1186808B1AB
:102F7000E0F782BC0020704738B50C46056905F1C2
:102F80000803D3E8AF3FDB0726D591F937100029B6
:102F900008DB94F83730C3F30213073303F0070359
:102FA000012B1CD80023A26892B9012B02D800295A
:102FB00018DBBBB1204602F02CF8214605F1440095
:102FC00004F037FF05F16000E5F74AFB002038BD4B
:102FD000108A52680344E7E74FF0FF30F7E76FF0DD
:102FE0007A00F4E76FF03C00F1E738B50446E0B151
:102FF0000368D3B11B681D69EBF738FB236843B145
:103000000C33D3E8EF1F41F00801C3E8E21F002AA8
:10301000F7D1204601F075FB204601F085FB6B6877
:103020000BB1204698472C6038BD00231B69FFDE9A
:103030000068704730B504468BB000F10803D3E850
:10304000EF2F22F00101C3E8E01F0028F7D1D307DA
:1030500025D50025A069FFF70BFF694604F1600044
:10306000F9F744F8694604F17000F9F73FF8206A6F
:10307000A561257710B101F0E5FF2562A06A84F80B
:10308000245010B101F0DEFFA56244340022002379
:103090002046F8F7F3FB10B101F0D4FFF6E70BB0D0
:1030A00030BD5838FFF723BF2838FFF714BF7038FA
:1030B000FFF705BF836AD0F890200439C91AB1FB25
:1030C000F2F102FB0131D1E8EF3F013BC1E8E23F01
:1030D000002AF8D113B91C30F7F71ABF704783687C
:1030E0005B69184707B50023002201A91C30F7F7D8
:1030F0009DFE18B1002003B05DF804FB0122019B86
:10310000D3E8EF1FC3E8E02F0028F9D10198F2E7D8
:1031100070B400F18803D3E8EF4F44F00205C3E830
:10312000E65F002EF7D1A30702D470BCE7F786BD97
:10313000002070BC70472DE9F04704460F469046CA
:10314000002600F1E00900F1AC0A4645D4F8E4306D
:1031500028D2FBB1D4F8E430A8EB06059D4228BF85
:103160001D463846D4F8E0102A4605F078F8D4F821
:10317000E010D4F8E43029445B1B2F442E44C4F8FB
:10318000E010C4F8E430002BDFD104F17000FFF749
:1031900091FFDAE70022002349465046F8F784F809
:1031A0000028D7D0D4F8E43033B30022002304F150
:1031B0003000E5F75BFA04F18807D7E8AF3F5A071C
:1031C00017D504F170084046FFF78CFF054680B123
:1031D000D4F8002120680435043A83682946D3F8DE
:1031E0000C904FF47A73C84758B129464046FFF710
:1031F00061FF3046BDE8F087D4F8D030002BD4D141
:10320000D9E7D7E8EF3F23F00402C7E8E12F002910
:10321000F7D15B07EDD42068FFF761FFE9E70020F5
:10322000704708B5E8F70AF8002008BD08B5E8F7C8
:1032300005F8002008BDE8F713B8E8F711B8E8F77B
:103240000FB8E8F70DB8E8F7B7B9E8F7CBB9E8F782
:10325000C9B9E8F7DDB9E8F7F1B9E8F7EFB9E8F788
:10326000EDB9E8F7EBB9E8F715BAE8F713BAE8F7FC
:103270001FBAE8F71DBAE8F71BBAE8F719BAE8F77A
:1032800017BAE8F715BAE8F713BAE8F711BAE8F78A
:103290000FBAE8F70DBAE8F70BBAE8F709BAE8F79A
:1032A00007BAE8F731BA38B1006828B10C30D0E875
:1032B000AF0F084100F00100704708B50021034638
:1032C000FFF7F1FF28B11846BDE808400821FFF7D5
:1032D000EABF08BD10B50446DBF7C4FA00238342F9
:1032E00001DB012010BDE25C303A092A01D801332C
:1032F000F5E70020F6E7006800F0F000A0F1E00339
:10330000584258417047EAF72DB8EAF7B1B810B5FE
:10331000C4688C420FD8D0E90532013B02FB03435D
:10332000994208D8091BB1FBF2F302FB1311B1FA61
:1033300081F0400910BD0020FCE708B5EAF708FC61
:10334000002008BD08B5EAF703FC002008BDEAF735
:10335000B9BCEAF7B7BC00207047EAF71FBDEAF72F
:103360001DBDEAF71BBD00207047EAF769BFEAF709
:1033700067BFEAF77BBFEAF779BFEAF7A3BFEAF7CF
:10338000A1BFEAF79FBFEAF79DBFEAF7B5BFEAF72B
:10339000B3BFEAF7B1BFEAF7AFBF10B1006800B141
:1033A0004068704710B1006800B18068704710B184
:1033B000006800B10068704708B5FFF7F3FF90F8A8
:1033C0000C0308BD38B1006828B10C30D0E8AF0F4D
:1033D000084100F00100704710B10921FFF7F2BF6A
:1033E000704738B50246FFF7E2FF0D460346816895
:1033F0001046FFF7D7FF90F8D822042A03D095F99A
:103400003720002A10DACA68184629469047044631
:1034100020B9AB6823B9284601F014FE204638BD18
:103420001A8A5B681444F5E76FF07204F6E700232C
:103430001946026F9A4202D8036D2BB11847C26E2B
:1034400042F823100133F4E7704707B5042209BAA4
:1034500001910DEB020102F01AF803B05DF804FBD4
:103460004CF22102B0F8A430934201D138387047B1
:1034700048F22102934202D1A0F5887070474CF2C5
:10348000230293420CBFA0F5F0700020704710B5E6
:1034900090F8A6300446023B072B26D8DFE803F05D
:1034A0000D1C12040404041401212046EBF746FF0E
:1034B0002046BDE81040F9F75DB80021BDE8104096
:1034C000EBF73CBF0021F0E70121EBF737FF204687
:1034D000BDE81040FFF7ABBF0121EBF72FFF636D95
:1034E0001BB12046BDE81040184710BD10B590F83C
:1034F000A630044613B1012B05D010BD0221BDE852
:103500001040EBF71BBF0021EBF746FA06212046DF
:10351000F5E710B590F8A6300446092B26D8DFE869
:1035200003F01C2505110E25252525110621EBF795
:1035300005FF2046BDE810400021EBF72DBA05211C
:10354000EBF7FCFE636FDB0710D52046FFF79FFF0C
:103550002046BDE81040FFF7C9BF0121EBF7EEFEA2
:10356000636D1BB12046BDE81040184710BD10B573
:1035700090F8A6300446092B2DD8DFE803F013138A
:103580002C192C1B0505050531B11F22843004F0D0
:10359000DEFE002384F8A3302046BDE8104004215D
:1035A000EBF798BA00212046BDE81040EBF7C6BE05
:1035B0000221F8E70421EBF7C1FE2046FFF750FF98
:1035C00090F8D8323BB9A3672046BDE810400022EE
:1035D0000023F8F7C9BF10BD2DE9F34190461F46FF
:1035E00090F8AD3004464345BDF8202053D190F803
:1035F000AE5015F001054ED1032920D1D0F88060DE
:103600000136042EC0F88060C66B94BF00230123EE
:10361000002E40D03946B04700283CDB94F8AE304D
:1036200043F0010384F8AE3094F8A630023B072B38
:1036300031D8DFE803F022223030170B172C436C0F
:10364000C0F880503BB339469847E5E72046F8F785
:1036500091FF20460021EBF79FF906212046EBF76A
:103660006DFE06E02046F8F785FF00212046EBF7C7
:1036700093F9284602B0BDE8F0810023CDE900337C
:10368000062243462046B969EBF790F8F1E7204659
:10369000FFF7CDFEDDE70225EBE70220704737B5E7
:1036A00000251446CDE900250B460A22A169EBF757
:1036B0007DF8284603B030BD08B5D0F8583213B1B4
:1036C000D0E997019847002008BD0020704730B529
:1036D0000C4685B00546012220460DF10E0101F091
:1036E000ACFD002810DB012220460DF10F0101F096
:1036F000A4FD002808DB002008222946CDE900406F
:103700009DF80F30EBF752F805B030BD38B590F8A2
:10371000D83204460D462BB1012B0CBF00210521E8
:10372000EBF7DAFD294604F13800BDE83840FFF731
:103730001EBF4FF0FF333830C0F8C030FFF7E9BE8E
:103740003830FFF7A4BE4CF221013830EBF706BA4F
:1037500010B40C4611461A46A4F10803032B0FD8E7
:10376000DFE803F00205080B10BCFFF796BF10BCA2
:10377000FFF795BF10BCFFF79FBF10BCFFF7A5BFB9
:10378000022010BC7047383800F087BA383800F093
:10379000A7BA0146B1F8C420B1F8B830383812B130
:1037A000934228BF1346D1F8842212B1126802B1A5
:1037B0005383EBF7E9BC10B50446EBF767FC28B977
:1037C000B4F8B830002B08BF6FF0150010BD07B576
:1037D00001228DF807100DF1070101F058FE03B02A
:1037E0005DF804FB37B50C46FFF73AFE05460121AC
:1037F0002046FFF7ECFF04212046FFF7E8FFB5F86D
:10380000F03002225BBA20460DF10601ADF8063019
:1038100001F03DFE03B030BD13B508460DF10601C1
:10382000144601F013FD0028A9BF00206FF07900B5
:10383000BDF80630638102B010BD022A13B50446FC
:10384000084603D06FF0150002B010BD0DF106015F
:1038500001F0FCFC0028F7D1BDF80630B4F8F020E8
:103860009A42EFD3A4F8F030EEE7022A13B50446EB
:10387000084603D06FF0150002B010BD0DF106012F
:1038800001F0E4FC0028F7D1B4F8F020BDF80630D0
:103890009A42F1D0EEE7084608B5111D01F0E2FCAE
:1038A0000028B4BF6FF07900002008BD042A13B5CA
:1038B0000446084603D06FF0150002B010BD01A900
:1038C00001F0D0FC0028F8D1D4F8EC20019B9A42FA
:1038D000F3D0F0E7FFF7EABF0A2100F09DB90846F0
:1038E00010B502F10801144601F0B0FC002808DB15
:1038F0004CF2230322899A4206D10123002023702F
:1039000010BD6FF07900FBE76FF01500F8E738B5F0
:1039100000230446A0F13805A0F8C630284600F080
:10392000CCF9D4F8843283B11B6873B10C33D3E87B
:10393000AF3F9A0509D594F8E0329B0705D5284694
:10394000BDE838400121EBF7C7BC38BD37B50C46A0
:10395000054606212046FFF73AFF002809DB04222E
:10396000D5F8EC3020461BBA0DEB0201019301F0B3
:103970008EFD03B030BDD0F8BC3213B11B6803B16B
:103980005B8BA0F8F0303830FFF7B0BD37B50C4690
:10399000054604212046FFF71AFF00280ADBB5F888
:1039A000F03002225BBA20460DF10601ADF8063078
:1039B00001F06DFD03B030BD13B50C460321204668
:1039C000FFF705FF04212046FFF701FF4FF40F53D7
:1039D000022220460DF10601ADF8063001F057FD38
:1039E00002B010BD30B4029D2C6844F001042C607C
:1039F0009B680BB130BC1847184630BC7047DB6879
:103A00001847009A0020136843F0020313607047C0
:103A10002DE9F7431D46002407461868884691465D
:103A2000FFF71EFD2E68D6F870C0644501D1002056
:103A30000EE0B16E22018A5C01EB041342450AD10B
:103A4000F26E394602EB840200926C684A46A04747
:103A500003B0BDE8F0830134E7E7F7B50546002081
:103A60001446D3E9032787421FD1DA695E68013221
:103A7000DA618DF80710012230460DF1070101F0DF
:103A800006FD00281CDBA31C012230460DF10701B6
:103A90008DF8073001F0FBFC002811DB7CB12246D9
:103AA0002946304601F0EAFB09E0164616F80CCB31
:103AB0008C4502D032460130D5E7002AD5D000200F
:103AC00003B0F0BD2DE9F04F8946D3E903811C46D0
:103AD00005461746002385B0994202D100235B6852
:103AE000FFDE424612F80C0B484502D090460133E7
:103AF000F2E7D5E903B3D4E900A60193294650467D
:103B0000D8F804306269984710F1860F31D1019BD3
:103B1000C5F80CB02B61E3690133E361A36943B1DC
:103B20000021304601F00DFC304601F021FB00235E
:103B3000A361012230460DF10F018DF80F9001F0C5
:103B4000A6FC00280CDBBB1C012230460DF10F0146
:103B50008DF80F3001F09BFC002801DB1FB900201D
:103B600005B0BDE8F08F3A462946304601F086FBA5
:103B7000F5E710F1160FF3D1E369002BEFD15046B2
:103B8000A36962690133A361D8F80830616805B0A0
:103B9000BDE8F04F18472DE9F743084615460C4697
:103BA0001F4601F0BDFB854233D1002D02DC09D157
:103BB000284609E0012220460DF1060101F03DFBF7
:103BC000002804DA6FF04C0003B0BDE8F083012256
:103BD00020460DF1070101F030FB0028F2DBD4E9AB
:103BE00003989DF807602046023EF6B232460A9BD3
:103BF0009DF80610B8470028E6DB31462046C4E9A8
:103C0000039801F004FB0028DEDB9DF80730ED1A75
:103C1000CBE76FF07900D7E72DE9FF410C46064668
:103C2000FFF71EFC07463046EAF7A0FD40F6354296
:103C30000023CDE90023002321461A46EEF7C2F8FF
:103C4000044630B30025336FAB4203D8204604B09E
:103C5000BDE8F081F36E53F825309B0701D501359F
:103C6000F1E7B26E2B01D35C02EB0518204601226E
:103C70000DF10F018DF80F3001F009FC30B921462C
:103C80003846D8F8043098470028E8D0204601F09C
:103C9000D9F90024DAE7EBF719BA10B5044600F5B4
:103CA0003770F7F763FE94F8D8322BB12046BDE8A1
:103CB00010400021EBF710BB10BD10B5044600F515
:103CC0003D70F7F753FE94F8D83243B12046EBF736
:103CD000B9FA2046BDE810400021EBF7FDBA10BD4F
:103CE0007047D0F8143310B5044613B90421EBF72C
:103CF000F3FAD4F814330133C4F8143310BDD0F8F8
:103D00001423013A002A02DDC0F814237047002270
:103D10000521C0F81423EBF7DFBA00F58870FFF730
:103D200026BC00F58870FFF7F4BB00F58870FFF73C
:103D3000AEBBFFF7ACBB00F58870FFF7D7BB48F20E
:103D4000210100F58870EAF709BF10B50446EBF7CA
:103D50009DF928B9D4F8B030002B08BF6FF01500DA
:103D600010BD10B5144604220846A11801F065FAEA
:103D70000028A3BF0123237000206FF0790010BD3D
:103D80000346042A084603F5E07101D101F055BA53
:103D90006FF0150070470621FFF73EBF90F808321C
:103DA000A0F58872D90607D523F0100380F80832F1
:103DB00021211046EBF730BA704738B5D0F8B03053
:103DC000A0F5887504462BB100F1B001D5F8BC020E
:103DD00000F0E2FB0022C4F8B020C4F8B420C4F81C
:103DE000B82095F81833190709D562F3C30385F88D
:103DF00018332846BDE838402121FFF780BF38BD81
:103E0000042A37B505461446084603D06FF015005E
:103E100003B030BD01A901F010FA0028F8D1224604
:103E200005F5E07101A804F04CFA0028F0D0EDE7A8
:103E300037B50C4606230546012220460DF1070141
:103E40008DF8073001F023FB002805DB0422204613
:103E500005F5E07101F01BFB03B030BD90F938317E
:103E6000002BBEBF90F8383123F0800380F8383142
:103E7000704790F83931DA0744BF23F0010380F826
:103E80003931704700F5F070FFF771BB00F5F07045
:103E9000FFF73FBB00F5F070FFF7F9BAFFF7F7BA8D
:103EA00000F5F070FFF722BB4CF2230100F5F07033
:103EB000EAF754BE08B590F8A630062B02D10821C7
:103EC000EBF73CFA002008BD90F93821A0F5F0731B
:103ED000002A08DB90F8382142F0800280F838216F
:103EE0001846FFF7D8BE704738B1006828B10C30CB
:103EF000D0E8AF0F084100F00100704708B501F0AD
:103F0000E5FAEDF72BFEEEF7FBFD01F095FFEEF77E
:103F100029FDEDF77BF8EDF7B9FFECF72BFBECF79C
:103F20002DFCFFF77CF9002008BD10B5044683681E
:103F30006BB994F83C00EDF7A1FF2146C0B2EDF754
:103F400091FF30B12046BDE8104001F07BB85B68BE
:103F5000EEE710BD10B5826804461346C3B992B1AE
:103F600094F838305B0715D594F83830204643F084
:103F7000040384F8383001F0FBF894F83730C3F3C9
:103F80000213032B0FD92046BDE8104001F05AB8A8
:103F90005B68E3E72146A06900F01FFB0128E3D03E
:103FA0000028F0D110BDA368DB681B7803F0F00394
:103FB000402BE8D1204601F056FEF1E738B5054622
:103FC0000C4601B3F8B18B6803B3DA68F2B11B8A0F
:103FD000E3B10021FFF788FFD8B194F837302046CD
:103FE00043F0010384F8373001F0C2F8A5612B6873
:103FF00093B11B7C204684F8203084F82A30FFF7E8
:1040000094FF002038BD6FF01500FBE76FF03C0017
:10401000F8E76FF07200F5E71B78FFDE2DE9F84353
:1040200017461E460446002800F0DE808368002BF9
:1040300000F0DA808369002B00F0D9800021184657
:10404000FFF752FF18B96FF07200BDE8F88308213E
:104050001846FFF749FF0028F5D0204601F053F835
:10406000204601F085F894F83730C3F30213012B92
:104070000ED06269002A40F086803A4633462146D7
:10408000A06900F0C3FA02280DD16FF00400DCE74C
:10409000A38EB3F5006FECD1A368DD682B7A23B94A
:1040A000204600F0CFFF0020CFE7ECF7C9FD2A69DA
:1040B00003689A4202D16FF07C00C6E7A368DD680E
:1040C0002B7C7F2B10D1A368DB68DA68A368DB68E0
:1040D0001969D960A368DB681A614FF40063A3868D
:1040E000A36973BB1A462FE0D4F81880ECF7ACFD37
:1040F0002A6903689A421ED005F110014046EBF789
:104100004DFC0146B8B9A368D3F80C9009F110082A
:104110004046EBF7E7FC05460028D4D1ECF794FDC8
:10412000D9F8102003689A42CDD041462846EBF7D3
:1041300035FC0028C7D1A368DB681B7B7F2B98D197
:10414000B9E71A6802B110321168216251686162E0
:10415000128904F12A01228513B11B6803B11033BF
:104160001A682046C4F82A205A684A601B890B81C5
:1041700094F8383023F0140343F0140384F83830F3
:10418000FFF7D3FE8FE794F83730C3F30213012B08
:104190007FF473AFA368DB681B6903F0F003E02BC7
:1041A0007FF46BAF92F85C30002B3FF466AF0022D7
:1041B0000023204601F04CF9054600283FF45DAF8E
:1041C000A069A86130B10368A3B11B7C85F82030D9
:1041D00085F82A302946FFF7F1FE00283FF44DAF5D
:1041E000284600F02FFF48E76FF03C002DE76FF006
:1041F00015002AE71B78FFDE10B1006800B14068A7
:10420000704710B1006800B10068704710B4846B4B
:104210001CB12346426810BC184710BC704710B54B
:104220000346FFF7E9FF28B1C2681AB1BDE81040A4
:1042300018461047002010BD38B1006828B10C3076
:10424000D0E8AF0F084100F00100704760B103688B
:1042500053B101220C3302FA01F1D3E8EF0F084306
:10426000C3E8E20F002AF8D1704768B103685BB178
:10427000012202FA01F1C9430C33D3E8EF0F0840E1
:10428000C3E8E20F002AF8D17047F7F7D3B8F7F781
:104290007FB970B505460E46EBF7D4F96B688BB164
:1042A000D97E0022C1F3400489070CD51988012961
:1042B00006D1D9695B6863EA010331688B4202D099
:1042C000144600E01C462846EBF71EFA204670BD57
:1042D000F8B50E461746054638B1EBF7B3F96C68EA
:1042E000DCB92846EBF710FA25462846F8BD721CC3
:1042F00003D094F91930B34212D12388012B0FD186
:1043000004342046EBF792F918B1002F08BF0024BF
:10431000E7E7002F18BF0024E3E7E37E9B07E6D41E
:104320000024DEE770B50C4605461646EBF78AF921
:10433000012C0CD16C6864B92846EBF7E5F92046EE
:1043400070BD626833689A4218BF0024F4E7002405
:10435000F2E7E37EC3F340029B07F2D41446EBE797
:10436000D0E8EF3F0133C0E8E23F002AF8D17047C0
:1043700010B588B1006878B101230C3003FA01F15F
:10438000D0E8EF3F43EA0102C0E8E42F002CF7D168
:104390001940081E18BF012010BD30B590B100684B
:1043A00080B1012303FA01F1CA430C30D0E8EF3F9A
:1043B00003EA0204C0E8E54F002DF7D11940081EBA
:1043C00018BF012030BD38B503F06EFE4FF47A748B
:1043D000A0FB040547F61222002304FB0151DAF783
:1043E00015FA38BD2DE9F04104460D4617469846AA
:1043F000EBF728F908212046FFF71EFFC8B98F42C6
:104400001AD8CCB12668BEB106F1120065B9C6F85B
:1044100012504560002586F8108077742046EBF72F
:1044200073F92846BDE8F0813A46294603F017FFA4
:10443000F0E74FF0FF35F1E76FF01505EEE7EBF72A
:10444000ADBA0122FFF744BF0022FFF741BFEBF7EF
:1044500049BB002337B50D46014618460193EBF7DB
:10446000C5FA0446ECF7ECFB844205D1EBF722FADF
:1044700005B12C6003B030BD204601A9FFF7E7FF6E
:1044800001980028F4D1F1E70021FFF7E2BFF8B569
:1044900005460F461646EBF7D5F800212846EBF700
:1044A00049FAB0B96B68A3B1DA7EC2F3400492074F
:1044B0000AD51A88012A0ED159683A684A40D96942
:1044C0000A4208D13268DA612846EBF71DF9204626
:1044D000F8BD0024F8E70446F6E738B504460D4673
:1044E000EBF7B0F800212046EBF724FA18B963681F
:1044F0000BB12A681A662046BDE83840EBF704B9CC
:1045000038B50C46054658B151B1EBF79BF8237FFF
:10451000284623F002032377BDE83840EBF7F4B8D0
:1045200038BD38B50C46054658B151B1EBF78AF89D
:10453000237F284643F002032377BDE83840EBF79A
:10454000E3B838BD38B50546EBF77CF800212846BE
:10455000EBF7F0F9044640B96B680BB193F864408F
:104560002846EBF7D1F8E0B238BD0024F8E738B5BB
:104570000546EBF767F800212846EBF7DBF9044620
:1045800040B96B680BB193F865402846EBF7BCF86F
:10459000E0B238BD0024F8E737B50C460546D0B187
:1045A000A1B1EBF74FF86B6863B1224601212846B1
:1045B00001ABEBF73DFC00280BDD019AD37E23F025
:1045C0001003D37600242846EBF79EF8204603B06C
:1045D00030BD0124F7E70446F8E710B50346FFF7BE
:1045E0000BFEBDE8104002681846104710B50C4697
:1045F0008B684BB994F83C0000F077FF2146A06926
:10460000BDE81040EBF7B2BD5B68F2E72DE9F04181
:104610000C464E690921054617469846FFF70CFEE1
:1046200060B96FF072071EB139463046FFF7EEFDF4
:1046300094F82B30002B45D1022033E0042128468A
:10464000FFF7FAFD0028ECD101212846FFF7F4FD21
:10465000A8B994F8213093B9A36913B900235B7802
:10466000FFDE1B68002BF9D05A7C03F11201082AE7
:1046700005D884F8212004F1220003F0F0FD9EB15A
:10468000B6F8601001F0C003C02B0DD1C1F3C20118
:104690000139012908D828463A4643462146FFF702
:1046A000A5FF0020BDE8F08194F83730C3F3021372
:1046B000012BF0D1204601F0BDFB022809D16FF09B
:1046C0000407B0E73A46284604F12A01EBF7F4FB69
:1046D000B2E70028E6D1DEE70020704710B50446B7
:1046E00070B1EAF7AFFF09212046FFF741FE10B98C
:1046F0002046EBF719FC2046BDE81040EBF704B864
:1047000010BD10B5044670B1EAF79CFF09212046A0
:10471000FFF743FE10B12046EBF706FC2046BDE84C
:104720001040EAF7F1BF10BD10B5044670B1EAF7CA
:1047300089FF0A212046FFF71BFE10B92046EBF740
:10474000F3FB2046BDE81040EAF7DEBF10BD10B510
:10475000044670B1EAF776FF0A212046FFF71DFEF6
:1047600010B12046EBF7E0FB2046BDE81040EAF729
:10477000CBBF10BDF8B50E46174688B181B1002AEF
:104780000EDD00F108052846DAF76CF8874204468A
:1047900009DD421C2946304603F061FD2046F8BD84
:1047A0006FF01504FAE76FF02104F7E710B50C0974
:1047B00001F00F0103B944B1092C85BFA2F10A032E
:1047C000E4183034E4B200F8014B0023092985BF16
:1047D0000A3A89183031C9B2017000F8013F10BDA2
:1047E00010292DE9F0479A4681460B460D4616469C
:1047F00028BF1023002486B0A34242DC1C461A4680
:10480000BAF1000F44D03A21484603F01AFD804621
:1048100098B3A0EB09039C42A8BF1C4601AF2246F7
:104820004946384603F01BFD002204F118036B448F
:1048300003F8142C01203946321DECF727F9814684
:10484000D8B901233380BAF1000F2FD0013D2D1BC1
:104850002A4608EB0301384603F001FD05F1180371
:104860000DEB03050A226946384605F8149CFAF751
:1048700035FC009BBB420DD160B9002006B0BDE8FD
:10488000F08719F8041022460029B9D00134B3E7A3
:10489000D046C3E79DF80420002AEED01B78002BF9
:1048A000EBD1B0F5803FE8D240BA70800120E5E757
:1048B00011F0010C08BF40BA4FF000032DE9F041A0
:1048C00008BF80B2BCF1000F07D032B111F8014B24
:1048D000013A2402241820465B418C0708D5012A9E
:1048E00006D931F8024B023A2418204643F100035E
:1048F0000D4616464FF0000E0F2E05F1100534D868
:104900006FF00F0514096C432244091B0E4615462F
:10491000032D40D86FF00307960822F0030507FB2C
:104920000622012A05EB010406D9695A023A091840
:10493000084643F100030234012A07D12278E10737
:1049400048BF12021218104643F10003020C42EA5B
:104950000342190C52EA134380B224D1BCF1000F78
:1049600001D140BA80B2BDE8F08155E90447E419AD
:1049700055F8087C4EEB0E08E41955F8047C48F114
:104980000008E41948F1000724182046A6F1100693
:1049900043EB0703B0E756F8044B043D24182046C8
:1049A00043F10003B4E7801841F10003CEE72DE99D
:1049B000F84F90F837300446C3F30213012B164624
:1049C00040F08E804B1E012B30D9002283684BBBF8
:1049D0004FF0080A94F8363094F83A000344CD1AA0
:1049E0001544ADB22046D4E9039800F0C1FB94F819
:1049F000373094F8361003F0010743F001032046E6
:104A000084F83730A1EB0A0100F001FC002810DA2D
:104A100094F83730C4E9039867F3000384F837301B
:104A2000BDE8F88F188A5B680244D0E70025AA46E3
:104A3000D8E7216952462846FFF73AFF94F83A1022
:104A400005465144204600F0E2FB0028E0DBD4F8A4
:104A50000CB0BBF1000F2FD023696BB3DBF80C2037
:104A6000BBF810A09B1AAAEB030A284652462169FC
:104A7000FFF71EFFDBF804B00546C4F80CB0BBF12D
:104A8000000F19D0BBF81030B3B1DBF80C301AF0BE
:104A9000010F23610DD01A7801331544ADB22361A3
:104AA000AA42BBF810A084BF0135ADB20AF1FF3AAB
:104AB000DBE7BBF810A0D8E765B16DBAADB294F8EA
:104AC0003730C4E9039867F3000384F8373026B918
:104AD0000020A5E74FF6FF75F1E7ED433580F7E7D6
:104AE0006FF015009CE710B50C4690F83A2090F84E
:104AF000361083680A440020D968FFF7D9FE30B128
:104B000040BA80B20CB1C0432080002010BD4FF6E7
:104B1000FF70F7E70A460221FFF749BF70B4A8B15A
:104B2000A1B1037893B15B2B10D0044600230E187B
:104B300014F8015B25B13A2D08BF0133B442F7D117
:104B4000012B18BF002370BCFFF74ABE002070BCC9
:104B50007047F6F71DBD006800F0F000A0F1E0031B
:104B600058425841704738B1006828B10C30D0E83D
:104B7000AF0F084100F001007047F6F75BBCF0B5DD
:104B800006460F46052587B002210DF11600FDF7F8
:104B900022FCBDF81640013D4FF0000144F40044F2
:104BA0000FD0CDE9011164BA0097A4B22346304674
:104BB00096F85E20ECF7BAFA1130E5D0204607B03F
:104BC000F0BD2C46FAE7F6F7E3BC90F85A007047C0
:104BD0000120704738B5044600F10803D3E8EF0F11
:104BE000421EC3E8E12F0029F8D1012801D0013885
:104BF00038BD04F10C0528464FF0FF324FF0FF336B
:104C0000FFF7BBFF206B18B1EDF71AFD00232363FC
:104C1000B4F86030284623F00603A4F86030FFF7AC
:104C2000D2FFB4F86030002023F00103A4F8603014
:104C3000DEE737B50546ECF733FA012819D16C6A7F
:104C4000ACB9ADF8000028460194ECF713FA03283C
:104C500004D069462846FFF792FF044608226946B9
:104C60002846ADF80240ECF703FC03B030BD00204D
:104C7000FBE76FF01500F8E72DE9F04100F10C07B4
:104C800086B004461646984638464FF0FF324FF03D
:104C9000FF330D46FFF771FFDDE90E010123059398
:104CA000109BCDE9020104930D9B324601930C9BAE
:104CB0002946009320464346ECF70AFD0446384651
:104CC000FFF781FF204606B0BDE8F081816149B160
:104CD0000B682BB11B7C80F8203080F82A3070479D
:104CE0001B78FFDE704710B5C3685B68C3600BB903
:104CF000036110BD49B1DA685C69141B5A8A121B42
:104D000092B2002AF1D0DB68F2E71A8AF9E790F84C
:104D1000373091F83720C3F3021363F3061281F89A
:104D2000372043694B6190F8363081F8363090F87F
:104D30003B2091F83B3062F3050381F83B3090F85B
:104D40003B3091F83B209B0963F3871281F83B20AD
:104D500090F83C3081F83C3090F8382091F83830A9
:104D600062F3000381F8383090F8373091F837203B
:104D7000C3F3400363F3410281F8372090F83730E2
:104D8000D2B2C3F3800363F3820281F8372090F834
:104D90003730D2B2DB0963F3C71281F8372090F8BD
:104DA0003730D2B2C3F3C00363F3C30281F83720B4
:104DB00090F8383091F83820C3F3C00363F3C3028E
:104DC00081F8382090F8383080F8383091F8382061
:104DD000C3F3800363F3820281F83820838E8B86CD
:104DE00083688BB18B687BB1036A0B62436A4B6249
:104DF000038D0B85D0F82A30C1F82A30D0F82E3038
:104E0000C1F82E30438E4B8690F83730C3F302132F
:104E1000012B01BF90F8393081F8393090F83A30E1
:104E200081F83A3070472DE9F74F00242646824634
:104E30001746DDE90C2368460D4603F037F9DDE936
:104E40000089DDE90C235046FDF726FAA346044607
:104E500018B9002E2FD1002629E076B9BBF1000F3A
:104E600008D17FB92646638A9D423CBFABB26382BC
:104E7000ED1A11E0CBF80400F5E7B042CBF80400DE
:104E8000F1D1EEE7638A3D449D423DBF65822646EF
:104E90000025264628BFED1A42464B46684603F0D9
:104EA0002AF9DDE90023CDE90C23002DC9D13046D4
:104EB00003B0BDE8F08F3046E3F73EF9CBE7034699
:104EC000002003B970471A8A5B681044F9E790F82C
:104ED0003730F0B413F0010C0F461146C26819D1F7
:104EE000C1B1D36854691C1B538A1B1B9BB2056953
:104EF000D4682E1B3E449E420FD1BCF1000F06D059
:104F00005669A61B548AA41BA4B29C4205D8F0BCC7
:104F1000FFF7E9BE0021138AE9E73D440561F0BCD3
:104F20007047C26810B482B169B1D36854691C1B60
:104F3000538A1B1B9BB20469D268A41A9C4204D1F9
:104F400010BCFFF7D0BE138AF5E710BC70472DE9FF
:104F5000F84306460F46154699469DF82080F368AB
:104F60008BB195B196F83740304604F0010484F0D7
:104F7000010108EA0101FFF7D4FFF3683BB96FF0C4
:104F80006800BDE8F883002DF9D12846F9E7B8F1AB
:104F9000000F35D0002C33D1DA6859695C8A521A77
:104FA000A41AA4B23069DB68C31AE41AE7D0AC4291
:104FB00028BF2C4667B1B9F1000F25D0B8F1000F1A
:104FC00020D00346384601462246184603F047F9EA
:104FD000B8F1000F08D096F83730DB0704D4F0683A
:104FE00021460C30E3F7C0F9424621463046FFF730
:104FF0006EFFB9F1000F01D007B127442D1BAEE7BA
:105000001C8ACFE73B46DEE72246396803F04DF9BC
:10501000DEE710B580B100F11C03D3E8AF2F5AB121
:10502000511CD3E8EF4F944204D1C3E8EC1FBCF10C
:10503000000FF6D1F1D110BD0020FCE708B1E3F775
:105040007BB8704710B50446D8B100F11C02D2E815
:10505000AF3FB3B1591ED2E8EF0F984204D1C2E876
:10506000EC1FBCF1000FF6D1F1D1012B09DCA068D7
:1050700008B1FFF7E3FF21466068BDE81040F5F78F
:1050800047BF10BD38B5044608460D46E3F712F990
:10509000A3684360A56038BD10B530B180680021B9
:1050A00003461BB9FFF70BFF081A10BDDA685C69ED
:1050B000141B5A8A5B68121B11FA82F1F1E738B5AA
:1050C0000546C8B190F8373013F0700FC3F30214DF
:1050D00006D0012C0CBF1424002411290DD1083452
:1050E000A868FFF7ECFEA04238BF241A284628BF64
:1050F0000024FFF7D1FF001B38BD012901D03A2958
:10510000EED10434ECE7F8B5044680680027054684
:1051100000B9F8BD038A46683BB9A368834207D14A
:10512000A6604760E3F708F8284605463046EFE7F3
:105130006B68834208BF6E60F3E710B58468204651
:10514000FFF7BDFE884210D3411A4CB1238A606834
:105150008B4207D3218218B1FFF770FF00236360F1
:10516000002010BD0446C91AEFE76FF01500F8E7FC
:105170008368C36003B1DB680361704710B5826860
:105180000C4622B98160BDE81040FFF7F1BF104620
:10519000E3F790F82146BDE81040E3F7A3B82DE906
:1051A000F04F044685B0DDE9106702A815469A461F
:1051B00032463B468B4602F079FFDDE90289204604
:1051C00032463B46ECF712FD0446D8B15946FFF78C
:1051D0007DFD90F8373042466AF3061380F8373089
:1051E00002A84B4602F087FFDDE902672946204608
:1051F000CDE900679DF83820ECF7A6FD18B12046F0
:10520000FFF720FF0024204605B0BDE8F08F012302
:1052100007B5009300230A461946FFF798FE03B02E
:105220005DF804FB1FB501230391009303A900233C
:10523000FFF78DFE05B05DF804FB002307B5009372
:105240000123FFF784FE03B05DF804FB13B50222CF
:105250000C4601A9FFF7F1FFBDF804305BBA2380CB
:1052600002B010BD042213B50C460DEB0201FFF78E
:10527000E4FF019B1BBA236002B010BDF8B50646DF
:105280000F461546F3687BB1FB686BB175B1012120
:105290003046FFF746FE00213846FFF742FEF4682D
:1052A00034B96FF06800F8BD002DFAD12846FAE74E
:1052B000FA68002AF5D0138A3969D268D4F814C084
:1052C0008A1A9B1AE268648AA2EB0C0E3069A4EB7E
:1052D0000E04A4B2821AAB42A4EB020401D9AC4280
:1052E0001CD89C4228BF1C46002CDAD0224602F073
:1052F000B6FF96F83730DB0704D4F06821460C304F
:10530000E3F732F8012221463046FFF7E0FD0022A4
:1053100021463846FFF7DBFD2D1BB3E72C46E5E7BA
:1053200070B1C3685BB1006950B1D9681A8A401A7C
:10533000101A5B6803B970471A8A1044F9E71846D7
:10534000704783682BB9002914BF6FF01500002047
:1053500070471A8A8A422ABF1982891A00215B681B
:10536000F0E710B5C26803467AB1006938B19968B0
:1053700000238A4204D1D268801A034498B210BD37
:105380000C8A496823449BB2F3E71046F7E72DE9FE
:10539000F04385B004460D4690461F46FFF7E1FFF7
:1053A0008146A068FFF78BFD002394F83760A16960
:1053B0000246CDE9028728460093FFF7F0FE06F08B
:1053C00001060546F0B1D4E9038794F8373020464A
:1053D00043F0010384F83730FFF7CAFEA068FFF7F7
:1053E0006EFD214602462846FFF748FF78B1284661
:1053F000FFF728FE94F83730C4E9038766F300030B
:1054000084F837300025284605B0BDE8F08395F8CC
:105410003730294643F00103204685F83730FFF73F
:1054200076FC28464946FFF7A3FEFFF7F0FE00286A
:10543000DDD195F8373066F3000385F8373094F8FE
:105440003730C4E9038766F3000384F83730DAE7BE
:105450004168FFF79CBF38B590F8375005F001055B
:1054600085F00101FFF75DFDC36873B1006920B1EC
:1054700025B11A8ADB68C01A101A38BDDA68596972
:10548000511A5A8A521A92B2F4E71846F5E773B5E0
:105490000369044699420E4615460AD1FFF7DBFF21
:1054A000A84206D32946204602B0BDE87040FFF767
:1054B000AEBE01232A46314620460093FFF747FD42
:1054C00002B070BDD1E90012FFF7E1BF704710B51F
:1054D00004464FF0FF324FF0FF332046F6F7CEF987
:1054E0000028F6D0FEF736FDF3E70020704770473E
:1054F00030B50024002585B0CDE90245089C009414
:10550000ECF70CFD05B030BD012307B500916946ED
:10551000ADF80430ECF7F6FD03B05DF804FB07B519
:1055200001228DF807100DF10701FFF7B0FF03B05E
:105530005DF804FB07B5042209BA01910DEB0201E5
:10554000FFF7A5FF03B05DF804FB38B502F0ACFD32
:105550004FF47A74A0FB040547F61222002304FBE3
:105560000151D9F753F938BD07282DE9F84F88467E
:10557000174669D1D3E9005A0146284695F83A60A2
:10558000FFF7CDFF18B16FF01500BDE8F88FB91C1B
:105590002846C9B2FFF7C3FF0028F4D198F80040AD
:1055A000A74214D821462846FFF7B9FF0028EAD1C0
:1055B000FC1C3A46284608F10101E4B2FFF767FFF8
:1055C0000028E0D1344485F83A400020DDE7211D71
:1055D000B942D8DC2846C9B2FFF7A1FF0028D2D1D2
:1055E000A4F10409033619F0FF09F6B221D04A46A6
:1055F000284608F10101FFF74AFF0028C3D1033C08
:10560000B144E4B25FFA89F6042251462846FFF716
:105610003EFF0028B7D10434E4B207F10409A742E1
:105620005FFA89F907D8B144A9EB040985F83A90E3
:10563000CBE70124E8E728463A1B08EB0401FFF713
:1056400026FF0028EFD09EE74428BED1D3E9006AA8
:105650000146304696F83A40FFF761FF002892D1A4
:10566000B91C3046C9B2FFF75AFF00288BD198F811
:10567000005098F80190AF4209F00F091DD8294653
:105680003046FFF74CFF00287FF47DAF304649F0ED
:105690001001FFF744FF00287FF475AF3D1D3A4627
:1056A000304608F10201EDB2FFF7F1FE00287FF469
:1056B0006AAF254486F83A5087E7B9F1000F47D022
:1056C000B9F1010F7FF45FAF082129443046C9B218
:1056D000FFF725FF00287FF456AF49463046FFF715
:1056E0001EFF00287FF44FAFA5F1050B04341BF01B
:1056F000FF0BE4B22ED05A46304608F10201FFF704
:10570000C6FE00287FF43FAFA344033D5FFA8BF44D
:10571000EDB2B9F1010F1FD0FFF717FF8146FFF778
:1057200014FFC9F3072949EA00291FFA89F1304615
:10573000FFF700FF00287FF426AF0434E4B20435FD
:10574000EDB2AF4225D83C44641B86F83A403CE7B2
:105750000421BAE70225DCE7042251463046FFF770
:1057600096FE00287FF40FAFFFF7EFFE8146FFF7AC
:10577000ECFEC9F3072949EA00291FFA89F13046EE
:10578000FFF7D8FE00287FF4FEAE0834E4B20835F7
:10579000D6E730467A1B08EB0501FFF778FE0028B4
:1057A000D1D0F0E6F7B5042300250F46694604463C
:1057B0001646CDE90053ECF729FB48B10770467057
:1057C0008570C57069462046FFF77CFE03B0F0BDCA
:1057D0006FF06800FAE77FB50023042290F83A10D2
:1057E0000446CDE90232ADF80630FFF710FD06465B
:1057F00018B16FF0680004B070BD204602A9ECF744
:1058000005FB05460028F4D08670C67001212046AD
:105810000DF10602FFF7CBF80028ECDBBDF80630EF
:1058200020466B8094F8383002A943F0080384F8CE
:105830003830FFF747FEDEE72DE9F0411423054637
:10584000002688B00F469046CDE90463FFF790FC30
:10585000284604A9ECF7DAFA044600286DD0437A0A
:10586000012B10D10423284606A906960793ECF7CE
:10587000CDFA10B14378072B05D86FF015063046E6
:1058800008B0BDE8F081E368039323690693AE692D
:10589000EBF7DAF9069A03689A424ED0304606A929
:1058A000FEF7CDFD002848D1637A112B48D0062B96
:1058B00014BF0026282647F612220023CDE9002334
:1058C0000123A8691A46311DECF77CFA0446C8B3D7
:1058D00003AA06A900F0F5F860BB39464246204607
:1058E000FFF760FF014628BB04222046FFF79AFC21
:1058F00000BB324629462046FFF7C0FC0646C8B921
:105900002046FFF735FC0121204600F0ECF895F821
:10591000212005F12201082A05D884F82B2004F162
:105920002C0002F09CFC002200232046FEF776FBB0
:105930000028A4DA2046FFF785FB6FF004069EE7F7
:105940001C26B8E76FF00B0699E700230422F0B598
:1059500085B00E4602A90546CDE90232ADF8063003
:10596000ECF754FA074610B9022005B0F0BD01214A
:1059700028460DF10602FFF71AF80028F4DBBDF8FF
:105980000630002BF0D1AC69EBF75EF932690368A1
:105990009A42E9D0204606F11001E9F7FFFF0446DC
:1059A0000028E1D103992846FFF731FC3A463146F9
:1059B0002846FFF7A9FD0228D6D02846FFF742FB6C
:1059C0002046D2E7006800F0F000A0F1E003584262
:1059D0005841704738B50C460546EBF735F9226853
:1059E00003689A4205D021462846BDE83840E9F7C9
:1059F000D5BF012038BD10B500210446EAF772F882
:105A000020B92146BDE81040FFF7E4BF012010BDDA
:105A10002DE9F74F99464FF0000814230F466946C9
:105A200005461646CDE90083BDF830B0BDF838A074
:105A3000ECF7ECF90446002840D0452303704FEA08
:105A40001B2303719DF8343080F801905B0143EA19
:105A50001A2380F8028080F8038080F805B08371F3
:105A600080F807A095F83930037243B93046FFF744
:105A7000A9FF6B69D0B1A3B193F8643023720023FE
:105A80006372A372E372336823613B68E36014239B
:105A90006946284685F83630FFF714FD03B0BDE8A7
:105AA000F08FA869FEF763FD2072E8E713B193F861
:105AB0006330E3E7A869FEF745FDF5E76FF068009E
:105AC000ECE71FB590F83B30C3F30504C3F3811333
:105AD00043EA84030024DBB2CDE901440094FFF7DC
:105AE00097FF04B010BD00221423F0B585B0CDE9B6
:105AF000022390F837300F4643F0010380F8373027
:105B000002A90446ECF782F90646C0B394F83A209D
:105B10003AB194F836301344C3F3830343F040039F
:105B200003700023A568FDB95BBA204673807772C5
:105B3000B572F5720DF10601ADF80650FEF7D3FF10
:105B400000280FDBBDF806302046738102A9FFF75D
:105B5000B9FC4FF40063112FA38609D129462046D2
:105B600000F000FA05B0F0BD2A8A6D681344DAE748
:105B7000012F07D129462046FFF72DFEF2E76FF0EF
:105B80006800EFE72846EDE72DE9F04F0446904620
:105B90000F468FB000294BD0D0E903A30193FFF744
:105BA000E7FA14212046FFF732FB064600283FD1D2
:105BB000834694F83A90B9F1000F04D1019BC4F8E0
:105BC0000CA0236136E0012220460DF10F018DF873
:105BD0000EB0FFF732FB58BB9DF80F2009F1FF35DF
:105BE000012AEDB211D9012220460DF10E01FFF775
:105BF00024FBE8B99DF80E20012A19D9C5B1023A53
:105C0000A9F102038DF80E20DDB29DF80E20AA4204
:105C10000ED89DF80F30012B1FD008D9072B0DD0BF
:105C2000442B0BD011462046FFF7F1FA13E0A5B143
:105C30006FF0150630460FB0BDE8F08F204604A97E
:105C4000FFF7FBFA0028F3D143469DF80E209DF89C
:105C50000F0004A9B8470028EAD19DF80E30ED1ACC
:105C60005FFA85F9A7E7F0B51423002789B0CDE9DD
:105C7000027304AB0693082305460793836843B970
:105C8000284602A9ECF7C2F8044630B9022009B050
:105C9000F0BD1A8A5B681744F1E7067806F00F0634
:105CA000B600132EF2D9142385F83630427895F8D1
:105CB0003B30920862F3050385F83B304278143E8E
:105CC00062F3871385F83B30037AF6B2002BDDD000
:105CD00085F83A60418849BA89B2B942D6DC02DA1D
:105CE0002846FFF72EFB95F83830DA064DD504F13B
:105CF0000C010846FFF766FE0028C7D1A869FFF728
:105D000069FE0028C2D1E368002B4DD0002328464D
:105D100001A9ADF80430FEF7E6FE0028B6DBBDF8B9
:105D20000430002BB2D10122237A04F1100785F848
:105D3000393095F83730384662F3061385F8373036
:105D4000FFF759FE00283AD0637A062B05D1394671
:105D5000A869FFF73FFE002898D13846FFF732FECA
:105D600000283CD128460399FFF751FA002E46D16E
:105D70000194637A022B49D0112B4CD0012B85D191
:105D800021462846FFF7E1FD81E7237C7F2B3FF486
:105D90007DAF237B7F2B3FF479AF04F10C00FFF73D
:105DA0002AFE0028A3D071E7A86904F11001FFF7CB
:105DB00011FE0028AAD1637A022BA7D066E73846E5
:105DC000FFF700FE0028BFD1637A112B7FF45EAF8E
:105DD000EAF73AFF226903689A42B5D056E7AB6901
:105DE000009323690193694601A8E9F787FF00281A
:105DF0003FF44CAF037F9B077FF548AFB2E73146D6
:105E00002846FFF704FA0028B2D03FE7214628468B
:105E1000ECF7D6FE3BE7284606A900F0E1F8009033
:105E200000283FF433AF6B462846627A01A9ECF7AD
:105E30006FFC2CE700207047704710B50446FFF751
:105E400097F902212046FFF74EFE02F07BF8421E32
:105E500063EB03032046FEF7E1F800EAE07010BDB3
:105E60002DE9F041984601238AB0044680F8393084
:105E700080690D461746E9F7B9FD002301462A4619
:105E80002046CDE901330093FFF7C2FD20B16FF04A
:105E900068000AB0BDE8F08140F294430422204635
:105EA00008A90893FFF7F3FA06460028EFD1042368
:105EB00084F83A3006AB08930823ADF8160008A919
:105EC00020460993EBF7A2FF05460028DFD080F8B3
:105ED000008046703B6843608670C67008A9204603
:105EE000FFF7F0FA0028D2D120460DF11601FEF797
:105EF00011FE0028CDDBBDF8163020466B8094F8EB
:105F0000373043F0010384F83730FFF731F90221CD
:105F10002046FFF77CF90028B9DB02222046A918A9
:105F2000FFF7B5FA0028B4D0B1E77FB508230E46D5
:105F30000DEB030104461546CDF808D00393EBF7AB
:105F400065FF60B100230680458003714371837152
:105F5000C37102A92046FFF7B5FA04B070BD6FF017
:105F60006800FAE730B587B002AB0493082304A9B0
:105F700004460593EBF74AFF054670B30022A36879
:105F80003BBB94F83A0094F83610AB710144521AB6
:105F900052BAAA8011212046EB710DF10602ADF82C
:105FA0000630FEF704FD002811DB4FF6FF72BDF846
:105FB00006302046002B08BF1346EB8094F838309B
:105FC00004A943F0080384F83830FFF77BFA07B0E0
:105FD00030BD198A5B680A44D2E76FF06800F6E7C3
:105FE000002373B504460E46ADF80630EBF70EFFFE
:105FF000054690B131462046FFF764FA034660B982
:10600000AA88A16852BA92B259B994F8361094F895
:106010003A0001445B1A9A4207D00025284602B094
:1060200070BD088A49680344EEE7EB8833B994F8F9
:106030003730C3F30213012BF0D0EEE711212046D5
:106040000DF10602FEF7B3FC0028E6DBBDF80630D2
:10605000002BE3D0E1E7002307B50093EAF742FF06
:1060600003B05DF804FB38B1006828B10C30D0E80B
:10607000AF0F084100F00100704730B1006820B157
:106080000C30D0E8AF0F00F0010070474FF0FF3246
:106090004FF0FF33F5F7CEB9F5F77ABA08B5EDF75B
:1060A0003BF9003818BF012008BD032970B50D4623
:1060B000164615D8EDF730F90446A0B1806CFFF70D
:1060C000E5FF0120E36800FA05F13EB923EA01018A
:1060D000A06CE160FFF7E0FF002070BD1943F7E717
:1060E0006FF01500F9E76FF08500F6E7F8B50646A2
:1060F000EDF712F90546F8B143681F683B68DBB15C
:10610000806CFFF7C3FF3046FFF7B7FF68B100228E
:1061100003213046FFF7C9FF28463B6898470446ED
:10612000A86CFFF7B9FF2046F8BD3046EAF70EF934
:1061300004460028EBD0F3E76FF08504F3E72DE980
:10614000F04106460F46EDF7E7F80546F0B1436823
:10615000D3F80080D8F80430C3B1806CFFF796FF05
:106160003046FFF78AFF044650B127B901220321C8
:106170003046FFF79AFF2846D8F80430984704467F
:10618000A86CFFF789FF2046BDE8F0816FF0850419
:10619000F9E70021FFF7D3BF032970B50E460FD8EA
:1061A000EDF7BAF8054668B1806CFFF76FFFEC6851
:1061B000A86CF44004F00104FFF76EFF204670BDA8
:1061C0000024FBE70446F9E710B50446EDF7A4F810
:1061D00060B11830F6F7CEF902212046FFF7DCFF58
:1061E00020B92046BDE81040EAF706B910BD23F0FB
:1061F000504110B421F4001122F007040C4302D1E5
:1062000010BCEDF74BB910BC704710B50446FFF752
:1062100045FF48B101212046FFF7BEFF20B92046C7
:10622000BDE81040EDF7AEB810BD38B5EDF774F825
:10623000044640B1806CFFF729FFA06C2569FFF789
:106240002BFF284638BD0546FBE738B50D46EDF770
:1062500063F8044640B1806CFFF718FFA06C25611D
:10626000FFF71AFF002038BD6FF08500FBE738B557
:10627000EDF752F8044640B1806CFFF707FFA06CC1
:106280006569FFF709FF284638BD0546FBE770B58D
:10629000EDF742F80446C0B14569B5B14FF47A73E1
:1062A00047F6122C40F2E73000215D434FF47A723A
:1062B0000023E5FB0C01D8F7A9FA02460B4604F1CE
:1062C0001800BDE87040F6F74FB970BD10B50C4628
:1062D0000430F5F74BFB0D2C06DCEDF791FA214667
:1062E000BDE81040F7F7CEB810BDF8B5069F0546DB
:1062F0000469C9B2EFF3118C202080F31288BFF338
:106300006F8F0C2606FB0146B06C00F0070EBEF145
:10631000010F10D1B76400268CF31188BFF36F8F83
:106320003EB90C2041430C44C4E910236B685B5810
:1063300098473046F8BD00F0C00087420CBF6FF0B0
:1063400077064FF0FF36E7E713B580240094FFF798
:10635000CCFF02B010BD0069CBB200EB43100021AE
:1063600010471046F5F702BB08B5EDF735FFBDE85D
:106370000840F2F7CFBAF2F783BA8022EDF7A4BC57
:10638000EDF75CBE084608B51146F2F767F900283C
:1063900018BF6FF0040008BD08B501F0B3FA00287B
:1063A00018BF6FF0040008BD436800205B68DB681D
:1063B0000B607047436802EA01005B6821EA020152
:1063C0005860002099607047436800205B685960FE
:1063D0007047436800205B689960704743685B685A
:1063E0001A6821EA02001140586000209960704745
:1063F00000207047F2F79EBF02780B69012A07D090
:10640000022A08D052B9DA6503F14400F5F7AEBAB2
:106410006FF00D02F7E76FF00A02F4E76FF0040285
:10642000F1E738B504460569012205F12C00114653
:1064300001F014FD012205F14400002101F00EFDE0
:106440002046BDE83840EEF75DBB38B5054600692B
:106450002C30F5F7F5FA044610B92846DDF70CFAAA
:10646000204638BD10B50469DDF7BEF904F12C00F3
:10647000BDE81040F5F77ABA13B501AA044600F05A
:1064800053FA002805DB019B226819791868F0F798
:1064900031F902B010BD73B544680DF10701A36A6C
:1064A0001B68D3F80056D3F80466FAF779FD9DF817
:1064B000073013B9A06AF3F75DFC31462846F4F7BC
:1064C000AFF89DF80710054629B9E069FFF7D4FF3A
:1064D000A06AF3F729FC284602B070BD10B54468E5
:1064E0000021E069FFF7C8FFA06ABDE81040F3F79C
:1064F0001BBC10B54468A06AF3F73CFCE0690121BD
:10650000BDE81040FFF7B8BF08B529B1012906D191
:10651000FFF7E4FF002008BDFFF7EBFFFAE76FF09D
:106520008500F8E7F0B40C2707FB021414F8045CAC
:10653000866845F0020504F8045CB468A446F0BC23
:10654000604701F10C00F5F77BBD30B589B08DF8DF
:106550000410002144681D462068A3888DF810109F
:106560000C998DF80520069101AA072102920222BA
:106570008DF81C1002A903920595FFF7D3FF09B00F
:1065800030BD13B501240094FFF7DFFF02B010BD4A
:106590001FB58DF80120032244688DF80230206871
:1065A000A388029202228DF800108DF80C2001A918
:1065B0000122CDF804D0FFF7B5FF04B010BD00B53F
:1065C00089B08DF8052001AA02928DF804100222EC
:1065D000002105930A9B40688DF8101003920693E2
:1065E0008DF81C20838802A90068FFF79BFF09B083
:1065F0005DF804FB2DE9F34705460E4617469A461B
:106600009DF82890D0F810804FF0FF324FF0FF3304
:106610004046F4F70FFF3A46314628460DF107038E
:10662000FFF7AFFF044678B99DF807303A4623EAF2
:10663000090309EA0A0943EA0903314628468DF8A5
:106640000730FFF7A5FF04464046F4F7A1FF2046B8
:1066500002B0BDE8F08709B9EEF73CBC704730B432
:1066600000F58050D0F8C04754B1D0F8BC5729424B
:1066700006D0A44630BCD0F8C437D0F80C07604729
:1066800030BC704700F5805393F8090500F0FB001B
:1066900001280CD093F80A0500F0FB00012806D071
:1066A00093F80B0500F0FB00431E58425841704719
:1066B00010B5044610461A462369052930D8DFE88C
:1066C00001F00321131A0D28102A28BF102203F508
:1066D000A8510F3101F03BFE002010BD172A28BF42
:1066E000172203F5AB51F5E7412A03F5AC5128BF5A
:1066F00041220D31EEE7412A03F5AE5128BF412278
:106700000E31E7E7412A03F5A85128BF41221F3186
:10671000E0E7162A03F5AB5128BF16221731D9E757
:106720006FF03C00D9E7032A10B51C4606D1486833
:1067300001F0C3FD04F5805484F80C0510BD072A50
:1067400038B50D461C460BD1486901F0B6FD04F57D
:10675000805484F80E05A86901F0AFFD84F80D059A
:1067600038BD1FB504468DF80F100023002200F538
:10677000BB50CDE900230DF10F0101221030F7F7D6
:106780006BFA04F5BA501830F5F75AFC04B010BD96
:10679000104611B90221FFF7E4BF0321FBE71046C1
:1067A00011B1012903D070470421FFF7DABF052199
:1067B000FBE70846A0F5BE5010210838FFF7D1BF0F
:1067C000104611B1032903D070470B21FFF7C9BF51
:1067D0000C21FBE7104611B90621FFF7C2BF704735
:1067E000104611B90721FFF7BCBF7047A0F5B8509C
:1067F00008211038FFF7B5BF70B50024D8264568CA
:1068000095F84430E2B2934200D870BD2B6C01344D
:1068100006FB0233D3F8D000E3F792FEF0E72DE950
:10682000F0410C460669B1B30B78A3B30846D8F71C
:1068300019F81F282FD806F5BD55083506F5B057AD
:106840004FF0FF324FF0FF3328460F37F4F7F2FDD9
:1068500039462046D7F7F4FFB8B106F5805898F8C6
:1068600008370A2B14D8214600241F22384601F08D
:106870006EFD0F21304688F82E46FFF772FF28463E
:10688000F4F786FE2046BDE8F0816FF07704F6E766
:106890006FF00F04F3E76FF01504F3E72DE9F04113
:1068A00005690F4605F5BD5814461E4608F108084F
:1068B0004FF0FF324FF0FF334046F4F7BBFD002CA2
:1068C00004BF2746264605F58052C2F8C047C2F8E5
:1068D000BC77C2F8C4674046F4F75AFE0020BDE812
:1068E000F08100F58053D3F80C375B685B689B68D8
:1068F00013B10C21EEF780BE0D21FBE738B500F592
:106900008053D3F80C3704465D680068FCF7B4FA8E
:10691000A96801B113212046BDE83840EEF76CBEEE
:106920000E211846FFF71DBF30B543681360057A86
:10693000446804EBC504A34202D36FF0010030BDEC
:106940005C7908338C42F1D10020F8E708B5036A7E
:1069500033B11A690B689A4202D10979DCF7DAFE81
:10696000002008BD48B11F302CBF01210021400983
:1069700040EAC1604909F6F7B7BE7047F8B58768C5
:1069800006467C689CB1436893F82630DB071DD42B
:1069900005694FF0FF334FF0FF322846F4F74AFD08
:1069A0006B69002B05DC00242846F4F7F1FD204636
:1069B000F8BD013B6B61002BF5D17B6830469847F1
:1069C000041EBEBF6B6901336B61EDE70024EEE787
:1069D000F0B4D0E901631B693BB177688F4208DBF3
:1069E0003568954205DCF0BC18476FF05700F0BCE5
:1069F00070476FF01500FAE7F0B4D0E901631B6A45
:106A00003BB137698F4208DBF568954205DCF0BC85
:106A100018476FF05700F0BC70476FF01500FAE7A9
:106A200070B4D0E90162956A03460C46A5B196F8A8
:106A3000242012B92B4670BC1847306A024410F863
:106A4000011BA14202D121461846F3E79042F6D13C
:106A50006FF0850070BC70476FF05700FAE72DE9C2
:106A6000F3410E46D0E9014794F825108046FF29EE
:106A700005690FD194F8261001F00C01082914D0F3
:106A8000D8F8083000391B6B18BF01214BB96FF0E3
:106A9000570003E0FFF7C4FF0028EBDA02B0BDE8BF
:106AA000F081404698470028F8DBA268B2F1004F19
:106AB00005D011464046FFF78BFF0028EEDB6269E8
:106AC000B2F1004F05D011464046FFF795FF002870
:106AD000E4DB2368B3F1004F14D0D8F808305B69C9
:106AE000002BD4D0404601A998470028D6DB226865
:106AF000019B9A421CDD11464046FFF769FF0028C2
:106B000005DACBE76FF0004362689A42E5D19EB99F
:106B100094F826309B0716D040463B6898470028DB
:106B2000BCDBA069FFF71EFF6B6901336B610AE0F4
:106B300062689342EBDDDEE76B6901336B6194F8C9
:106B40002630DA0601D40020A8E74046FFF716FFFA
:106B5000A4E7436893F82D30032B94BF182000203E
:106B60007047406890F82D30032B13D8DFE803F00E
:106B700002080B0F01231A460421806AFFF708BDA3
:106B800001230322F8E701231A460821F5E7012330
:106B90000322FAE7002070474068012302220B21FC
:106BA0000068FFF7F5BC0B461146426892F82D20AD
:106BB000032A02D898B2EFF7EBBF6FF015007047C9
:106BC00013B51C46806A0DF10703FFF7DAFC0028B5
:106BD00008DB9DF8073000201C40003C18BF012452
:106BE000049B1C7002B010BD10B401320129D2B256
:106BF00008BFD2009DF8044015BF42EA831342EA61
:106C0000C3134722B82214BFDBB2DBB2012C0CD075
:106C1000022C07D064B901920C220421806A10BCB6
:106C2000FFF7E8BC01920E22F7E701920D22F4E78C
:106C30006FF0850010BC7047F7B50124012A04FAF3
:106C400001F405460E461346E4B204D0042A17D0D8
:106C5000C2B9052701E0042700230094152204216E
:106C6000A86AFFF7C7FC00280EDB0123042107EB0D
:106C70004602A86AD2B203B0BDE8F040FFF788BC74
:106C80002346E6E76FF0850003B0F0BD40680A4692
:106C900090F82D30032B0DD8DFE803F00205070A2A
:106CA0000021FFF7C9BF0121FBE70021EFF7AEBFCD
:106CB0000121FBE76FF08500704713B5144601F121
:106CC0000C02806A08210DF10703D2B2FFF759FCCC
:106CD000002807DB21469DF8070002B0BDE8104000
:106CE000EFF756BF02B010BD37B505460C4610464B
:106CF00019460DF10602EFF75BFF10F1160F0BD0EE
:106D0000082104F10C029DF80630A86AD2B203B043
:106D1000BDE83040FFF73CBC03B030BD73B505465D
:106D20000C46164604210F22806A0DF10703FFF777
:106D300028FC002812DB9DF8073004212341DB07E3
:106D400045BF043464001034334658BF3346A86A44
:106D50004CBF04F0FE02E2B2FFF713FC02B070BDBC
:106D600030B5044685B010460D460DF10E021946A9
:106D70006468EFF71DFF10F1160F21D02946204659
:106D80000DF10D02FFF7CAFF002819DBBDF80E3028
:106D90009DF80D209A4213D02A1D52000421A06AAA
:106DA000DBB202F0FE02FFF7F3FB002808DB012351
:106DB000AB40DBB200930F220421A06AFFF71AFC5C
:106DC00005B030BD30B44468134694F82D20032A32
:106DD00014D8DFE802F002070A100A46002130BC8E
:106DE000FFF7BEBF0A460121F9E70A460021204607
:106DF00030BCFFF779BF0A460121F8E76FF01200B7
:106E000030BC704713B5446894F82D30032B2AD852
:106E1000DFE803F0020B0E26012300220421A06A02
:106E200002B0BDE81040FFF7B3BB01230222F5E733
:106E3000012300220821A06AFFF7AAFB00280DDB2E
:106E400094F83C3053B900213F20F6F74DFC042262
:106E50000821A06A0DF10703FFF793FB02B010BDF4
:106E600001230222E6E70020F8E713B540680C464C
:106E700090F82D30032B20D8DFE803F00211151C09
:106E800000210DF10702FFF749FF002817DB21461B
:106E90009DF8070002B0BDE81040EFF779BE012170
:106EA0000DF10702EFE70A46002102B0BDE81040ED
:106EB000FFF703BF0A460121F7E76FF0120002B0A7
:106EC00010BD37B513460A78FF2A29D0406890F8DC
:106ED0002D40032C26D8DFE804F002090D1B009397
:106EE0004B780021FFF780FE03B030BD00934B7854
:106EF0000121F7E74978C3B9013242EAC10305220B
:106F0000DBB20821806A03B0BDE83040FFF740BB28
:106F1000497853B9013242EAC103DBB20622F0E7F5
:106F20000020E1E76FF01200DEE76FF08500DBE79D
:106F3000F0B54568044685B0A86A00F0C6FE18B9E9
:106F40006FF0120005B0F0BD606890F82D30032B93
:106F5000F6D8DFE803F0022429300DF10D03009389
:106F6000042334220421FFF72BFE0028EAD1204617
:106F70009DF80D10FFF773FD0028E3DB296BF9B9CD
:106F800095F83A30FF2B38D1606895F83B3090F88F
:106F90002D20032AD4D8DFE802F04A7179810DF15F
:106FA0000D0300934023DCE70DF10D030093032351
:106FB00004220821D7E70DF10D0300930C23F7E716
:106FC000676897F82D6026B1012E02D06FF085001A
:106FD000B8E708460DF10E02EFF7EAFD10F1160FC3
:106FE000B0D07200093204219DF80E30B86AD2B2D6
:106FF000FFF7CEFA0028C3D0A4E7606890F82D20F0
:10700000022A07D0032AE1D130221B01009203F0AB
:10701000F00304E00C229B00009203F0FC03072223
:107020000821806AFFF7E6FA0028ADD08AE704213C
:1070300015229B00009103F0FC03806AFFF7DAFA47
:1070400000287FF47FAF024605F134012046FFF7A8
:1070500038FF00287FF476AF0122204605F1360183
:10706000FFF72FFF00287FF46DAF0222204605F1C5
:10707000380105B0BDE8F040FFF723BF0822DB0070
:1070800000920421152203F0F803D6E740229B0169
:10709000009203F0C00307220821CEE78022DB0123
:1070A00000921340F7E700207047F0B5B0F80AC02F
:1070B0000489D0E90065ACEB0407B24205FB076721
:1070C00001DBB94202DD6FF01500F0BDB14203DA19
:1070D0001C806FF02100F8E7BA4202DDA3F800C07F
:1070E000F7E715B91C800020EFE7891B6E1E3144BD
:1070F000B1FBF5F10C44A4B21C800389E41AD0E979
:10710000003101FB04339342EDD9DCE740F2011377
:107110002DE9F04188B04FF00308ADF8103001239D
:10712000456804698DF81230286800220521CDF8E1
:10713000008004ABFFF743FA00285AD12022002335
:1071400002A800F0B3FFDDE9026734224146286857
:1071500004F10803FFF715FA00284AD13622414608
:10716000286804F10903FFF70CFA002841D107222F
:107170000221286804F10B03FFF703FA002838D135
:1071800002A832463B4600F0B6FFDDE90201F6F701
:10719000ABFA0B23009310220521286805ABFFF7FB
:1071A000D4F930BB9DF819309DF8152003EA080387
:1071B00043EA820323809DF819309DF81620C3F31B
:1071C000810343EA8203A3809DF819309DF81720BC
:1071D000C3F3011343EA8203E3809DF81E309DF858
:1071E0001C20C3F3011343EA820363809DF814302B
:1071F000A37208B0BDE8F08170B4048945892D1BE5
:10720000D0E9004606FB0544A14209DD848AC58A0F
:107210002D1BD0E9034606FB0544A14203DC0C30DC
:1072200070BCFFF742BF6FF0150070BC704710B51F
:1072300003468068A0B1597B1A7B1C6802FB0112CF
:10724000206801311044227A0130013A0A405A7311
:107250000833D3E8EF1F0139C3E8E21F002AF8D151
:1072600010BD11F8013C43F0800301F8013C704768
:10727000F8B5436804460E4615460BB3F2B12368D1
:10728000217B1A68A37BE07B01FB0333D756D1181F
:10729000002F08DAD75C07F07F07874203D120462A
:1072A000F0F736F9EBE7013008443060D35CE27B5D
:1072B00003F07F039B1A9D4228BF1D462846F8BD58
:1072C0001D46FBE730B503681B7A836000231D462B
:1072D0004373C38143600168DAB20C7A944200D8E8
:1072E00030BD047B096804FB022201338D54F2E7B0
:1072F0000B46026992E8030083E803000020704710
:1073000043681B68D3F88004C3F88004704703699E
:107310009A6813680BB152681847704730B587B048
:1073200004460D461422002101A800F0BEFF0423EC
:1073300020460DEB03018DF804300295FFF7E7FFBF
:1073400007B030BD70B586B0066904460D461422FC
:10735000002101A800F0A9FF02238DF80430B368D2
:1073600020461A6C9B6C01A9CDE903350292FFF708
:10737000CEFF06B070BD30B503699C6843681B68DA
:10738000EFF31185202080F31288BFF36F8F206CFC
:10739000A8B1E06CB0B90020C4E91312042AC3F804
:1073A0000417C3F8082782BFD3F8002242F0200256
:1073B000C3F8002285F31188BFF36F8F30BD6FF0E3
:1073C0000C00F7E76FF00F00F4E70369986820B14D
:1073D00001609B6800205A6070476FF0850070471D
:1073E00010B5426800691368806860B9D3F84C41F1
:1073F00064B1126A12780A70C3F84C01D3F84C21B8
:1074000001229A6210BD6FF08500FBE74FF0FF305C
:10741000F8E738B54268036915689A68D2F8A01091
:1074200051B1002482F8B84098686830F7F79CFAA8
:10743000012320466B6538BD6FF00D00FBE7406B04
:10744000FFF7E7BF10B503699968D1F8A420D1F818
:10745000B040121B13D0082A28BF08224068C1F888
:10746000AC2099684069C1F8A8009B68D3F8A010C7
:10747000D3F8B030194400F0F2FE012010BD1046E0
:10748000FCE710B5044612EA030005D0605818B1B5
:10749000002301206350635810BD13B501AA0446B0
:1074A000FFF742FA002805DB019B2268197918686A
:1074B000EFF720F902B010BD10B5044600220121FB
:1074C0004FF48270E0F7ECF84FF48270E0F7B8F810
:1074D0002046BDE81040F0F781BA10B504460022FE
:1074E0000121C620E0F7DCF8C620E0F7A9F8204625
:1074F000BDE81040F0F772BA10B543681B68D3F8C6
:1075000030218B684AB9012283F8B8204FF48052A9
:1075100043681B68C3F8042310BD00224FF0FF34FA
:1075200083F8B8208B68C3F8B44089684368D1F801
:10753000AC401B68D1F8A810C3F83C17C3F840470B
:10754000C3F83021D3F8302101221A65DEE7F8B5FF
:10755000036904469D6843680F461E6805F10800EC
:10756000F7F702FAEFF31182202383F31288BFF3B7
:107570006F8FEB6C53B1D6F8003223F02003C6F8BE
:1075800000320023C6F85031D6F85031002385F878
:10759000633017B1012385F86430236999680123AA
:1075A00081F8623061680968CB6282F31188BFF3A9
:1075B0006F8FF8BD08B503699B681B6C23B101216F
:1075C000FFF7C5FF002008BD6FF00D00FBE7F7B522
:1075D000426B53681C681369D4F810119D6810330E
:1075E000D3E8EF6F26F01007C3E8EC7FBCF1000F83
:1075F000F6D1F3060FD561B1D5E916230026002791
:10760000CDE90067F7F754F90023C4F81031D4F836
:10761000103103B0F0BD0029FBD113699968CB6C20
:10762000B3FA83F35B0981F86230536801221B6867
:10763000DA6203B0BDE8F040F7F796B92DE9F347F9
:10764000174600224368D0F810901E68D9F8084009
:10765000884694F86130D6F80C1784F86120A26C43
:1076600005469B1A1944002901DDFFF76BFE2846E9
:10767000216CFFF753FEE36C2364236D63640023E6
:10768000C4E91333A36494F8633003F0FF029BB39F
:10769000EFF3118A202383F31288BFF36F8F236CDB
:1076A0006BB3D6F8003223F02003C6F80032B8F1ED
:1076B000000F34D19FBB0123B362C6F82471D6F802
:1076C000243184F86270D9F8103043F01003C9F8FF
:1076D00010308AF31188BFF36F8F6AB1D4E9163284
:1076E000134309D0D4E9162300200021CDE900017D
:1076F00004F10800F7F7DCF802B0BDE8F087D4E940
:107700001632134303D004F10800F7F72DF92B6963
:107710009A68012382F862306A681268D362002294
:10772000D7E72DE9F341064617461C460569EFF3F6
:107730001188202383F31288BFF36F8FAB68D3F8CF
:10774000A42042B188F31188BFF36F8F6FF00F0050
:1077500002B0BDE8F081C3F8A470AB6801F0604CE2
:10776000C3F8A010BCF1005FAB6817D1C3F8A81034
:10777000AB68C3F8AC703046DCF77EF8294630467B
:10778000FFF7BAFE88F31188BFF36F8F3369DB7997
:10779000012B01D1631C06D10020D9E7C3F8B0202A
:1077A000FFF750FEE7E724EAE472A868D3171F3218
:1077B00043F10003520942EAC36268305B090024C6
:1077C0000025CDE90045F7F773F8E5E708B5022095
:1077D000ECF7C4FB002008BD08B5F1F783FF08BD36
:1077E00008B5006990F83830994207D290F83930DE
:1077F0003BB1C9B2F2F75EFE002008BD6FF0150084
:10780000FBE76FF00A00F8E71FB500230469039354
:10781000636B8A07029301F00103C3F1410358BF70
:1078200043F00803204601A90193F2F79BFD0028CD
:1078300006DB2046F2F7B4FD0123002084F839303E
:1078400004B010BD10B504692046F2F757FE0028B9
:1078500019DB4FF0FF324FF0FF3304F13C00F4F737
:10786000EFF82046F2F7EEFD00231A4694F83800B0
:1078700004F11001984202DC0020228710BD41F87B
:10788000042F0133F6E76FF00D00F7E708B500F0BD
:1078900039F848B1002383F31188BFF36F8F0423B5
:1078A000184602DF6FF0040008BD0A460121F9F70F
:1078B000F9BA00B589B006AB02930823039301AB74
:1078C000049304230791CDE9053004AA062002A9F8
:1078D000F0F79EFE02280AD003280BD068B9019861
:1078E000003818BF0120404209B05DF804FB6FF07A
:1078F0001500F9E76FF08500F6E74FF0FF30F3E78A
:10790000002070470020704703460020184700F011
:10791000CFB9024610B5116891B1B1FA81F3C3F144
:107920001F000123834021EA0303D2E8EF4F8C427A
:1079300004D1C2E8EC3FBCF1000FF6D1EBD110BD91
:107940006FF00B00FBE710B50368CB40DB0710D4EA
:1079500001238B40026843EA0201D0E8EF4F9442D2
:1079600004D1C0E8EC1FBCF1000FF6D1F2D1002029
:1079700010BD6FF01500FBE7F0F7B8BEF0F7E4BFFD
:1079800008B5F1F7D1F8BDE80840F1F70DB810B52A
:1079900004460846F1F728F904EB4004207DC0F3C3
:1079A000401010BD10B504460846F1F71DF904EB70
:1079B0004004A08A00F01C00003818BF012010BD50
:1079C00010B504460846F1F70FF904EB4004207D9A
:1079D000C0F3400010BD10B50446FFF7F1FF20B121
:1079E0002046BDE81040FFF7D2BF10BD10B50446D9
:1079F0000846F1F7F9F804EB4004A08A400B10BDEB
:107A000070B5044608461646F1F7EEF8083034F82B
:107A100010300D46DA0509D5C3F3432304EBC30246
:107A20003146284654F8333052689847A3682BB142
:107A300031462846E268BDE87040184770BD2DE920
:107A4000F3411746DDE90858019001A80C461E468F
:107A5000F1F70CF9019B391E18BF012100EB8300DF
:107A6000231E18BF0123002E43EA41030CBF00214F
:107A70000C21002D43EA01030CBF00214FF470617B
:107A8000B8F1000F43EA01030CBF00214FF440316D
:107A9000D0F880200B4322EA030304B124780FB10D
:107AA0003F787F001C430EB13678B6003C438DB161
:107AB000297809023443B8F1000F03D098F8008008
:107AC0004FEA0848214341EA0801C0F8801002B09B
:107AD000BDE8F0812946EDE71FB50DF10F030193D5
:107AE00000238DF80F101A4619460093FFF7A7FFE1
:107AF00005B05DF804FB2DE9F047002504468846F3
:107B000017462E464FF00109AA46BE420CD1D4F8C2
:107B1000403133B10023C4F84031D4F8403145F44A
:107B200080352846BDE8F087F0B2F1F7CBF8A0F534
:107B300080739B0809FA03F318EA030F05D0225853
:107B40001AB144F800A022581D430136DDE738B5CC
:107B500004460D46FFF71BFFA8B12046FFF730FF94
:107B600088B92046FFF742FF012322688340C2F80C
:107B70000833236803EB8000D0F8103523F00303AB
:107B8000C0F8103538BD2846BDE838400021FFF761
:107B9000A3BF91F820200346032A29D8DFE802F08A
:107BA000212519028A68500504D5D3F844270869AD
:107BB000904207D18A6852051AD4D3F844278969BC
:107BC000914215D000200622C3F80005C3F8002515
:107BD0007047D3F8442708699042F3D1D3F80C27B3
:107BE000EDE7D3F844270969EAE7D3F80C27FAE769
:107BF0000120704730B501249508403DAC400C424F
:107C000008D0815831B100218150825813B11A68CF
:107C100022431A6030BD002313B50C4601934FF484
:107C2000947201ABFFF7E6FF21464FF48272FFF733
:107C3000E1FF21464FF48A72FFF7DCFF21464FF443
:107C4000B672FFF7D7FF21464FF4A872FFF7D2FFB5
:107C500021464FF49C72FFF7CDFF4FF49A722146F4
:107C6000FFF7C8FF019802B010BD10B4CC7B8A6842
:107C700003682CB9D1E90041C3F80046C3F80416E3
:107C8000C3F8242543682BB1006810BCC0F308304A
:107C9000DFF7D6BC10BC704707B5019001A8F2F71A
:107CA00099FC0123019A9340436003B05DF804FB03
:107CB00008B1E0F755BC7047C3685B78DB0701D4B7
:107CC000F2F744BD6FF07700704740B1C368587851
:107CD00010F001001EBF1878B0FA80F0400970471C
:107CE00070B4C0690D46134660B901462A4670BC9F
:107CF000F2F700BD013130F811403444A4B294428F
:107D0000F8D9F3E7002147F6FF764FF6FD72F2E768
:107D100070B4C0690D461346C0B10446002234F960
:107D2000021B11F5004FFAD10132022AF7D1204689
:107D3000002147F6FF7634F91120B24200D01AB97B
:107D40002A4670BCF2F7D6BC0131F4E70146F7E7EA
:107D5000EFF31183202383F31288BFF36F8FFEE7C5
:107D600010B400F10C04C0E903440024446110BCC9
:107D7000D9F746B810B582696AB1C36842EA03010F
:107D8000890708D14169A2FB011424B95B182CBFF3
:107D90000121002102D36FF0150005E001619B1A5B
:107DA00042698A4201D8002010BD026901311A607F
:107DB000826903619B1AF3E710B5C0E9053200231D
:107DC000C160C36183600446FFF7D4FF08B9C4E90A
:107DD000004410BD13B501240094F3F76BF902B011
:107DE00010BD90F90E308B4201D0F5F78DB900200F
:107DF000704703460020C3E90033C3E9020070471F
:107E000010B5044630B10268930703D0446809B145
:107E100000F00FFA204610BD0023C0E90033836054
:107E200000F10C03C0E9033300F11403C0E905338A
:107E30007047012307B5009300230A461946F3F75C
:107E40006DFC03B05DF804FB002307B50A46009300
:107E50001946F3F763FC03B05DF804FB5AB18A429C
:107E600009D300F11003C0E90212C0E90000C0E923
:107E70000433002070476FF015007047012302683B
:107E80008B4022EA0303036022FA01F000F00100B4
:107E9000704710B5032104460C30FFF7EFFF30B1F7
:107EA00004F11000F6F7F0FAB0FA80F0400910BDC6
:107EB00020B10022CC301146F5F79ABD704770B55D
:107EC000C3680446C3F340069B0716D485680221A5
:107ED0000C30FFF7D3FF80B1D5F8C4206AB19442CB
:107EE0001DD122689EB9D5F8C830C5F8C4209C427F
:107EF00001D1C5F8C82000232360E36813F01F00F8
:107F00001EBF43F00203E36040F0020070BD326028
:107F1000D5F8C820944208BFC5F8C860EBE71646FC
:107F20001268DBE710B5F4F739F8041E08DDEFF34B
:107F30001180202383F31288BFF36F8FF5F7A4F924
:107F4000204610BDEFF30580003818BF01207047B0
:107F500090F90E00704780307047002310B58B42B7
:107F600002D10020136010BDC45CAA2CF9D10133EA
:107F7000F5E708B50A46D0E92801FFF7EEFF002033
:107F800008BDD0E9003213605A600023C0E9003315
:107F9000704738B504460D46F4F746FD237C43F0A0
:107FA00002032374D5B1A5602B689D4209D16B688B
:107FB000C4E900531C606C6010E06A689A42F6D015
:107FC0001B68002BF3D093F90E1094F90E20914208
:107FD000F3DD5A68C4E9003214605C6038BD10B546
:107FE000037C044613F0280F0CD183680BB1F4F71F
:107FF000D1FD237C204623F004032374BDE8104008
:10800000F4F7B4BC10BD10B50446F4F76BFF04F1EF
:108010001800BDE81040F6F737BAF4F783BD38B55D
:10802000054604680020AC4200D138BD002CFCD0CD
:108030002046F4F7AFFD04F11800F6F725FA2046C4
:10804000F4F794FC2C680120A542EDE738B504460E
:1080500000200022054611462046F5F7C9FC0028FD
:10806000F7D1284638BD0022F6F774B80122F6F79A
:1080700071B808B50246F6F717F970B1D0E90431C6
:108080009B1A61EBE272B3F1004F72F1000104DA66
:10809000002AACBF1846002008BD6FF00040FBE787
:1080A00008B5F6F70DFB08BDF6F70ABBB3F1FF3FC5
:1080B00008BFB2F1FF3F70B506461D46144614D006
:1080C0001A4316D0002B08DBF6F7FAFA041941EB35
:1080D0000501C6E90041304670BD6FF001031C1B6D
:1080E0004FF0FF3363EB0501F3E74FF0FF34214618
:1080F000EFE70024FBE7B3F1FF3F08BFB2F1FF3F1A
:10810000F8B5074616461C4610D054EA020311D0B3
:10811000F6F7D6FAB0420A46A14103460AD2F31A4C
:1081200064EB0204C7E900343846F8BD4FF0FF3372
:108130001C46F7E70023FBE70023C0E9081200F123
:108140001802C0E90622C0E90033036343637047A5
:108150002DE9F041846805460E46D4B16378012BC1
:1081600022D114F8503C9A0711D5A4F16007384683
:10817000FFF749FF082E14BF00236FF00303A36528
:1081800014F8503CDB0602D13846F4F753FD0023C7
:1081900023700023AB60EB68C3F38632164366F3AB
:1081A0009433EB60BDE8F081022BF0D12378002BF3
:1081B000EDD054F8048CB8F1000FE8D004F11400AD
:1081C000F6F762F90023A4F1140739464046E3624A
:1081D000F3F7E4FEDBE710B50B680446D0E91902BB
:1081E00012F0010F03EA000301D0984211D183B1CC
:1081F0006366520748BF4A6804F1180044BF1A4337
:108200004A60F6F741F900232046C4F8B830FFF77A
:10821000E6FE002010BD0A46F6F794BC4FF0FF3290
:10822000F6F790BC0A460021F6F78CBC5200F6F730
:10823000C9BC20B1011F50F8040CF2F793BD704780
:108240007047C9B20346024410B59342184601D1A3
:10825000002003E0047801338C42F6D110BD0A44BB
:10826000431E914200D1704710B511F8014B914265
:1082700003F8014FF9D110BD884210B501EB02049B
:1082800002D98442234607D8431EA14207D011F8E1
:10829000012B03F8012FF8E70244824200D110BD00
:1082A00013F8011D02F8011DF7E70244034693424B
:1082B00000D1704703F8011BF9E70A220021F6F705
:1082C00099BE0139024410B5904201D1002005E069
:1082D000037811F8014FA34201D0181B10BD0130E3
:1082E000F2E7024610B512F8013BA3F1410019284C
:1082F00011F8010BA0F1410498BF2033192C98BF4D
:1083000020301B1A02D10028EDD110BD1846FCE721
:10831000C9B20346184613F8012B12B18A42F9D1AB
:108320007047002918BF0020704710B56AB10139A5
:10833000841810F8012B11F8013F9A4203D1A04292
:1083400001D0002AF5D1D01A10BD1046FCE7013942
:10835000034610B532B111F8014F013A03F8014B51
:10836000002CF7D11A440021934200D110BD03F82C
:10837000011BF9E70246014410B58A42134603D0B7
:108380001C780132002CF8D1181A10BD38B511F044
:10839000FF0403460ED12146BDE83840FFF7B8BFC1
:1083A000431C054621461846FFF7B2FF0028F7D1C7
:1083B000284638BD0025F5E70A7870B56AB970BD62
:1083C0009A4209D10C46054614F8013F002BF6D01D
:1083D00015F8016F9E42F7D001300378002BEFD1E2
:1083E0001846ECE72DE9F843C3F1370907468846FC
:1083F00003F01F055FFA89F91646384641462A46BA
:108400000023D6F703FA4346D4B23A4688460746D5
:10841000092C84BF4C44E4B2AA424FF0000204F19C
:108420003004934106F8014BE7D23046BDE8F883AB
:108430002DE9F04F051889B0904641EB01040293F5
:1084400004AB284621460093D2E9002300F0A7F8A8
:1084500006AB074689462846214600930025D8E901
:10846000022300F09CF8DDE90423841851EB030695
:10847000069B28BF0125D8E90012ED18079B43F1A0
:108480000003791849EB0202B94272EB0902D8E9FC
:10849000022134BF01200020A21846EB0101801800
:1084A000029A41F10001A042A2F1410A71EB0602D9
:1084B000CDF800A034BF012200225219CDE90653A5
:1084C00043F1000300F082F8129BC3E90001D8E9F0
:1084D0000221DDE90653039114990129D8E900E04E
:1084E00027D1A21A0399CDF800A066EB01017745C8
:1084F00079EB000034BF01200020101A61F1000167
:10850000844276EB010234BF01220022AA1A63F1F1
:10851000000300F05BF8139BC3E90001DDE90623CB
:1085200020463146CDF800A000F050F809B0BDE873
:10853000F08F17EB070B49EB090C14EB040846EB23
:108540000601BB457CEB090934BF0127002718EB66
:10855000070741F10008F3457CEB000C34BF012014
:108560000020381A68F10001801A039A61EB0201B9
:108570006D195B41A74278EB060234BF012200224D
:10858000AD1843F10003874278EB010834BF0122A4
:108590000022AA1A029DA5F140050095B7E7F0B5A3
:1085A00000240D4606469446A0FB02012246059F84
:1085B000E5FB0C12A446E5FB0324E3FB061C12EBCF
:1085C0000C0244F10004C7E90024F0BDF0B5059C9D
:1085D000C4F14007C4F12006A4F12005E04002FAEE
:1085E00006F6BB4022FA05F5BA403343C4F1200633
:1085F0002B4301FA06F6A4F12005304321FA05F5D4
:10860000E140284319431043F0BD20F0004070477B
:1086100020F000420346B2F1FF4F70B5044610D37C
:10862000002807DA00F04EF820B92046BDE8704077
:10863000F8F728B821462046D5F78EFD0446204697
:1086400070BD002AFBD00028F0DB10F0FF412AD0DB
:10865000C215C3F31603A2F17F00D2074FF0000446
:1086600043F400034FEA60004FF01905264658BF57
:108670005B004FF080715B0072189A42DDBF5618A4
:1086800064189A1A1A46013D4FEA51014FEA420313
:10869000F2D112B1013424F00104641004F17C54CD
:1086A00004EBC054CBE75B000A4601311802FAD54F
:1086B0005242CEE718B100204FF000417047002031
:1086C0000021704720F00040B0F1FF4F94BF002020
:1086D0000120704738B505460C4600F0D6F830B199
:1086E00020462946D5F738FD0446204638BD2046A9
:1086F00000F0CBF80028F3D12846FFF7E3FF00286D
:10870000F3D12046FFF7DEFF28B921462846D5F7EA
:10871000E7FF0028E9D02C46E7E738B505460C46C8
:1087200000F0B3F830B120462946D5F715FD0446D0
:10873000204638BD204600F0A8F80028F3D128468E
:10874000FFF7C0FF0028F3D12046FFF7BBFF28B991
:1087500021462846D5F7A6FF0028E9D02C46E7E7B2
:1087600010B14FF000407047002070472DE9F041F4
:108770000446CE0FC1F30A55C1F3130140F2FF7056
:10878000167154EA01076BD1002D71D12C46294690
:10879000002B156060DB0C2B60DCC3F10D050120A4
:1087A000AD0005F1FF3CA5F12107C5F1210600FA56
:1087B00007F720FA06F600FA0CF03743061847EBE5
:1087C0000708D6F1000E68EB480C013E48F1FF386F
:1087D000264008EA0108B04277EB080810DBC5F133
:1087E0002008B5F1200624FA05F501FA08F858BF6B
:1087F00041FA06F645EA080558BF3543ED0703D5AB
:108800002018044641EB070104EA0E0401EA0C01BA
:108810009DF8186018460D250532C6F1270604F0AC
:108820000F03240944EA0174091163B9A8420DDA5F
:10883000013DF4D21AE01DB90125A5F2FF35A7E7E5
:1088400041F48011F9E7092BC8BF9B193033A842C6
:108850005355B8BF2846EBE70023D9E70D23D7E7E8
:108860008542E8D146F0080600201671BDE8F08187
:108870008542E5D146F00406F6E7D1E90432934299
:108880001EBF5A1C0A611870704780F480004000B7
:1088900010F5000F94BF002001207047D85FFD7FC6
:1088A000010000004D85090000000000C57F0A009E
:1088B0000000000000000000EC890B004D820A005F
:1088C0000000000000000000148A0B0009AD0A003F
:1088D00000000000E9AD0A000000000000000000F8
:1088E000648A0B00000000003C8A0B0000000000BE
:1088F0008C8A0B0000000000B48A0B00000000000E
:10890000048B0B00000000002C8B0B00000000000B
:10891000DC8A0B00F5410A0000000000CD770B0057
:1089200000000000A92809000000000025860900B9
:1089300000000000257E09000000000001790B0006
:10894000000000001DEE0A00000000007D460A0045
:108950000000000000000000548B0B00B13709003C
:10896000000000008D780B000000000000000000F7
:108970007C8B0B0000000000A48B0B0000000000AB
:108980001C8C0B0000000000F48B0B0000000000AA
:10899000CC8B0B0000000000448C0B00000000009A
:1089A0006C8C0B005D4F090000000000FD3E0B00C9
:1089B0000000000000000000948C0B00000000008C
:1089C000BC8C0B0000000000E48C0B00EDFD0800E7
:1089D00000000000B56D090000000000592E0A00DB
:1089E000000000009D370A000000000061570C00E5
:1089F00000000000DC970B00A42002200000000013
:108A0000A7700B000000000012970B000000000090
:108A1000D4D40B00924F0C0038CF0B00C0970B0042
:108A200088200220145B0220653D0A00000000003F
:108A30000C970B00000000002CCF0B00AB500C007B
:108A400080CF0B0020970B008C200220905B02202F
:108A5000DD420A000000000006970B0060000220C3
:108A600074CF0B00B1500C00A0CF0B0020970B006F
:108A70008E2002209C5B0220DD420A0000000000E4
:108A8000FC960B00D000022094CF0B00B7500C00D6
:108A9000C0CF0B0020970B0090200220A85B022083
:108AA000DD420A0000000000F6960B0040010220A3
:108AB000B4CF0B0000500C000000000018970B0012
:108AC0008A2002200000000099630B0000000000D3
:108AD000F0960B000000000050CF0B0087580C00F0
:108AE0007CD50B002C980B00AA200220B81F022076
:108AF000B9740B0000000000E8960B00A01F0220D4
:108B000070D50B009A580C00E8D50B002C980B0080
:108B1000AC200220E41F0220DB740B0000000000E8
:108B2000E2960B00CC1F0220DCD50B00E9580C00AC
:108B30000000000094970B00AE20022004200220C9
:108B4000E5810A0000000000DC960B000000000038
:108B500048D60B00E6510C00F01E022044970B0093
:108B600092200220B45B022023640B00000000006E
:108B7000D4960B00D81E02200CD00B007D520C00A6
:108B800050D00B000000000094200220185C02204E
:108B90007D4B0A0000000000C8960B00000000009A
:108BA00044D00B0056570C00A8D40B00E4970B00E0
:108BB000A220022000000000B56C0A0000000000A6
:108BC000BA960B0000000000A0D40B002B570C003D
:108BD000C8D30B00EC970B009C200220B45C022051
:108BE000316F0B0000000000B2960B000000000087
:108BF000BCD30B0039570C0014D40B00EC970B00BE
:108C00009E200220CC5C0220316F0B00000000008F
:108C1000AA960B000000000008D40B0048570C0077
:108C200060D40B00EC970B00A0200220E45C022033
:108C3000316F0B0000000000A2960B000000000046
:108C400054D40B00AC570C000000000078970B00C8
:108C5000A6200220FC5C02206D6E0A0000000000CD
:108C60009C960B0000000000E0D40B0019580C008B
:108C7000F8D40B005C970B00A8200220A65F02200E
:108C80001D700A000000000094960B000000000018
:108C9000ECD40B000E570C00ACD30B00000000000E
:108CA0009A200220884D02203D690A000000000041
:108CB0008A960B00A81B0220A0D30B0069550C005C
:108CC00038A00B00A4970B0096200220D0030220AE
:108CD000ED620A00000000007E960B00B001022049
:108CE00064D00B0092520C0070D00B0030C00B000F
:108CF00098200220201F0220F5AA09000000000091
:108D000078960B000000000000000000000000004A
:108D1000DF210B0000000000DF210B00000000003D
:108D2000DF210B0000000000DF210B00000000002D
:108D3000DF210B0000000000DF210B00000000001D
:108D4000DF210B0000000000DF210B00000000000D
:108D5000DF210B0000000000DF210B0000000000FD
:108D6000DF210B0000000000DF210B0000000000ED
:108D7000DF210B0000000000DF210B0000000000DD
:108D8000DF210B0000000000DF210B0000000000CD
:108D9000DF210B0000000000DF210B0000000000BD
:108DA000DF210B0000000000DF210B0000000000AD
:108DB000DF210B0000000000DF210B00000000009D
:108DC000DF210B0000000000DF210B00000000008D
:108DD000DF210B0000000000DF210B00000000007D
:108DE000DF210B0000000000DF210B00000000006D
:108DF000DF210B0000000000DF210B00000000005D
:108E0000DF210B0000000000DF210B00000000004C
:108E1000DF210B0000000000DF210B00000000003C
:108E2000DF210B0000000000DF210B00000000002C
:108E3000DF210B0000000000DF210B00000000001C
:108E4000DF210B0000000000DF210B00000000000C
:108E5000DF210B0000000000DF210B0000000000FC
:108E6000DF210B0000000000DF210B0000000000EC
:108E7000DF210B0000000000DF210B0000000000DC
:108E8000DF210B0000000000DF210B0000000000CC
:108E9000DF210B0000000000DF210B0000000000BC
:108EA000DF210B0000000000DF210B0000000000AC
:108EB000DF210B0000000000DF210B00000000009C
:108EC000DF210B0000000000DF210B00000000008C
:108ED000DF210B0000000000DF210B00000000007C
:108EE000DF210B0000000000DF210B00000000006C
:108EF000DF210B0000000000DF210B00000000005C
:108F0000DF210B0000000000DF210B00000000004B
:108F1000DF210B0000000000DF210B00000000003B
:108F2000DF210B0000000000DF210B00000000002B
:108F3000DF210B0000000000DF210B00000000001B
:108F4000DF210B0000000000DF210B00000000000B
:108F5000DF210B0000000000DF210B0000000000FB
:108F6000DF210B0000000000DF210B0000000000EB
:108F7000DF210B0000000000DF210B0000000000DB
:108F8000DF210B0000000000DF210B0000000000CB
:108F9000DF210B0000000000DF210B0000000000BB
:108FA000DF210B0000000000DF210B0000000000AB
:108FB000DF210B0000000000DF210B00000000009B
:108FC000DF210B0000000000DF210B00000000008B
:108FD000DF210B0000000000DF210B00000000007B
:108FE000DF210B0000000000DF210B00000000006B
:108FF000DF210B0000000000DF210B00000000005B
:10900000DF210B0000000000DF210B00000000004A
:10901000DF210B0000000000DF210B00000000003A
:10902000DF210B0000000000DF210B00000000002A
:10903000DF210B0000000000DF210B00000000001A
:10904000DF210B0000000000DF210B00000000000A
:10905000DF210B0000000000DF210B0000000000FA
:10906000DF210B0000000000DF210B0000000000EA
:10907000DF210B0000000000DF210B0000000000DA
:10908000DF210B0000000000DF210B0000000000CA
:10909000DF210B0000000000DF210B0000000000BA
:1090A000DF210B0000000000DF210B0000000000AA
:1090B000DF210B0000000000DF210B00000000009A
:1090C000DF210B0000000000DF210B00000000008A
:1090D000DF210B0000000000DF210B00000000007A
:1090E000DF210B0000000000DF210B00000000006A
:1090F000DF210B0000000000DF210B00000000005A
:10910000DF210B0000000000DF210B000000000049
:10911000DF210B0000000000DF210B000000000039
:10912000DF210B0000000000DF210B000000000029
:10913000DF210B0000000000DF210B000000000019
:10914000DF210B0000000000DF210B000000000009
:10915000DF210B0000000000DF210B0000000000F9
:10916000DF210B0000000000DF210B0000000000E9
:10917000DF210B0000000000DF210B0000000000D9
:10918000DF210B0000000000DF210B0000000000C9
:10919000DF210B0000000000DF210B0000000000B9
:1091A000DF210B0000000000DF210B0000000000A9
:1091B000DF210B0000000000DF210B000000000099
:1091C000DF210B0000000000DF210B000000000089
:1091D000DF210B0000000000DF210B000000000079
:1091E000DF210B0000000000DF210B000000000069
:1091F000DF210B0000000000DF210B000000000059
:10920000DF210B0000000000DF210B000000000048
:10921000DF210B0000000000DF210B000000000038
:10922000DF210B0000000000DF210B000000000028
:10923000DF210B0000000000DF210B000000000018
:10924000DF210B0000000000DF210B000000000008
:10925000DF210B0000000000DF210B0000000000F8
:10926000DF210B0000000000DF210B0000000000E8
:10927000DF210B0000000000DF210B0000000000D8
:10928000DF210B0000000000DF210B0000000000C8
:10929000DF210B0000000000DF210B0000000000B8
:1092A000DF210B0000000000DF210B0000000000A8
:1092B000DF210B0000000000DF210B000000000098
:1092C000DF210B0000000000DF210B000000000088
:1092D000DF210B0000000000DF210B000000000078
:1092E000DF210B0000000000DF210B000000000068
:1092F000DF210B0000000000DF210B000000000058
:10930000DF210B0000000000DF210B000000000047
:10931000DF210B0000000000DF210B000000000037
:10932000DF210B0000000000DF210B000000000027
:10933000DF210B0000000000DF210B00048B0B007D
:10934000E97B0A00B45B022011A10A0000000000C2
:10935000DF210B0000000000DF210B0000000000F7
:10936000DF210B0000000000DF210B0000000000E7
:10937000DF210B0000000000DF210B0000000000D7
:10938000DF210B0000000000DF210B0000000000C7
:10939000DF210B0000000000DF210B0000000000B7
:1093A000DF210B0000000000DF210B0000000000A7
:1093B000DF210B0000000000DF210B000000000097
:1093C000DF210B00448C0B00AD6D0A000000000093
:1093D000DF210B0000000000DF210B00401E0220F7
:1093E000F5630B0000000000DF210B00000000000F
:1093F000DF210B0000000000DF210B000000000057
:10940000DF210B0000000000DF210B000000000046
:10941000DF210B0000000000DF210B000000000036
:10942000DF210B001D9B0A0009790B0000000000E2
:10943000DF210B0000000000DF210B000000000016
:10944000DF210B0000000000DF210B000000000006
:10945000DF210B0000000000DF210B0000000000F6
:10946000DF210B0000000000DF210B0000000000E6
:10947000DF210B0000000000DF210B0000000000D6
:10948000DF210B0000000000DF210B0000000000C6
:10949000DF210B0000000000DF210B0000000000B6
:1094A000DF210B0000000000DF210B0000000000A6
:1094B000DF210B0000000000DF210B000000000096
:1094C000DF210B0000000000DF210B000000000086
:1094D000DF210B0000000000DF210B000000000076
:1094E000DF210B0000000000DF210B000000000066
:1094F000DF210B0000000000DF210B000000000056
:10950000DF210B0000000000DF210B000000000045
:10951000DF210B0000000000DF210B000000000035
:10952000DF210B0000000000DF210B00DC8A0B00B4
:10953000E97B0A0081790B0009790B00000000002B
:10954000DF210B0000000000DF210B000000000005
:10955000DF210B00042002205DA50A0000000000AE
:10956000DF210B0000000000DF210B00C81D0220DE
:10957000F5630B0000000000DF210B00000000007D
:04958000DF210B00DC
:10958800D02E0220F08D02200008000039070900C3
:109598000000000000000000000000000E000000B5
:1095A8000000000016E30B000000000000000000AF
:1095B800502D0220F081022000080000510009000F
:1095C8000000000000000000000000000E00000085
:1095D800000000004CDF0B0000000000000000004D
:1095E800102E0220F089022000040000D503090093
:1095F8000000000000000000000000000E00000055
:10960800000000007AE10B000000000000000000EC
:1096180078250220F07902200008000015F80800DB
:10962800000000000000000000000000030000002F
:1096380000000000C3DC0B00000000000000000078
:1096480050460220F0B702200004000025E409007B
:10965800000000000000000000000000F1FFFFFF14
:1096680000000000B3440C000000000000000000EF
:1096780000800080FF7F0400070012000080008047
:10968800FF7F0400008000801300FF7F0B00008034
:109698000080FF7F00800080FF7F0C00008000803A
:1096A800FF7F0C0000800080FF7F0C00008000809E
:1096B800FF7F0B00008000800F000E000D00FF7F71
:1096C8000A000080008011000C00FF7F00800080ED
:1096D8000B00FF7F00800080FF7F00800080FF7FFD
:1096E800008000801300FF7F00800080FF7F0080E3
:1096F8000080FF7F0080008012001300FF7F008041
:109708000080FF7F00800080FF7F00800080FF7F57
:1097180085630B000000000081440A00A9630B0068
:10972800B5630B00C9630B00D3630B00DD630B004B
:1097380081430A0059420A00000000003D4A0A001D
:109748000000000095480A0000000000000000002A
:1097580097640B00A16F0A00C96E0A0000000000A0
:109768000D710B00F5720A000000000000000000F7
:10977800000000000000000000000000C56D0A00A5
:10978800816D0A00000000000000000009780B004D
:1097980045780B0075810A00E1770B000000000096
:1097A8000000000099500A00B1660B0051500A00F1
:1097B8001F680B009D680B00C53D0A007B630B000A
:1097C80049630B0000000000953C0A0000000000FF
:1097D8000000000000000000000000001D6B0A00EF
:1097E800996B0B00056E0B00636B0B00536B0B0042
:1097F800A76B0B00C56D0B006B6E0B000000000023
:109808000000000000000000000000008D6C0B004C
:109818000000000000000000000000000000000040
:1098280000000000CB730B0023770B0013740B00B0
:1098380069780A0077730B00B5750B00E1730B00AC
:10984800E97A0A0001730B00C5760A00F1720B0071
:1098580009F409003F3D0B00373D0B002B3D0B0081
:10986800233D0B001B3D0B0021800000C9EE0900C1
:1098780047370B0077390B0041370B0033370B00A4
:109888000D370B0021C000006DF50900A93E0B0043
:10989800A13E0B00953E0B008D3E0B00853E0B0054
:1098A80023C0000022E30B000300000008E50B00C2
:1098B80003000000B14F0C000300000056DF0B004E
:1098C80003000000DF4C0C0003000000B14E0C0048
:1098D800030000000D510C000300000017510C009C
:1098E80003000000F6510C0003000000632E0C007A
:1098F80003000000FEE60B00030000002FE70B004A
:10990800030000008D520C0003000000FDDD0B0079
:10991800030000003D540C0003000000C40B0C00C1
:10992800030000009E560C000300000020060C00F7
:109938000300000059090C00030000003D0A0C0058
:1099480003000000F3030C0003000000C9040C002E
:1099580003000000FD040C0003000000874C0C000D
:109968000300000025460C0003000000A34A0C0079
:1099780003000000B04B0C0003000000B24C0C00C8
:10998800030000005A480C0003000000BD4C0C0006
:1099980003000000C5440C0003000000A7490C00A8
:1099A80003000000354A0C0003000000F00C0C0016
:1099B80004000000644B0C0003000000C64C0C00BF
:1099C80003000000BD480C0003000000D9DC0B00B8
:1099D800030000004C5E0C00030000002FE40B00A5
:1099E8000300000084E80B000300000019570C0076
:1099F80003000000BAF50B0003000000C0F50B00DF
:109A08000300000041050C000300000045050C00A0
:109A18000300000010E60B000300000006E90B003D
:109A280003000000BC570C0003000000A7580C00FE
:109A380003000000FF580C0003000000504F0C000A
:109A480003000000D4BC0B001C560220D4F50B0008
:109A580000000000B46302200100000000000000C4
:109A680000000000501D0220B05202200800000033
:109A78000000000000000000001D0220B363022067
:109A8800010000000000000000000000281D022066
:109A9800B25F02200100000000000000000000008A
:109AA800B01C0220842002200100000000000000F9
:109AB80000000000D81C022002000000481D0220FF
:109AC8007823022002000000F81C022094230220C0
:109AD80002000000201D0220B02302200200000026
:109AE800A81C0220CC23022002000000D01C022067
:109AF800E82302205C9A0B00C09A0B00709A0B00B6
:109B0800CC9A0B00849A0B00D89A0B00989A0B00F9
:109B1800E49A0B00AC9A0B00E49A0B00AC9A0B0089
:109B2800F09A0B00CBF50B00B01D02201053022059
:109B3800A01D02200200000058BC0B000C5302209C
:109B48006CBC0B00A0210220C0F50B0030420220A3
:109B5800F0A10220F0BB0B0040BD0B0048BB0B007E
:109B6800D4BA0B009CBB0B00C0BC0B0018BD0B008B
:109B780080BA0B00F4A30B0074C00B0054BD0B009B
:109B880004BD0B00F0BC0B002CBD0B000000000056
:109B980000000000000000000000000000000000BD
:109BA8003CE90B0043E90B000000000001410900FB
:109BB800000000002BEB0B0035EB0B000000000051
:109BC800854109000300000054EB0B005BEB0B0020
:109BD80094BA0B00AD100B000000000072E90B00F6
:109BE8009A2F0C00000000001D410900020000002F
:109BF80045DF0B0087EB0B00F09E0B000000000018
:109C080000000000FBE90B0002EA0B000000000066
:109C180039EE08000101000041F50B0058EA0B007D
:109C2800000000006D410900000000000000000075
:109C3800000000000000000000000000000000001C
:109C48004A0D0C00510D0C000000000011B2090073
:109C580001000000C50D0C00C90D0C0088C00B00E8
:109C680023320B0001000000820E0C002C0E0C00A9
:109C7800C0C00B0061B209000100000085250C007E
:109C880088250C00E8C60B00000000000100000059
:109C9800BA4E0C004C110C00000000008DB20900F7
:109CA80001000000B9110C00C0110C0058C10B00D4
:109CB800000000000100000086130C008D130C004A
:109CC80080C20B0000000000010000005A140C00C4
:109CD8005E140C0010C30B005B320B000102000085
:109CE8000F160C0016160C00C8C30B006B320B00C5
:109CF80001010000ACF00B00DB310C00000000009B
:109D080025DB09000100000099160C009D160C00C7
:109D180020C40B000000000001000000A6180C0081
:109D2800AB180C00F8C50B00A3320B0001010000B2
:109D38002A190C002F190C000000000035B7090083
:109D480001000000A81C0C00AE1C0C0030C60B0063
:109D580069BE090001010000C14C0C004E2B0C002B
:109D680038C80B0089CD090001000000AF2C0C0099
:109D7800B42C0C00B0C80B0009D309000100000086
:109D880021F30B00862E0C000000000091D309007F
:109D980001000000CE2E0C00D22E0C0028C90B00AA
:109DA8000B330B0001000000965F0C00F72F0C002E
:109DB80060C90B0011D50900020C0000394A0C00DB
:109DC80063310C0098C90B0045D909000200000056
:109DD80038320C003D320C00D0C90B003B330B006D
:109DE80001000000CC440C00BA320C0008CA0B0079
:109DF80075DB090001000000EF3C0C00633D0C001E
:109E0800F0CC0B00C5E209000100000032EE0B00A7
:109E180044330C0000000000CDDB09000100000005
:109E280067330C000F340C0060CA0B00E9DB090033
:109E38000100000002350C000A350C00000000008B
:109E480085DC0900010000000AFD0B0036350C0016
:109E5800B8CA0B0053330B0001040000AEE80B0036
:109E68000E370C000000000081DD09000200000030
:109E78004F370C0053370C0010CB0B0057330B0037
:109E880001000000CA4C0C002B3A0C00A8CB0B00B8
:109E980067330B0001000000EE3A0C00F63A0C00A4
:109EA80020CC0B0041E2090001010000113C0C002C
:109EB800163C0C0098CC0B006DE209000100000074
:109EC800B63C0C00C03C0C000000000099E2090000
:109ED80001000000EC3E0C00EF3E0C0088CD0B00AA
:109EE800F9E2090001010000000000000000000084
:109EF80000000000000000000000000093EE0B00CE
:109F080098EE0B0000000000514509000200000017
:109F1800202D0C0076EC0B000000000029420900FF
:109F28000000000032EE0B0039EE0B0000000000CC
:109F3800C5440900020000005EED0B0065ED0B0052
:109F4800000000005143090000000000AEE80B00CB
:109F5800D7ED0B00000000003944090002000000A2
:109F680000000000000000000000000000000000E9
:109F780000000000DD450900FD450900E5BE0900B7
:049F8800F1DC0900FF
:109F9000FFFFFFFFFFFFFF7FFFC99A3B00000000AC
:109FA000D85E0B7A6F0C01000013393100000000FD
:109FB00000A0104000820D40000405400500000094
:109FC00004000000010000001B5B4A00001B5B480E
:109FD00000001B5B324A00001B5B4A00001B5B6DEC
:109FE00000001B3700001B3800001B5B3F336C0078
:109FF000001B5B4800001B5B324A00001B3700005F
:10A000001B380000000000000000000000000000FD
:10A010000338FDD870470000000000000000000079
:10A020000338FDD870470000000000000000000069
:10A030000338FDD870470000DC8A0B0074D00B0099
:10A04000648A0B000D000000648A0B000C00000005
:10A050000000000000000000000000000000000000
:10A0600000000000000000000000000100000000EF
:10A07000B4C404000000000020020220020000001E
:10A0800001000000000000000500000000000000CA
:10A0900019000000000000007D000000000000002A
:10A0A0007102000000000000350C000000000000FC
:10A0B000093D0000000000002D31010000000000FB
:10A0C000E1F505000000000065CD1D000000000066
:10A0D000F902950000000000DD0EE902000000001A
:10A0E000514A8D0E000000009573C2480000000028
:10A0F000E941CC6B010000008D49FD1A070000000A
:10A10000C16FF28623000000C52EBCA2B100000082
:10A11000D9E9AC2D780300003D9160E458110000AE
:10A1200031D6E275BC560000F52E6E4DAEB1010081
:10A13000C9EA268367780800ED95C28F055A2A0080
:10A14000A1EDCCCE1BC2D30025A4000A8BCA2204E9
:10A1500000000000000000000000000000000010EF
:10A160000000000000000000B9340332B7F4AD1461
:10A1700010DB1AB30892540E0D307D951447BA1AAD
:10A1800066088F4D26ADC66DF598BF85E2B74511BF
:10A19000CA96853D92BD1DEBFCA11860DCEF5216FE
:10A1A0003C92AE220BB8C1B4839D2D5B0562DA1CD4
:10A1B000304C7E8F4E8BB25B16F4529F8B56A5129D
:10A1C000FBD4827643ED8AF08FE7F93115651918D3
:10A1D00050F19BD94A13EEB4284CF0A686C1251F36
:10A1E000035FC270CB9E4916E642889C44EB201464
:10A1F000B0650836AD6EA58585F0CA14E2FD031A78
:10A200000B899979D5B13D09D8DA973A35EBCF105A
:10A21000AC363F5E73BB38CF3E6752FA44AFBA15D7
:10A22000010000000000000000000000000000200D
:10A23000345065C05FC9A652BB13CBAEC440C21830
:10A2400006C8DF7100D5A87CF56F0FDA58FC27131C
:10A250006E4756357D24206502C7E768E48CA41D4F
:10A26000E9E60268D7CD39617977FCC2405BEF1629
:10A27000798CDE43FFA751F991F3B278F5BDBE1199
:10A28000E857E9D6E8BEE87BB054AC8F848D751BE7
:10A29000EA23A499E9F9D38BB7A3714061DA3E159B
:10A2A000CEE33ECB73F948088C97B427D51B7010CA
:10A2B000A2BFEFB9EB8532154DB44DB49BBB6F19FE
:10A2C00096B6076CF8E7EEAD36D9B4F59135AE1316
:10A2D000222218AF4E6A684D91DAAA3D4F40741E93
:10A2E0009FBD9EE006A1C09857C2A7FDA40E90177F
:10A2F0000E7D497173E3208FB220D87605143B128E
:10A30000853D7434811343B0AD297A5F27F4351C41
:10A31000763C7935EF39EA3D763C7935EF39EABD5F
:10A320000000E0FE422EE63F0000E0FE422EE6BFC7
:10A33000000000000000E03F000000000000E0BF5F
:10A340000000000085F4080000000000000000008C
:10A350000000000085F5080031EB080079F40800E2
:10A360000000000000000000A3060B00E9FA08004E
:10A37000000000000000000000000000E1F70800FD
:10A3800045FA080000000000000000000000000086
:10A39000BDDC0B000500000075EC0B0000000000A8
:10A3A00000000000C9DD0B000B00000075EC0B0085
:10A3B0000000000061FC0800D5DD0B000B00000070
:10A3C00075EC0B000000000061FC0800E1DD0B00F3
:10A3D00013000000D6190C000100000081FD0800E8
:10A3E000F5DD0B0007000000D6190C00010000008D
:10A3F00049FD080069550C00B7DF0B0008A40B00ED
:10A4000000000000000000000CA40B0003DE0B00A5
:10A41000C6DF0B000000000005020900020000007A
:10A42000000000000000000000000000000000002C
:10A4300000000000000000000AD7A33B0AD7233C1D
:10A440008FC2753C0AD7A33CCDCCCC3C8FC2F53C27
:10A45000295C0F3D0AD7233DEC51383DCDCC4C3D16
:10A46000AE47613D8FC2753DB81E853D295C8F3D6D
:10A470009A99993D0AD7A33D7B14AE3DEC51B83D66
:10A480005C8FC23DCDCCCC3D3D0AD73DAE47E13DD2
:10A490001F85EB3D8FC2F53D0000003EB81E053E16
:10A4A000713D0A3E295C0F3EE17A143E9A99193EAD
:10A4B00052B81E3E0AD7233EC3F5283E7B142E3EDB
:10A4C0003333333EEC51383EA4703D3E5C8F423E08
:10A4D00014AE473ECDCC4C3E85EB513E3D0A573E37
:10A4E000F6285C3EAE47613E6666663E1F856B3E63
:10A4F000D7A3703E8FC2753E48E17A3E0000803E91
:10A500005C8F823EB81E853E14AE873E713D8A3E0A
:10A51000CDCC8C3E295C8F3E85EB913EE17A943E1A
:10A520003D0A973E9A99993EF6289C3E52B89E3E27
:10A53000AE47A13E0AD7A33E6666A63EC3F5A83E37
:10A540001F85AB3E7B14AE3ED7A3B03E3333B33E44
:10A550008FC2B53EEC51B83E48E1BA3EA470BD3E54
:10A560000000C03E5C8FC23EB81EC53E14AEC73E62
:10A57000713DCA3ECDCCCC3E295CCF3E85EBD13E71
:10A58000E17AD43E3D0AD73E9A99D93EF628DC3E80
:10A5900052B8DE3EAE47E13E0AD7E33E6666E63E8F
:10A5A000C3F5E83E1F85EB3E7B14EE3ED7A3F03E9D
:10A5B0003333F33E8FC2F53EEC51F83E48E1FA3EAC
:10A5C000A470FD3E0000003FAE47013F5C8F023F9C
:10A5D0000AD7033FB81E053F6666063F14AE073F25
:10A5E000C3F5083F713D0A3F1F850B3FCDCC0C3FA3
:10A5F0007B140E3F295C0F3FD7A3103F85EB113F23
:10A600003333133FE17A143F8FC2153F3D0A173FA2
:10A61000EC51183F9A99193F48E11A3FF6281C3F20
:10A62000A4701D3F52B81E3F0000203FAE47213F9F
:10A630005C8F223F0AD7233FB81E253F6666263F20
:10A6400014AE273FC3F5283F713D2A3F1F852B3F9E
:10A65000CDCC2C3F7B142E3F295C2F3FD7A3303F1E
:10A6600085EB313F3333333FE17A343F8FC2353F9F
:10A670003D0A373FEC51383F9A99393F48E13A3F1C
:10A68000F6283C3FA4703D3F52B83E3F0000403F9B
:10A69000AE47413F5C8F423F0AD7433FB81E453F1C
:10A6A0006666463F14AE473FC3F5483F713D4A3F9B
:10A6B0001F854B3FCDCC4C3F7B144E3F295C4F3F19
:10A6C000D7A3503F85EB513F3333533FE17A543F9B
:10A6D0008FC2553F3D0A573FEC51583F9A99593F19
:10A6E00048E15A3FF6285C3FA4705D3F52B85E3F98
:10A6F0000000603FAE47613F5C8F623F0AD7633F17
:10A70000B81E653F6666663F14AE673FC3F5683F97
:10A71000713D6A3F1F856B3FCDCC6C3F7B146E3F14
:10A72000295C6F3FD7A3703F85EB713F3333733F95
:10A73000E17A743F8FC2753F3D0A773FEC51783F15
:10A740009A99793F48E17A3FF6287C3FA4707D3F93
:10A7500052B87E3F0000803F0000A0400000C8418A
:10A7600000003442295C3F4000004040D7A34040F5
:10A77000AE47414085EB41405C8F4240333343401C
:10A780000AD74340E17A4440B81E45408FC2454055
:10A79000666646403D0A474014AE4740EC5148408B
:10A7A000C3F548409A994940713D4A4048E14A40C2
:10A7B0001F854B40F6284C40CDCC4C40A4704D40FA
:10A7C0007B144E4052B84E40295C4F400000504030
:10A7D000D7A35040AE47514085EB51405C8F52406B
:10A7E000333353400AD75340E17A5440B81E5540A2
:10A7F0008FC25540666656403D0A574014AE5740DA
:10A80000EC515840C3F558409A995940713D5A400F
:10A8100048E15A401F855B40F6285C40CDCC5C4047
:10A82000A4705D407B145E4052B85E40295C5F407E
:10A8300000006040D7A36040AE47614085EB6140B7
:10A840005C8F6240333363400AD76340E17A6440EF
:10A85000B81E65408FC26540666666403D0A674027
:10A8600014AE6740EC516840C3F568409A9969405E
:10A87000713D6A4048E16A401F856B40F6286C4094
:10A88000CDCC6C40A4706D407B146E4052B86E40CD
:10A89000295C6F4000007040D7A37040AE47714004
:10A8A00085EB71405C8F7240333373400AD773403D
:10A8B000E17A7440B81E75408FC275406666764076
:10A8C0003D0A774014AE7740EC517840C3F57840AC
:10A8D0009A997940713D7A4048E17A401F857B40E2
:10A8E000F6287C40CDCC7C40A4707D407B147E401B
:10A8F00052B87E40295C7F4000008040EC5180408F
:10A90000D7A38040C3F58040AE4781409A998140EB
:10A9100085EB8140713D82405C8F824048E18240FE
:10A92000333383401F8583400AD78340F628844011
:10A93000E17A8440CDCC8440B81E8540A470854027
:10A940008FC285407B148640666686400BB409BC86
:10A95000D4B6E9BBDA9DC6BBE6DCA8BB85348FBBA9
:10A96000AE3A71BB45F748BBFBEC24BB63CB04BBE1
:10A970000AEAD0BA7009A0BAC1BF70BA356F3BBA43
:10A98000826920BAD4C017BA29EC17BA8A8F1BBAC9
:10A99000AB2020BA0FF124BA1FE029BAB80E2FBAA3
:10A9A000F78434BAFFFE39BA73053FBA025042BA8F
:10A9B00022FE41BAA93B3DBA6A1335BAF5612BBAFA
:10A9C000788A21BA0BEC17BAE8690EBA80F704BA94
:10A9D0001D1FF6B99777DEB96DE2C8B96C54B9B9E5
:10A9E000DF6EADB90D96A2B9309D98B9D26B90B912
:10A9F000ED1E8AB9E9D084B966717DB9F3A26DB94B
:10AA000004865DB9E04F4CB962AE37B9C9561EB97C
:10AA1000455A00B9CF20BCB841B961B8F5A184B797
:10AA20006A6EC5372ED88538A7EADB38449A1A39BA
:10AA30000E164A39A1D07E39C5789E39A8B9C339D6
:10AA4000AB20EC39235E093A38231A3AC425283A58
:10AA50006765333AA6913C3A61AC443A746F4C3A1C
:10AA6000220D543A36A85B3A5C5E633A864A6B3AEA
:10AA70004A81733A0B0A7C3A1875823A7012873A07
:10AA800096DE8B3A70DA903A0A03963A83539B3AF1
:10AA900031C6A03A6558A63A9A06AC3AEFC5B13A23
:10AAA0007786B73A0936BD3A72C5C23A2427C83A02
:10AAB0005049CD3A2C15D23A7879D63A1C6BDA3A0D
:10AAC00087E0DD3A44D0E03AA72FE33A53F2E43A84
:10AAD000B20EE63A0389E63A1967E63AF585E53AB1
:10AAE0008790E33A0F43E03A62C8DB3AC183D63A33
:10AAF000A4C1D03ABBB2CA3AE6B2C43A7AF5BE3A79
:10AB000027E7B83A68C2B13A885FA93A3945A03A0E
:10AB10009303973AB12A8E3AFA48863AD8657F3A33
:10AB2000E4EC743A823A6D3A1C62683A5B74663AB5
:10AB3000A20B673A4718693A657B6B3A15166D3A6E
:10AB400075CD6C3A43456A3AC016663ABCDC603A49
:10AB5000AB315B3AB8AE553AAFA3503A63F64B3AD5
:10AB6000278C473A1D4B433A7C193F3A45E43A3A21
:10AB7000B6A6363A646A323A523C2E3A78292A3AD4
:10AB8000183B263AAF73223A86D01E3AE94B1B3A5D
:10AB900016E0173A7388143A8542113AB00D0E3A0E
:10ABA000E8EB0A3A5CDF073ADFE9043A910C023A33
:10ABB0003D8FFE395D2FF93900F1F33909CCEE39BB
:10ABC0002AB9E93902B2E439D3B9DF392FDADA39EF
:10ABD0005B1DD639F48ED139823ACD39DB1BC939A8
:10ABE0003D16C539AF0AC1390EDABC393165B839FD
:10ABF000A593B3391368AE39DAEAA8396721A339C6
:10AC0000AE109D39D8BD96399F3090393D73893942
:10AC10004A928239903577392133693966245B3914
:10AC200006F34C39A2843E3994BE2F393786203939
:10AC300053BD10392439003952A2DD3819BCB83857
:10AC4000F670913834C54E38416CE637FB376336C1
:10AC5000B732C4B71F875FB83CF6B5B8044802B92D
:10AC6000273E2EB931535FB966FE8AB95458A9B947
:10AC70002BDA5A4068435B40B89C5B40CBEA5B40B0
:10AC80002B325C40B3735C4053AE5C4097E45C4055
:10AC9000A7185D4032495D40E2715D40B6935D406A
:10ACA0003ABE5D4071F95D4054425E40688F5E403F
:10ACB00016D95E40201E5F4059605F405A9F5F403A
:10ACC0003DDC5F401C1A60405C5A6040689D6040FB
:10ACD0006DE2604001266140F7646140609F614021
:10ACE000ECD561409C0862400F3862406465624068
:10ACF000C29162405BBD6240FDE46240D90E634098
:10AD00008A3E6340AD706340BEA1634029D1634079
:10AD1000A3FF6340852D6440705A6440B58564404C
:10AD20001EAF6440AFD7644092FF64407026654018
:10AD3000034C65404370654033936540F0B4654013
:10AD40009ED5654071F565408A14664004336640BF
:10AD5000C9506640A06D6640E9886640A9A166407A
:10AD60003CB76640B9CA6640F9DD664059F26640B4
:10AD70002F086740951F6740153867400A516740A4
:10AD8000266A67407D836740F39C67404BB6674007
:10AD90006CCF67409BE867402A0268400A1C684005
:10ADA000F1356840C44F6840D86968409284684073
:10ADB000AA9F684074BA6840AFD4684021EF6840E9
:10ADC000AB0A69404827694074446940E0616940C2
:10ADD000C27F6940689E6940FBBD694085DE69406D
:10ADE00022006A4025236A40DE476A40496E6A4075
:10ADF00041966A40A8BF6A4049EA6A40EB156B4039
:10AE00002D436B40D4736B406FA96B4055E36B408F
:10AE1000921F6C40AE5C6C40939A6C4068D96C4059
:10AE2000D4196D40825D6D4077A56D402EF16D4067
:10AE3000743F6E40B98F6E407FE16E4046346F4084
:10AE4000D1876F40C8DB6F405B2F7040AF8170408F
:10AE5000EFD17040A01F7140216B714027B5714048
:10AE60006CFE7140A94772400D9172404ADA7240FF
:10AE7000322373409A6B734057B3734073FA734035
:10AE800038417440E3877440ABCE7440C9157540B7
:10AE9000715D7540BCA57540A0EE754005387640E3
:10AEA000D681764002CC76407B167740436177406E
:10AEB00061AC7740DFF77740C2437840129078402A
:10AEC000D4DC7840052A7940A4777940ADC5794033
:10AED0001F147A40F7627A403DB27A40F8017B4015
:10AEE00032527B40F2A27B403EF47B4010467C40D5
:10AEF0005C987C4013EB7C40293E7D4095917D40E1
:10AF00005EE57D40AA397E40A18E7E4071E47E40A0
:10AF1000473B7F404A937F4081EC7F4073238040D2
:10AF2000365180407C7F804039AE804060DD80407B
:10AF3000E20C8140BA3C8140E56C81405F9D8140DC
:10AF40002ACE814052FF8140E2308240E36282405B
:10AF50006095824064C88240FEFB82403B30834063
:10AF600026658340CB9A834037D18340950884403F
:10AF70002B418440437B844027B7844021F58440A3
:10AF80007B3585407E78854075BE8540A907864023
:10AF900064548640A46FA43FFEFD973FD1C4823F16
:10AFA0005483693F80EA553FC9FF413F9165303F77
:10AFB0001222263FCB311D3F186D0B3F5CDDE83E72
:10AFC0006691EE3ECCF21E3FFC684E3F52526A3F05
:10AFD000BF8E6B3F5DFF5E3F8D58533F70EA493F28
:10AFE0006495413F2DD03F3F630F453FC1264D3F04
:10AFF000179B543F096F553F09F84B3FC0A43D3F95
:10B00000B07D303F416D243FFB57193F4CF8103F56
:10B010009B270C3FA372093F870B023FACA6FE3E65
:10B02000E9EB0B3F5ADB183F47011B3F39C2163F84
:10B0300086B6123F4850103FB8E00D3FF2C9093FB5
:10B04000724E043F9416003F486CFB3EBC1CF63E1B
:10B050004BE0EE3E33B2E63EF277DE3E649CD63EF7
:10B06000698ECF3E3E94C93EE2A0C43E656AC03EB2
:10B07000B542BC3E4829B73E8B65AF3EFB9CA23E25
:10B08000EFC2903E0C51803EC41F723E73A6773EC5
:10B090008AE7833EDB5A8D3E9BAE953E04909A3EF6
:10B0A00093759C3ED6A49D3E7DC09E3E47C49E3E69
:10B0B0006DBA9D3E5C3B9D3EE9909E3EB3B8A03E7E
:10B0C00052CDA13E15A5A13EF833A23E7904A53E7E
:10B0D0009E2EA83EDB62A83E3CB0A53EE89CA43E66
:10B0E0000BB2A83E207AAF3E9F96B43EE219B73E1F
:10B0F0001753B93E8729BD3E4972C23ED059C83E5A
:10B1000055B8CE3EFC75D63E312CE03EF9CFEA3E36
:10B1100050F5F43E5548FE3E314D033F79C9063F98
:10B1200071E40A3FF9BB123FFAC61F3FB9392E3FFF
:10B130009196383FB99A3D3F7F31403F0CE2423F04
:10B1400061D5463F7D694E3F5B2E5A3F5FBC663FEF
:10B150000C9B703F39B9773F2E317D3F398E803F50
:10B1600039F0813F54DD823FA2E3823FCD9C813F95
:10B170005E077E3F94C8763FAF5E6F3F38A2693F5F
:10B18000A925663FFEEA643FF01A653F6E1B653FE6
:10B19000365A643FE80D633F8139613FA9315F3F13
:10B1A000C7AF5D3F8FFF5C3F5B035D3FEFB75D3F28
:10B1B000CB145F3F0BEC603F69D9623FE690643F80
:10B1C0005305663F133B673F4241683F1A36693F6C
:10B1D00059386A3F76536B3F7D866C3F36D06D3F62
:10B1E000FF2B6F3FB48B703FE7E4713FFF36733F37
:10B1F0000381743FB2C3753F2D0E773F0071783FD6
:10B200002FEF793F88867B3FBE327D3F4FDF7E3F09
:10B210002D37803FE8E9803FD288813F0A16823F80
:10B2200047A1823F4350833F623C843F1D6B853F73
:10B230001EE1863FB299883F36758A3FB7528C3FF0
:10B24000F61F8E3F12CD8F3F9554913FDFB3923F53
:10B2500082E8933FD2FD943F2704963FA200973F98
:10B260001DFC973F9C0C993FF63E9A3F04929B3FF2
:10B2700018059D3FDE999E3FA457A03F5940A23F2D
:10B280008B4EA43F7F80A63FDDD9A83F798BAB3F93
:10B290005EEDAE3F4B30B33F205AB83FDD6ABE3F54
:10B2A0008262C53F0F41CD3F8506D63FE2B2DF3F08
:10B2B0002846EA3F85C9EF3FEE49823EFAF76F3EE6
:10B2C00007A94A3E2C292D3EA1C6163EC481053E43
:10B2D000CE72EE3D2009D53DE0F6BC3DD8ECA43D54
:10B2E000E1578A3DBB3F4F3D850DFB3CDC015F3C98
:10B2F000C03D543B685FBEBAB0204DBB0B866ABBF5
:10B3000063B273BB83E57CBB880C85BB72BB88BB17
:10B31000154683BB52E94FBB1C9294BA78F9FD3AAB
:10B32000FB75A13B4421DF3BCF2FF43BEC41F33BCA
:10B330000817EF3BCEF0EC3B5FE9F13B27D5073C2C
:10B34000A85D0D3CCC1BE83B3492AB3BD2258E3B39
:10B35000881E823BE40F633B472A353B5D10113B5F
:10B36000CF7D0E3BF5F82E3B267F473B3347503BC6
:10B37000B4836C3B6BAA8F3BDBE6AC3BEFDBC83B9B
:10B380005EC1E03B0024F23BDC77FD3B8678023C6B
:10B39000C23F053C2600093C24F30F3CF2941C3CC0
:10B3A000F276333C307E553CAEAC723C2EE8763CB7
:10B3B0000876613CAC5F403CA8DD1D3C8A44FF3B05
:10B3C00030F7D73B9354C63B6F39C03B7C45BE3BFF
:10B3D0005577BF3BE46CC33B99B4C93B025AD13BA0
:10B3E000439FD93B624FE23B4D4DEB3B0288F43B20
:10B3F0005E8FFD3B74E9023C6187063C04BD093C5D
:10B4000021A50C3C3ED90E3C48BE0F3C49F90E3CF0
:10B4100043930C3CCAC5083C5B70033CC93EF83BF7
:10B42000D8B3E53B6F64D03B8010B93BE9E09F3B6C
:10B4300019BA843BE1A64E3B4F900F3BF1DC9E3A9C
:10B440008B208A3997624ABA78E80DBB828883BB21
:10B45000A28BC2BB92AEF3BB49D409BCCEB413BC21
:10B460004BB816BCB6BD12BCCD7213BC57FE24BC83
:10B47000431F42BCD19C5ABC777D65BCA84B62BCC3
:10B480007B1C51BC1DD934BCA8C713BCAC1DE3BB8D
:10B49000BCC69CBBD45929BBA0C705BA2F04843AAB
:10B4A000F6D3DD3A3492C73A4A0E043A19C98CBA37
:10B4B0009ED727BB29356BBB8D2F88BB37BF8BBB76
:10B4C000CAEE83BB4B0073BB424C63BBCDB958BBC8
:10B4D000BB3253BB110B52BB613553BB04E753BBAB
:10B4E000B86352BB0C574EBBA31E48BB98C040BBB1
:10B4F000456839BB63E232BBF57A2DBB7F1629BBA9
:10B50000246325BB0AFD21BB62751EBB3F861ABBA7
:10B51000E93216BBD29511BB3DD80CBB186A08BBEB
:10B5200002BA04BB9BD901BBD473FFBAA08AFCBA90
:10B530008DEFF9BAAA13F6BAAC47F0BABA58E8BA1E
:10B540003C27DEBA713DD3BABB8ACBBA55ADC9BA76
:10B55000A0E0CDBA4229D8BA33E0E7BAFAB7F9BACF
:10B56000EB3D05BB5DF30CBB282714BB7FDC1ABB8E
:10B57000B7F020BB942426BB263B2ABBB3112DBBBE
:10B5800012A52EBB496B2FBBAC9030BB8CE632BBF7
:10B59000C58736BB17763BBBD6C741BBB7E149BBB6
:10B5A000080454BB531960BB3E1A6EBBAF377EBB59
:10B5B000383E89BBD57196BB19A6A6BBCCB9B9BB21
:10B5C000EDACCFBB7E7FE8BBBE1802BC756111BC81
:10B5D000E31922BC094234BC09B23DBC00000000A2
:10B5E000000000000000000000000000000000005B
:10B5F000000000000000000000000000000000004B
:10B600000000000061CE8137DA5E1D3883D67938BC
:10B610001627AB38EA62D9385EF30339B4781F399C
:10B620000AFE3A395F835639B50872397472873920
:10B63000C2B197390FF1A7395D30B839BE0AC9399F
:10B6400035DCDB39ACADEE3992BF003A77160B3AF8
:10B6500078BB153A7960203A7BD82B3A40B6373A16
:10B660000494433A679A503AF9BC5D3A83766B3A50
:10B67000CC017A3A1169843A507F8C3AF4B8943A02
:10B68000E6CC9D3A385DA73AA18DAF3AA6009D3A27
:10B69000ACAE7F3A3F2D423A1EE6273A96D2413A67
:10B6A000F2C66E3A550E7D3AF3166E3A02405F3A94
:10B6B0005AD4563A656A443A640A1F3ACAE3F339DF
:10B6C000CA8BE339C7EECA39CD55863908FFBF3674
:10B6D000C111ADB90FAC40BA52839FBA002DDEBA8A
:10B6E0008B2707BBAEA815BB67D71FBB9AB127BB7B
:10B6F000F00D2EBB8E7F30BB4F5131BB3B7B31BB3E
:10B7000049252FBBE7AE29BBEE9920BBFC1612BB27
:10B710001737F2BAABBBB5BAB90484BAB60976BA70
:10B7200025297BBAE80C84BA08AE88BA0E7785BAA8
:10B730002CB777BA5D0965BA390B54BAB85644BA12
:10B740004F4236BA67CC29BAA8881EBA5E6214BACC
:10B750004C2A0BBA28BF02BA01D3F5B96F55E7B925
:10B760002C36DAB9F742CEB91AAFC2B904ACB6B9C1
:10B770004FF2A9B942E79CB9A5C48FB991AF82B97C
:10B78000AB7D6BB93E2B52B990A039B9476021B956
:10B79000FAC008B95E56DFB87DC0AAB8F8F266B83C
:10B7A0005C3EE3B72E5A713669851A3816CF953844
:10B7B0001822E438A6011A39317426399A12A537AD
:10B7C000DE639EA2000000000000000000000000F8
:10B7D0000000000000000000000000000000000069
:10B7E000000000000000000000000000F84C3DB91F
:10B7F000A87FE5B96A2C36BA009979BAD2908EBA88
:10B800004AA086BA6BE784BA8C2E83BAAD7581BA2A
:10B810007F0D7DBAE18C6EBAEFA56ABAFEBE66BA3C
:10B820000CD862BA169B56BA1A8951BA1F774CBA0D
:10B83000246547BA33903EBA6A3038BAA1D031BADB
:10B84000EE702BBA42D722BA963D1ABA51ED12BA0F
:10B850001E2605BA5080FCB979BCD8B96A1CBBB9A0
:10B860008A05A0B9B2B979B9848B38B9C0A3DEB85A
:10B87000C8ED453A9443263C6C77C43C567C273D42
:10B88000F92B673DDD118B3D1A669F3D2E84B53D3A
:10B89000D0A2CF3D9F69EA3D86D0023EB2FD113E67
:10B8A0004630243E28A6373EA5B7483EA6505B3E0C
:10B8B000206C703E3A99843EA99B923ECFCDA13E2A
:10B8C000C4D2B13E10FFC13E5F5CD13E4937DF3E7E
:10B8D000C8BDEB3E6AF6F63E98A4003F8DF3043FE8
:10B8E000A5EB083F72C30C3FDC3D103FD278133FFD
:10B8F0008A73163F8512193FBAF41A3F6B901C3FAA
:10B900004C581E3F41FA203F22EB233F9908273F26
:10B91000E62B2A3F8E292D3F2B01303FEBD3323FC0
:10B92000F6A1353F0368383F9C263B3FC4DE3D3FD0
:10B930002A90403F4D3B433FAEDF453F1A7C483F96
:10B940008E0F4B3F5E9B4D3F4521503F10A1523F14
:10B950004317553F5380573FF6DA593FC3285C3FA2
:10B96000806A5E3F97A1603F66D0623F50F9643FB6
:10B970003B1D673FAD3A693FBF4F6B3F205C6D3F5A
:10B98000E65D6F3F4154713FC73E733F331A753FC9
:10B99000FBE4763F789E783F24417A3F3DD07B3F61
:10B9A0000A5F7D3F2C4E7F3F0000803F3D31023FCC
:10B9B0004728AF3ED33BBA3EFFA1B242CDEC834213
:10B9C00066436342868964444B54C0406858863F4E
:10B9D00097C3223EEF45933D6AC64A3D84AA003E86
:10B9E000A2718D3B5EE0343B56EAB43FF756C23F4E
:10B9F0007503C03F4C5038303334343800000000F9
:10BA00000000000000000000000000000000000036
:10BA10000000000000000000000000000000000026
:10BA20000000000000000000000000000000000016
:10BA30000000000060300220000400009B0D0B009D
:10BA4000450D0B0002000000000000004FE80B0055
:10BA500057E80B000000000000000000000000009C
:10BA60005FE80B0063E80B0067E80B006BE80B0076
:10BA70006FE80B0076E80B0075EC0B0080E80B001C
:10BA80000FE90B0016E90B00949B0B00000000006F
:10BA90000000000098BA0B0063EB0B0068EB0B0092
:10BAA00000000000AD100B000000000075EB0B0063
:10BAB0007AEB0B0000000000B5100B000000000046
:10BAC0000000000000000000000000000000000076
:10BAD0000000000050F00B0025F00B00E8BA0B004E
:10BAE0000000000000000000ECBA0B00202D0C004C
:10BAF0003CBB0B007C9F0B000D47090001010000BF
:10BB000035F00B003AF00B00809F0B004548090010
:10BB10000200000057F00B0061F00B000000000075
:10BB20001D460900000000000000000000000000A9
:10BB3000000000000000000000000000C40BD286DE
:10BB400082F00B00B3F00B0070F10B0075F10B00ED
:10BB50005CBB0B00000000000000000060BB0B009D
:10BB6000F04B0C0083F10B0000000000614909005C
:10BB70000000000093F10B0097F10B0000000000A3
:10BB8000894A0900000000000000000000000000D9
:10BB90000000000000000000000000001EF30B0089
:10BBA00025F30B00B0BB0B00CD4A090002020000D8
:10BBB000B4BB0B00E7F30B00ECF30B00000000003C
:10BBC000854B09000502000024F40B0029F40B004A
:10BBD00000000000654E09000201000000000000A6
:10BBE0000000000000000000000000000000000055
:10BBF00096F40B009AF40B0004BC0B00000000004C
:10BC00000000000008BC0B0041F50B00C3F40B0062
:10BC1000000000004D4F090000000000F1F40B008F
:10BC200002F50B00000000003D4F0900000000007D
:10BC30003BF50B0049F50B00000000002D4F0900FB
:10BC400000000000000000000000000000000000F4
:10BC50000000000000000000BE6302201E00000083
:10BC6000CF1A0B002C9B0B00981D02204C9A0B0046
:10BC700098BC0B00085602206400000084BC0B0036
:10BC8000C4550220F04202208000000000000000A5
:10BC9000C9100B00020000009B1D0B001056022073
:10BCA000BE6302201E00000031500900F1100B009D
:10BCB000E9100B00F9100B008D4F09000000000087
:10BCC0003BF90B0098F80B0000000000015F090031
:10BCD00001000000551C0B002D1C0B00EF1D0B007C
:10BCE0000000000000000000000000000000000054
:10BCF00019FA0B0020FA0B00000000001D6B090070
:10BD0000010000004AFA0B0051FA0B0068BD0B005D
:10BD10001D6C090001010000F6FA0B00FEFA0B0091
:10BD200000000000DD6A090001000000F40C0C00B6
:10BD30000FFB0B0094BD0B00000000000000000092
:10BD400035FB0B003BFB0B0000000000E96B09001A
:10BD50000100000049FB0B004DFB0B000000000040
:10BD6000BB1F0B00000000006CBD0B0070FB0B0044
:10BD700078FB0B00000000008D6A09000100000044
:10BD800000000000000000000000000000000000B3
:10BD90000000000098BD0B00BCFB0B00C5FB0B00B6
:10BDA00000000000896B090001000000E2FB0B00AD
:10BDB000F1FB0B0038BE0B0000000000000000008B
:10BDC000A1FC0B00A8FC0B0078BF0B0000000000DA
:10BDD00000000000BFFC0B00C5FC0B0038BF0B00CF
:10BDE0000000000000000000DCFC0B00E3FC0B0086
:10BDF000F8BE0B000000000000000000F2FC0B0089
:10BE0000F7FC0B00B8BE0B00396B09000101000004
:10BE10000AFD0B0010FD0B0078BE0B0000000000B7
:10BE20000000000000000000000000000000000012
:10BE300000000000000000003CBE0B0022FD0B00D3
:10BE40002CFD0B0000000000ED1F0B0001000000A6
:10BE500064FD0B006BFD0B00000000006F200B0069
:10BE600001000000000000000000000000000000D1
:10BE700000000000000000007CBE0B00A2FD0B00D3
:10BE8000A8FD0B0000000000BF1F0B000100000018
:10BE9000D6FD0B00DBFD0B0000000000B96A0900B5
:10BEA0000100000000000000000000000000000091
:10BEB0000000000000000000BCBE0B0080E80B008A
:10BEC00007FE0B000000000055200B0001000000E1
:10BED00046F50B0046FE0B000000000007200B009B
:10BEE0000100000000000000000000000000000051
:10BEF0000000000000000000FCBE0B0080E80B000A
:10BF000059FE0B0000000000CD6A0900010000008E
:10BF100046F50B0069FE0B0000000000E11F0B005E
:10BF20000100000000000000000000000000000010
:10BF300000000000000000003CBF0B0080E80B0088
:10BF400078FE0B00000000003B200B000100000009
:10BF500046F50B0090FE0B0000000000A3200B0034
:10BF600001000000000000000000000000000000D0
:10BF700000000000000000007CBF0B0080E80B0008
:10BF8000A7FE0B000000000021200B0001000000B4
:10BF900046F50B00BFFE0B000000000089200B00DF
:10BFA0000100000000000000000000000000000090
:10BFB000000000000000000000000220000000005F
:10BFC0000600010002000000CCBF0B0000000000D2
:10BFD00095040C0006000000E0CF170000000220CE
:10BFE0009D040C0021000000E0FF0320FCBF0B00BB
:10BFF000000000000000000000000000CD7E0900ED
:10C00000757E09009D7E0900617F09000000000027
:10C0100097220B000001012F00000000000000002B
:10C02000712A0B00B32A0B00E52B0B003F2A0B00F3
:10C03000EB2F0B00692F0B00552F0B00792F0B00F6
:10C040000DAD090011310B0037310B00BDAD0900FA
:10C050008C0C0C009C0C0C00A60C0C00B00C0C0002
:10C060006E0C0C00BB0C0C00C40C0C00C90C0C00BA
:10C07000D00C0C002E560C00DC0C0C00349C0B0079
:10C0800000000000000000008CC00B00F10D0C004F
:10C09000B4C00B00000000002D320B0000000000B7
:10C0A0000000000000000000000000000000000090
:10C0B00000000000C40BD286F70D0C0075EC0B00DD
:10C0C000C4C00B004E0E0C004CC10B000000000061
:10C0D00037320B0000000000540E0C0040C10B0072
:10C0E000000000003B320B00000000005C0E0C0062
:10C0F00034C10B00000000003F320B0000000000C4
:10C10000630E0C0028C10B000000000043320B003E
:10C11000000000000000000000000000000000001F
:10C120000000000000000000C40BD2866B0E0C0063
:10C1300075EC0B00C40BD2868A0E0C008C3C0C00F4
:10C14000C40BD286C60E0C0075EC0B00C40BD28655
:10C15000E50E0C00020F0C005CC10B0099110C00E5
:10C16000A4C10B0008C20B0000000000000000008A
:10C1700080160C0098C10B00B0C10B00000000003D
:10C1800000000000000000000000000000000000AF
:10C190000000000000000000C40BD286D7110C0084
:10C1A00075EC0B00C40BD286F0110C0075EC0B0083
:10C1B000B4C10B0011120C00FCC10B000000000008
:10C1C000B9B509000200000017120C00F0C10B0005
:10C1D0000000000047320B000200000000000000D9
:10C1E000000000000000000000000000000000004F
:10C1F000C40BD2861C120C008C3C0C00C40BD286E3
:10C200004E120C008C3C0C000CC20B0011120C00E6
:10C2100074C20B0000000000E5B509000300000037
:10C2200017120C0068C20B00000000004B320B001C
:10C230000200000081120C005CC20B000000000034
:10C240004F320B0001010000000000000000000060
:10C25000000000000000000000000000C40BD286B7
:10C2600088120C008C3C0C00C40BD286B8120C0057
:10C270008C3C0C00C40BD286EA120C001D130C007F
:10C2800084C20B0080160C00ACC20B00B8C20B00BD
:10C29000000000000000000000000000000000009E
:10C2A000000000000000000000000000C40BD28667
:10C2B000A5130C0075EC0B00BCC20B0011120C0096
:10C2C00004C30B000000000011B6090002000000CA
:10C2D00017120C00F8C20B000000000053320B00D4
:10C2E000020000000000000000000000000000004C
:10C2F0000000000000000000C40BD286BE130C003A
:10C300008C3C0C00C40BD286F0130C008C3C0C004F
:10C3100014C30B00A4140C00BCC30B0000000000ED
:10C320005F320B0000000000AB140C00B0C30B0028
:10C33000000000003DB6090000000000D8140C0009
:10C34000A4C30B000000000057320B0000000000E7
:10C35000202D0C0098C30B000000000069B60900F6
:10C3600000000000B2140C008CC30B0000000000A1
:10C3700063320B000000000000000000000000001D
:10C38000000000000000000000000000C40BD28686
:10C39000BA140C00DE140C00C40BD286F4140C008A
:10C3A00075EC0B00C40BD28613150C0052150C0053
:10C3B000C40BD28669150C0075EC0B00C40BD28639
:10C3C00085150C0099150C00CCC30B0046F50B002D
:10C3D00014C40B000000000095B609000000000026
:10C3E00080E80B0008C40B000000000067320B005F
:10C3F000000000000000000000000000000000003D
:10C400000000000000000000C40BD28639160C00AA
:10C4100075EC0B00C40BD2865B160C0075EC0B00A0
:10C4200024C40B00924E0C00ECC50B000000000071
:10C43000DDB6090004020000A64E0C00E0C50B00AA
:10C44000000000009F320B000100000081120C0070
:10C45000D4C50B00000000009B320B00010000005F
:10C46000B1160C00C8C50B000000000097320B008D
:10C4700001000000C4480C00BCC50B000000000017
:10C4800093320B0001020000B5160C00B0C50B0082
:10C49000000000008F320B0002000000B8160C00F4
:10C4A000A4C50B00000000008B320B00020000004E
:10C4B000BE160C0098C50B000000000087320B0070
:10C4C00002000000C4160C008CC50B000000000028
:10C4D00083320B000300000077EB0B0080C50B00DC
:10C4E000000000007F320B000200000093F10B00FF
:10C4F00074C50B00000000007B320B00020000003E
:10C50000CB160C0068C50B000000000077320B0052
:10C5100002000000CF160C005CC50B0000000000FC
:10C5200073320B0002000000D5060C0050C50B0052
:10C53000000000006F320B0002000000000000004D
:10C5400000000000000000000000000000000000EB
:10C55000C40BD286D6160C00EC160C00C40BD28687
:10C56000FB160C000A170C00C40BD28616170C0021
:10C570000A170C00C40BD28627170C000A170C00F0
:10C58000C40BD2863A170C000A170C00C40BD286D3
:10C5900049170C0058170C00C40BD2866E170C00FC
:10C5A00080170C00C40BD2868B170C0080170C0070
:10C5B000C40BD2869D170C00B7170C00C40BD28693
:10C5C000BE170C00E5170C00C40BD286F8170C0040
:10C5D00075EC0B00C40BD28611180C0075EC0B0027
:10C5E000C40BD2862A180C0075EC0B00C40BD28643
:10C5F00046180C005D180C00FCC50B00F8180C0068
:10C6000024C60B000000000009B70900000000006C
:10C61000000000000000000000000000000000001A
:10C6200000000000C40BD286D1180C00FD180C00CD
:10C6300034C60B00AD1D0C00DCC60B00849F0B0044
:10C64000C5BC09000000000071450C00D0C60B00FD
:10C65000849F0B005DBD090000000000D6FD0B00AB
:10C66000C4C60B00849F0B0069BE090000000000D7
:10C67000DA1C0C00B8C60B00849F0B0061B70900E0
:10C680000000000070FB0B00ACC60B00849F0B0089
:10C69000D9BD0900000000000000000000000000FB
:10C6A000000000000000000000000000C40BD28663
:10C6B000E21C0C00111D0C00C40BD2861B1D0C00CB
:10C6C000461D0C00C40BD286541D0C008C3C0C0083
:10C6D000C40BD286781D0C008C3C0C00C40BD28697
:10C6E000951D0C008C3C0C00ECC60B0081120C005C
:10C6F00014C80B00000000009DC3090001020000E7
:10C700009A250C0008C80B000000000015C40900A1
:10C7100001020000A1250C00FCC70B000000000076
:10C72000C5C4090001020000924E0C00F0C70B00C6
:10C730000000000075C5090001020000A64E0C00B3
:10C74000E4C70B000000000065C6090001020000FC
:10C75000AD1D0C00D8C70B000000000055C7090034
:10C760000102000071450C00CCC70B000000000066
:10C7700021C8090001020000A7250C00C0C70B005A
:10C7800000000000FDC8090001050000AC250C00F8
:10C79000B4C70B0000000000C5CB09000104000075
:10C7A0000000000000000000000000000000000089
:10C7B00000000000C40BD286B4250C00E9250C0053
:10C7C000C40BD28604260C0034260C00C40BD2867F
:10C7D00056260C007F260C00C40BD28688260C003F
:10C7E0007F260C00C40BD286AF260C007F260C00DF
:10C7F000C40BD286D3260C007F260C00C40BD28635
:10C80000F4260C007F260C00C40BD28614270C00E3
:10C810007F260C00C40BD28634270C007F260C0028
:10C8200000230C00000000000B230C00010000009E
:10C830001B230C00020000003CC80B00932B0C00D3
:10C84000A4C80B0000000000D9CE090000000000C1
:10C85000972B0C0098C80B000000000035D0090091
:10C86000000000009B2B0C008CC80B000000000097
:10C8700049CE090000000000000000000000000098
:10C88000000000000000000000000000C40BD28681
:10C89000A32B0C00C72B0C00C40BD286DC2B0C0086
:10C8A0002A2A0C00C40BD286032C0C00252C0C0069
:10C8B000B4C80B00932B0C001CC90B000000000037
:10C8C00065D3090000000000972B0C0010C90B0075
:10C8D0000000000007330B0000000000F1530C00C3
:10C8E00004C90B00000000002DD309000000000067
:10C8F0000000000000000000000000000000000038
:10C9000000000000C40BD286F92C0C00252D0C0071
:10C91000C40BD286DC2B0C002A2A0C00C40BD28656
:10C92000032C0C002A2A0C002CC90B0077EB0B00FF
:10C9300054C90B000000000071D409000000000081
:10C9400000000000000000000000000000000000E7
:10C9500000000000C40BD286EE2E0C00322A0C0020
:10C9600064C90B00965F0C008CC90B00000000002E
:10C9700011D50900000000000000000000000000C8
:10C98000000000000000000000000000C40BD28680
:10C990000C300C0041300C009CC90B0039F90B0025
:10C9A000C4C90B000000000045D9090000000000C8
:10C9B0000000000000000000000000000000000077
:10C9C00000000000C40BD28678310C009E310C00B0
:10C9D000D4C90B00F10D0C00FCC90B0000000000D5
:10C9E00045330B00000000000000000000000000C4
:10C9F000000000000000000000000000C40BD28610
:10CA000054320C0075EC0B000CCA0B00965F0C0046
:10CA100054CA0B0000000000A1DB09000000000068
:10CA200081120C0048CA0B000000000075DB0900F1
:10CA300000000000000000000000000000000000F6
:10CA40000000000000000000C40BD286CB320C00B6
:10CA500075EC0B00C40BD286E8320C008C3C0C0049
:10CA600064CA0B00932B0C00ACCA0B000000000042
:10CA70004DDC090000000000972B0C00A0CA0B0041
:10CA80000000000015DC09000000000000000000AC
:10CA90000000000000000000000000000000000096
:10CAA000C40BD28623340C0048340C00C40BD2864D
:10CAB0005E340C0080340C00BCCA0B00601F0C00FC
:10CAC00004CB0B0000000000C5DC090000000000E2
:10CAD000A81C0C00F8CA0B00889F0B004F330B00FA
:10CAE0000000000000000000000000000000000046
:10CAF0000000000000000000C40BD2864F350C007F
:10CB00008B350C00C40BD286AD360C00E0360C0021
:10CB100014CB0B00924E0C009CCB0B0000000000CD
:10CB20009DDD09000000000076370C0090CB0B0063
:10CB3000000000005B330B00000000007B370C009E
:10CB400084CB0B00000000005F330B0000000000EE
:10CB500080370C0078CB0B000000000063330B0023
:10CB600000000000000000000000000000000000C5
:10CB70000000000000000000C40BD28686370C00C5
:10CB800075EC0B00C40BD2869C370C0075EC0B00C7
:10CB9000C40BD286B4370C00D1370C00C40BD2863C
:10CBA000D8370C00ED370C00ACCB0B00E0390C0093
:10CBB00014CC0B0000000000A5E0090000000000FC
:10CBC00080370C0008CC0B000000000079DE090063
:10CBD0000000000076370C00FCCB0B0000000000CA
:10CBE000D1DE09000000000000000000000000008D
:10CBF000000000000000000000000000C40BD2860E
:10CC0000403A0C00633A0C00C40BD2867B3A0C000D
:10CC100075EC0B00C40BD286983A0C00B03A0C00AD
:10CC200024CC0B00223B0C008CCC0B00000000003D
:10CC30006B330B0003000000293B0C0080CC0B0081
:10CC4000000000006F330B0002000000D6FD0B0057
:10CC500074CC0B000000000041E20900010100005B
:10CC600000000000000000000000000000000000C4
:10CC700000000000C40BD286303B0C0075EC0B00AA
:10CC8000C40BD286533B0C00853B0C00C40BD286F0
:10CC9000A13B0C00D13B0C009CCC0B00932B0C0057
:10CCA000E4CC0B000000000073330B000300000015
:10CCB000972B0C00D8CC0B000000000077330B0042
:10CCC0000200000000000000000000000000000062
:10CCD0000000000000000000C40BD2862D3C0C00B8
:10CCE000593C0C00C40BD2865F3C0C00863C0C0007
:10CCF000F4CC0B005C0E0C007CCD0B00000000009F
:10CD00007B330B0003000000703D0C0070CD0B0066
:10CD1000000000007F330B00080000007B3D0C008A
:10CD200064CD0B000000000083330B000500000001
:10CD3000823D0C0058CD0B000000000087330B0033
:10CD400002000000000000000000000000000000E1
:10CD50000000000000000000C40BD2868B3D0C00D8
:10CD60008C3C0C00C40BD2869B3D0C00AC3D0C00EF
:10CD7000C40BD286D43D0C00EA3D0C00C40BD28615
:10CD8000593E0C00643E0C008CCD0B00932B0C0024
:10CD900054CE0B00000000008B330B000109000093
:10CDA000972B0C0048CE0B00000000008F330B00C7
:10CDB00001040000253F0C003CCE0B0000000000E9
:10CDC00093330B0001010000D6FD0B0030CE0B00A9
:10CDD00000000000F9E20900010100004E0E0C0005
:10CDE00024CE0B000000000097330B000107000069
:10CDF0000AFD0B0018CE0B000000000025E309001F
:10CE00000101000000000000000000000000000020
:10CE10000000000000000000C40BD2862F3F0C0071
:10CE2000A93F0C00C40BD286B13F0C00D33F0C00CD
:10CE3000C40BD2863A400C00C5400C00C40BD2860D
:10CE4000CC400C0075EC0B00C40BD286ED400C00FE
:10CE500022410C00C40BD28637410C0069410C0002
:10CE6000010000008D390B006B380B003B380B00C4
:10CE7000020000004D390B00AD380B00D5380B0017
:10CE800003000000DF380B00B9390B00020000007E
:10CE900097380B00000000000100000019380B005B
:10CEA000E5370B0003000000633D0B0000000000AD
:10CEB00003000000313E0B00013E0B00813D0B00E2
:10CEC00028480C0030480C00BC530C003B480C00B8
:10CED0004A480C0052480C00F1190C00FFFFFFFFFC
:10CEE0000000000008C00B00F4CE0B008000000022
:10CEF000000000009821032008C00B0008CF0B00A1
:10CF00008000000000000000582B0320E000000219
:10CF1000E00000017A4E0C00864E0C009A4E0C0088
:10CF2000593C0A003D3D0A000000000030CF0B00D4
:10CF3000010000009F4F0C00D53E0A00FD3D0A0095
:10CF4000A54F0C0077630B0069630B00AB4F0C001F
:10CF500054CF0B000100000008500C0000A010404E
:10CF600000820D40000405407F000000FFFF01002B
:10CF7000FF07000078CF0B0001000000AB500C0051
:10CF80007F00000000A01040C81D0220000000002B
:10CF90000000000098CF0B0001000000B1500C0011
:10CFA000FFFF010000820D40401E02200000000033
:10CFB00001000000B8CF0B0001000000B7500C00CA
:10CFC000FF07000000040540000000000000000012
:10CFD000020000008C8A0B0004D00B00010000004E
:10CFE000648A0B00ECCF0B00030000000C00000073
:10CFF000000016000D0000000000160000000000F8
:10D00000000016000600000000001A0010D00B00FF
:10D0100001000000F0510C0000700C4024D00B0007
:10D02000020000003CD00B000200000034D00B00D6
:10D03000020100002E80000C2B80000B2E06000C3D
:10D040002B06000B48D00B000100000088520C009A
:10D05000548B0B006B00000000000000000000007B
:10D060000003000068D00B000100000069550C00AF
:10D07000BC8C0B000000000034D10B00F8D00B007A
:10D08000CCD00B0000000000A0D00B0080D10B0022
:10D09000070000006400F4018813E80300000000AA
:10D0A000B0520C00BCD00B000100000084D20B0079
:10D0B0000100000091670B000A000000D4520C0030
:10D0C000090000000CD20B0001000000DE520C0031
:10D0D000E8D00B000100000020D20B00050000008A
:10D0E00091670B003C000000FE520C000B0000009A
:10D0F00098D20B00010000000A530C0014D10B0061
:10D100000200000084D20B000100000091670B00B8
:10D110000A0000002D530C000A000000ACD20B00E6
:10D120000100000038530C0009000000ACD20B00D5
:10D130000100000042530C0050D10B00030000001E
:10D1400084D20B000100000091670B000A00000070
:10D1500062530C0004000000ACD20B000100000080
:10D1600067530C000A000000ACD20B000100000065
:10D1700072530C0011000000ACD20B000100000043
:10D1800084530C0007000000D6190C0001000000B9
:10D190000D620A008C530C0008000000D6190C0028
:10D1A000010000000D620A0095530C000800000009
:10D1B000D6190C00010000000D620A009E530C00FD
:10D1C00007000000D6190C000100000085620A006B
:10D1D000A6530C000700000075EC0B0000000000D7
:10D1E00021690B00AE530C000500000075EC0B002C
:10D1F0000000000021690B00AA530C00030000008E
:10D2000075EC0B000000000021690B00B4530C000A
:10D210000C00000075EC0B00000000000000000096
:10D22000BDDC0B000500000075EC0B0000000000E9
:10D2300000000000C1530C000400000075EC0B005E
:10D240000000000000000000C6530C0009000000B0
:10D2500075EC0B000000000000000000D0530C0033
:10D260000A00000075EC0B00000000000000000048
:10D27000DB530C000B00000075EC0B0000000000FD
:10D2800000000000BDDC0B000500000075EC0B0089
:10D29000000000000000000013230C000700000045
:10D2A00075EC0B00000000000000000065480C0059
:10D2B0000200000075EC0B00000000000000000000
:10D2C00049560C00DCD20B000200000038D30B00E2
:10D2D0000100000091670B000200000065560C0081
:10D2E000070000004CD30B000100000075EC0B00A0
:10D2F0000000000074D30B00010000006D560C000C
:10D3000018D30B000200000038D30B00010000000E
:10D3100091670B000200000088560C000600000018
:10D3200060D30B000100000075EC0B000000000052
:10D3300074D30B0001000000BDDC0B0005000000F1
:10D3400075EC0B0000000000000000008F560C0080
:10D3500007000000D6190C00010000003F670B0019
:10D3600097560C0006000000D6190C0001000000C2
:10D3700027670B0065480C000200000075EC0B00ED
:10D38000000000000000000000A0104000820D40DE
:10D39000000405407F000000FFFF0100FF070000C0
:10D3A000A4D30B00010000000E570C00648A0B0090
:10D3B00001000000A086010020A10700C0D30B00DF
:10D3C0000100000030570C0000000080FFFFFF7FCD
:10D3D000A05A320000000080FFFFFF7F00000080A5
:10D3E0000000000000000000AD610C0001020A0016
:10D3F0007C8B0B000002000000000000FF00FF001B
:10D40000FF00FF00000000000CD40B000100000032
:10D410003F570C0040771B0040771B000000008046
:10D4200000000080FFFFFF7F000000800000000080
:10D4300000000000AE610C0000FF09007C8B0B00B7
:10D440000001000000000000FF00FF00FF00FF00DF
:10D450000000000058D40B00010000004E570C00E3
:10D4600040771B0040771B00000000800000008018
:10D47000FFFFFF7F000000800000000000000000B0
:10D48000AE610C0000FF09007C8B0B000000000067
:10D4900000000000FF00FF00FF00FF000000000090
:10D4A000A4D40B00000000007C8B0B0000000000E7
:10D4B000000000000000000000000000000000006C
:10D4C000000000000000000000000000000000005C
:10D4D00000000000D8D40B000100000056570C00DB
:10D4E000E4D40B0001000000B7570C00F0D40B008F
:10D4F0000100000011580C007C8B0B00401640000E
:10D5000040164000E067350050C3000000000300F3
:10D5100000093D0050C3000004000D00B84C0A0093
:10D52000007D0000D0070000100090017000000096
:10D530006400000040420F000100000060E316009C
:10D540000000000000000000C8AF0000C8AF0000ED
:10D55000FFFFFF7FFFFFFF7F102700006B0D010023
:10D5600000010000A0860100A086010001000F005C
:10D5700074D50B000100000093580C0000401040CF
:10D580000000000000000000A0D50B000024F40003
:10D59000D7790220D2790220D1790220D0790220D5
:10D5A00000401040ACD50B0002000000CCD50B00B1
:10D5B00004000000BCD50B00040100000080000046
:10D5C00001800001028000020380000300000000CF
:10D5D000020000020106000103060003E0D50B0073
:10D5E00001000000A0580C0000600C40000000008A
:10D5F000000000000CD60B000024F400E6790220A5
:10D60000E1790220E0790220DF79022000600C40FD
:10D6100018D60B000200000038D60B0004000000F2
:10D6200028D60B00040100002480000025800001A2
:10D63000268000022780000324000000260000024C
:10D6400025060001270600034CD60B000100000050
:10D65000F9580C0000A0104000820D400004054065
:10D660007F000000FFFF0100FF070000080000002E
:10D6700002000000040000000100000000A01040B3
:10D6800000820D40000405407F000000FFFF010004
:10D69000FF07000000A0104000820D40000405407C
:10D6A0007F000000FFFF0100FF070000DC5D0C00B1
:10D6B000EA5D0C00FE5D0C000D5E0C00195E0C00B6
:10D6C000A4880B00B4880B001C890B0024890B0074
:10D6D000D4890B00EC890B008C5F0C000100050065
:10D6E000A75F0C0002000700925F0C000400080016
:10D6F000C3070C000800040076E80B0010000900C6
:10D700009B5F0C0020000800A45F0C0040000A0092
:10D71000AF5F0C00800006000D610C0000010000EE
:10D720008813000068010000000000006410B71DAD
:10D73000C8206E3BAC30D9269041DC76F4516B6B3F
:10D740005861B24D3C7105502083B8ED44930FF001
:10D75000E8A3D6D68CB361CBB0C2649BD4D2D386B7
:10D7600078E20AA01CF2BDBD0000803F0000803FAF
:10D77000BD378635000000000000000000000000FA
:10D7800000000000BD3786350000000000000000EA
:10D79000000000000000000077CC2B3200000000E9
:10D7A00000000000000000000000000017B7513921
:10D7B000A69B443B6F12833A000048420000F041B0
:10D7C0003333733F6666A63F01000000CDCC4C3E6C
:10D7D000000020410000C8420000C8420000C07F95
:10D7E0000000000000000000000048420000A041CE
:10D7F0000000003F0000803E000000410000704239
:10D800000000C03F6666663F3333733F3333333FB8
:10D810000000000000000000000000000000000008
:10D8200000000040955969595555545515555556A0
:10D830000405154110545540455155444045504448
:10D840005055554500400040400444966555565596
:10D8500045404554514115405591555555554051F8
:10D8600005010000544554544555050400100410AA
:10D8700014044000000001405555154154040000B7
:10D880004400010000000040410000445044455065
:10D8900054005555545565510040004001000001A9
:10D8A00000050100115451515455550500154150C2
:10D8B000000004401001040500000000D1F71737F4
:10D8C000D1F717B78071313F807131BF0000003F41
:10D8D000000000BF54009F017A6275735F63686146
:10D8E0006E5F707562206D61696E5F6368616E2C3A
:10D8F000206572726F723A20256400574553545F59
:10D90000544F504449522F70726F6A6563742F618F
:10D9100070706C69636174696F6E732F39336D3128
:10D920005F61742F7372632F6D61696E2E630041A6
:10D930005353455254494F4E204641494C204020B4
:10D9400025733A25640A007A6275735F6368616EB5
:10D950005F707562206C6F636174696F6E5F63687E
:10D96000616E2C206572726F723A202564006261CC
:10D9700074746572795F70657263656E745F6765F4
:10D98000742C206572726F723A202564007A627579
:10D99000735F6368616E5F70756220636C6F75643E
:10D9A0005F6368616E2C206572726F723A20256425
:10D9B000006B5F776F726B5F726573636865647528
:10D9C0006C652074656C656D657472795F74696DE2
:10D9D00065722C206572726F723A20256400556E54
:10D9E00068616E646C6564206D6573736167652042
:10D9F000696E20636F6E6E65637465642073746115
:10DA000074652E007A6275735F6368616E5F70750E
:10DA10006220626174746572795F6368616E2C2044
:10DA20006572726F723A202564006B5F776F726B5C
:10DA30005F72657363686564756C652073616D7092
:10DA40006C655F74696D65722C206572726F723AD5
:10DA5000202564004D61696E207761746368646F8E
:10DA60006720657870697265642C206368616E6EEA
:10DA7000656C3A2025642C207468726561643A20D4
:10DA8000257300436F6E6E65637465640074617323
:10DA90006B5F7764745F696E69742C206572726F56
:10DAA000723A20256400574553545F544F504449FF
:10DAB000522F7A65706879722F696E636C75646530
:10DAC0002F7A65706879722F6B65726E656C2E683F
:10DAD000007461736B5F7764745F6164642C2065AC
:10DAE00072726F723A202564007461736B5F7764A1
:10DAF000745F666565642C206572726F723A2025CA
:10DB000064007A6275735F7375625F776169745FD1
:10DB10006D73672C206572726F723A2025640073F2
:10DB20006D665F72756E5F73746174652C206572CB
:10DB3000726F723A2025640041542B4350534D5369
:10DB40003D312C2C2C223030313030303031222CF1
:10DB50002230303030313031302200636F6E6669F0
:10DB6000677572655F70736D2C206572726F723AA3
:10DB7000202564004661696C656420746F206164CF
:10DB800064207461736B20746F20776174636864C0
:10DB90006F673A20256400574553545F544F5044F3
:10DBA00049522F70726F6A6563742F6170706C696F
:10DBB000636174696F6E732F39336D315F61742FD8
:10DBC0007372632F6D6F64756C65732F6E657477F8
:10DBD0006F726B2F6E6574776F726B2E63007A6253
:10DBE00075735F6368616E5F7075622C2065727219
:10DBF0006F723A20256400736D665F72756E5F7395
:10DC00007461746528292C206572726F723A202520
:10DC10006400636F6E6E5F6D67725F616C6C5F69ED
:10DC2000665F646F776E2C206572726F723A202582
:10DC30006400636F6E6E5F6D67725F616C6C5F69CD
:10DC4000665F75702C206572726F723A20256400D1
:10DC5000636F6E6E5F6D67725F616C6C5F69665F4C
:10DC6000636F6E6E6563742C206572726F723A20FA
:10DC70002564004E6574776F726B207761746368FA
:10DC8000646F6720657870697265642C20636861D1
:10DC90006E6E656C3A2025642C2074687265616430
:10DCA0003A202573004E45545F4556454E545F4318
:10DCB0004F4E4E5F49465F464154414C5F4552527C
:10DCC0004F52006E6574776F726B5F6D6F64756C29
:10DCD000655F746872656164006E6574776F726BFE
:10DCE00000436F415020726573706F6E73653A2008
:10DCF000342E303120556E617574686F72697A65A3
:10DD0000642028646576696365206D6179206E6F93
:10DD100074206265206F6E626F6172646564207446
:10DD20006F206E524620436C6F7564290052455334
:10DD3000504F4E534500342E3031000D006D6F644E
:10DD4000656D5F636861745F696E69742C206572CC
:10DD5000726F723A20256400574553545F544F50F8
:10DD60004449522F70726F6A6563742F6170706CD2
:10DD700069636174696F6E732F39336D315F6174DC
:10DD80002F7372632F6D6F64756C65732F6D6F6485
:10DD9000656D5F61742F6D6F64656D5F61742E6377
:10DDA0000054696D6564206F7574207761697469CA
:10DDB0006E6720666F722041542070697065206123
:10DDC0006674657220257573002B434D45204552BE
:10DDD000524F523A002B434D53204552524F523A24
:10DDE00000254E5246434C4F55444C4F43415449F5
:10DDF0004F4E3A200025434F41503A20006D6F644A
:10DE0000656D5F617400436C6F7564207761746346
:10DE100068646F6720657870697265642C20636838
:10DE2000616E6E656C3A2025642C207468726561A1
:10DE3000643A20257300574553545F544F5044496A
:10DE4000522F70726F6A6563742F6170706C6963B2
:10DE50006174696F6E732F39336D315F61742F7325
:10DE600072632F6D6F64756C65732F636C6F75646F
:10DE70002F636C6F75642E6300415425254E524606
:10DE8000434C4F55444D4553534147453D7B2261DB
:10DE900070704964223A2242415454455259222C0E
:10DEA000226D65737361676554797065223A224407
:10DEB000415441222C2264617461223A2225642259
:10DEC0007D006D6F64656D5F61745F72756E2C208F
:10DED0006572726F723A20256400426174746572D3
:10DEE000792070657263656E746167652072657014
:10DEF0006F727465643A2025642525004661696C5B
:10DF0000656420746F2073656E742062617474653B
:10DF1000727920646174612C206E6574776F726B06
:10DF200020697320646F776E3F00556E68616E6480
:10DF30006C6564206D65737361676520696E20632D
:10DF40006C6F75642074687265616400636C6F75D2
:10DF5000645F74696400636C6F75640075736167F6
:10DF6000653A206D6F64656D20617420223C636F9B
:10DF70006D6D616E643E220A004F4B0A006D6F6446
:10DF8000656D206973206E6F742072656164790A13
:10DF9000004154207069706520627573790A0041F0
:10DFA0005420636F6D6D616E64206661696C656499
:10DFB00020282564290A004D6F64656D20636F6D0C
:10DFC0006D616E64730053656E6420415420636F0D
:10DFD0006D6D616E643A206D6F64656D20617420B3
:10DFE000223C636F6D6D616E643E22004C6F636115
:10DFF00074696F6E207761746368646F67206578F9
:10E0000070697265642C206368616E6E656C3A207D
:10E0100025642C207468726561643A20257300576A
:10E020004553545F544F504449522F70726F6A6584
:10E0300063742F6170706C69636174696F6E732FA4
:10E0400039336D315F61742F7372632F6D6F647537
:10E050006C65732F6C6F636174696F6E2F6C6F6387
:10E060006174696F6E2E630053696E676C652D6312
:10E07000656C6C004D756C746963656C6C005769F8
:10E080002D4669004C6F636174696F6E3A20257389
:10E090002C257320556E6365727461696E74793ACC
:10E0A0002025736D204D6574686F643A20257300D8
:10E0B0004E5246434C4F55444C4F434154494F4EAA
:10E0C00020555243207769746820756E65787065B5
:10E0D0006374656420666F726D6174004661696C7B
:10E0E000656420746F207375627363726962652062
:10E0F000746F2025254E5246434C4F55444C4F4398
:10E100004154494F4E205552433A20256400415412
:10E1100025254E5246434C4F55444C4F434154499C
:10E120004F4E3D25642C31004661696C6564207456
:10E130006F2072657175657374206C6F63617469AB
:10E140006F6E2C206E6574776F726B20697320641C
:10E150006F776E3F00556E68616E646C6564206D0C
:10E1600065737361676520696E206C6F63617469A4
:10E170006F6E20746872656164006C6F63617469AE
:10E180006F6E5F74696400426174746572792077A0
:10E1900061746368646F6720657870697265642C68
:10E1A000206368616E6E656C3A2025642C2074686B
:10E1B000726561643A20257300574553545F544F8C
:10E1C000504449522F70726F6A6563742F6170708A
:10E1D0006C69636174696F6E732F39336D315F6180
:10E1E000742F7372632F6D6F64756C65732F62612A
:10E1F00074746572792F626174746572792E63002C
:10E200004368617267657220646576696365206E34
:10E210006F7420726561647900726561645F736513
:10E220006E736F72732C206572726F723A20256460
:10E23000006E72665F6675656C5F67617567655FC6
:10E24000696E69742C206572726F723A20256400C1
:10E250006E72665F6675656C5F67617567655F7036
:10E26000726F636573732C206572726F723A20252A
:10E2700064006675656C5F67617567655F7365747B
:10E2800075702C206572726F723A202564006E7270
:10E29000665F6675656C5F67617567655F657874F5
:10E2A0005F73746174655F7570646174652C20655B
:10E2B00072726F723A202564007570646174655FD4
:10E2C0006368617267655F73746174652C20657241
:10E2D000726F723A20256400626174746572795FAE
:10E2E00073616D706C652C206572726F723A2025B7
:10E2F0006400556E68616E646C6564206D6573734F
:10E3000061676520696E206261747465727920743A
:10E31000687265616400626174746572795F7469C2
:10E32000640062617474657279006865617020636D
:10E330006F7272757074696F6E20286672656520E1
:10E340006C697374206C696E6B6167652900686520
:10E35000617020636F7272757074696F6E202866C9
:10E36000726565206368756E6B206C696E6B6167A2
:10E370006529006865617020636F727275707469D9
:10E380006F6E20286E6F7420696E207573653F294B
:10E39000206174202570006865617020636F72725F
:10E3A000757074696F6E2028627566666572206F7D
:10E3B000766572666C6F773F292061742025700046
:10E3C0006865617020636F7272757074696F6E201A
:10E3D000286C656674206E65696768626F723F2994
:10E3E000206174202570006865617020636F72720F
:10E3F000757074696F6E2028646F75626C65206635
:10E400007265653F2920617420257000574553547B
:10E410005F544F504449522F7A65706879722F6C5F
:10E4200069622F686561702F686561702E63006F87
:10E43000735F6865617000574553545F544F504493
:10E4400049522F7A65706879722F6C69622F6F73E9
:10E450002F63627072696E74665F7061636B61676F
:10E4600065642E630028756E7369676E6564292084
:10E4700063686172202A207573656420666F72205C
:10E4800025257020617267756D656E742E20497444
:10E490002773207265636F6D6D656E6465642074AB
:10E4A0006F206361737420697420746F20766F69C4
:10E4B00064202A2062656361757365206974206D2C
:10E4C0006179206361757365206D69736265686148
:10E4D00076696F7220696E206365727461696E205F
:10E4E000636F6E66696775726174696F6E732E20F3
:10E4F000537472696E673A222573222061726775C0
:10E500006D656E743A25640063627072696E74663C
:10E510005F7061636B61676500574553545F544F8B
:10E52000504449522F7A65706879722F696E636C16
:10E530007564652F7A65706879722F7379732F749B
:10E54000696D657574696C2E6800574553545F5446
:10E550004F504449522F7A65706879722F6C696206
:10E560002F6F732F636C6F636B2E6300574553548B
:10E570005F544F504449522F7A65706879722F6901
:10E580006E636C7564652F7A65706879722F73702D
:10E59000696E6C6F636B2E6800574553545F544F20
:10E5A000504449522F7A65706879722F6C69622FD6
:10E5B0006F732F6D7073635F706275662E630046B4
:10E5C00061696C656420746F207265626F6F743A64
:10E5D000207370696E6E696E6720656E646C65731A
:10E5E000736C792E2E2E0A00574553545F544F50AA
:10E5F0004449522F7A65706879722F6C69622F7561
:10E6000074696C732F74696D657574696C2E630021
:10E610007379735F6765746F707400574553545F07
:10E62000544F504449522F7A65706879722F6C6943
:10E63000622F7574696C732F6F6E6F66662E630040
:10E64000574553545F544F504449522F7A65706870
:10E6500079722F6C69622F7574696C732F6E6F7489
:10E660006966792E6300574553545F544F504449AF
:10E67000522F7A65706879722F6C69622F75746990
:10E680006C732F72696E675F6275666665722E6362
:10E6900000574553545F544F504449522F7A657088
:10E6A0006879722F696E636C7564652F7A6570681E
:10E6B00079722F6C6F6767696E672F6C6F675F6227
:10E6C00061636B656E642E68006C6F6767696E6767
:10E6D00000574553545F544F504449522F7A657048
:10E6E0006879722F7375627379732F6C6F676769BE
:10E6F0006E672F6C6F675F636F72652E63006C6F60
:10E700006700574553545F544F504449522F7A6520
:10E71000706879722F7375627379732F6C6F676786
:10E72000696E672F6C6F675F6D676D742E63006C29
:10E730006F675F6D676D74004D657373616765200A
:10E740002822257322292064726F7070656420620C
:10E7500065636175736520697420657863656564B8
:10E76000732073697A65206C696D69746174696F6F
:10E770006E202825752900574553545F544F504447
:10E7800049522F7A65706879722F73756273797345
:10E790002F6C6F6767696E672F6C6F675F6D73674C
:10E7A0002E63004D6573736167652064726F7070CE
:10E7B000656420626563617573652069742065789E
:10E7C00063656564732073697A65206C696D69742B
:10E7D0006174696F6E202825752900574553545F71
:10E7E000544F504449522F7A65706879722F73756F
:10E7F000627379732F6C6F6767696E672F6C6F67D1
:10E800005F6F75747075742E63001B5B306D005BF9
:10E810002530386C755D20005B253032753A253027
:10E8200032753A253032752E253033752C2530332C
:10E83000755D20003C25733E200025732F00257355
:10E840003A2000253032782000202020007C001B58
:10E850005B313B33316D001B5B313B33336D006506
:10E8600072720077726E00696E66006462670061A2
:10E8700063746976650073757370656E64656400B2
:10E880006F666600706D5F64657669636500504D04
:10E89000204445564943452052554E54494D452044
:10E8A000575100556E62616C616E636564207375CB
:10E8B0007370656E6400574553545F544F5044491C
:10E8C000522F7A65706879722F7375627379732F1E
:10E8D000706D2F6465766963655F72756E74696DBE
:10E8E000652E630068775F77647420696E73746166
:10E8F0006C6C2074696D656F7574206661696C65F8
:10E90000643A202564007461736B5F776474006BF4
:10E9100065726E656C004B65726E656C20636F6D21
:10E920006D616E6473006379636C65733A2025755D
:10E93000206877206379636C65730A006379636C80
:10E940006573004B65726E656C206379636C6573EB
:10E950002E00556E61626C6520746F207061727359
:10E960006520696E7075742028657272202564298F
:10E970000A00736C65657000557074696D653A20A6
:10E98000256C6C75206D730A002D70002D2D707232
:10E990006574747900556E737570706F7274656408
:10E9A000206F7074696F6E3A2025730A0075707459
:10E9B000696D653A20256C6C7520646179732C2033
:10E9C000256C6C7520686F7572732C20256C6C75C6
:10E9D000206D696E757465732C20256C6C752073C1
:10E9E00065636F6E64732C20256C6C75206D696C8B
:10E9F0006C697365636F6E64730A00757074696D1A
:10EA000065004B65726E656C20757074696D652E5E
:10EA10002043616E2062652063616C6C65642077C1
:10EA200069746820746865202D70206F72202D2D08
:10EA3000707265747479206F7074696F6E730034CE
:10EA40002E342E30005A65706879722076657273A4
:10EA5000696F6E2025730A004B65726E656C2076B7
:10EA6000657273696F6E2E005468697320636F6DF1
:10EA70006D616E6420697320646570726563617492
:10EA80006564206173206974206973206120647556
:10EA9000706C69636174652E2055736520276C6FF7
:10EAA0006720656E61626C652720636F6D6D616EB6
:10EAB000642066726F6D206C6F6767696E67206394
:10EAC0006F6D6D616E6473207365742E0A00556EF0
:10EAD00061626C6520746F207061727365206C6F69
:10EAE0006720736576657269747920286572722073
:10EAF0002564290A00496E76616C6964206C6F6731
:10EB0000206C6576656C3A2025640A00556E61625A
:10EB10006C6520746F2066696E64206C6F6720736B
:10EB20006F757263653A2025730A006C6F675F6CBE
:10EB30006576656C003C6D6F64756C65206E616D0B
:10EB4000653E203C73657665726974792028302DA6
:10EB500034293E007265626F6F74005265626F6F98
:10EB6000742E00636F6C6400436F6C642072656286
:10EB70006F6F742E007761726D005761726D207235
:10EB800065626F6F742E004B65726E656C207468E1
:10EB900072656164732E005363686564756C657299
:10EBA0003A2025752073696E6365206C617374204B
:10EBB00063616C6C0A00546872656164733A0A00A0
:10EBC0004E41002573257020252D3130730A000930
:10EBD0006F7074696F6E733A20307825782C2070CE
:10EBE00072696F726974793A2025642074696D6561
:10EBF0006F75743A20256C6C640A00097374617433
:10EC0000653A2025732C20656E7472793A20257040
:10EC10000A00556E61626C6520746F2064657465CE
:10EC2000726D696E6520756E7573656420737461AD
:10EC3000636B2073697A6520282564290A0A000914
:10EC4000737461636B2073697A6520257A752C2053
:10EC5000756E7573656420257A752C2075736167F0
:10EC60006520257A75202F20257A75202825752086
:10EC70002525290A0A004C697374206B65726E653C
:10EC80006C20746872656164732E00574553545F3D
:10EC9000544F504449522F7A65706879722F7375BA
:10ECA000627379732F7368656C6C2F6D6F64756C0C
:10ECB00065732F6B65726E656C5F736572766963E1
:10ECC000652F7468726561642F737461636B732E52
:10ECD000630025702049525120253032642025736D
:10ECE000287265616C2073697A652025347A7529EC
:10ECF0003A09756E757365642025347A75097573E4
:10ED00006167652025347A75202F2025347A752097
:10ED10002825327A75202525290A00257020252DE1
:10ED200033327320287265616C2073697A652025FF
:10ED3000347A75293A09756E757365642025347ABD
:10ED4000750975736167652025347A75202F202534
:10ED5000347A752028253275202525290A007374F8
:10ED600061636B73004C69737420746872656164CD
:10ED70007320737461636B2075736167652E005433
:10ED80006872656164204944202570206973206E93
:10ED90006F742076616C69640A004572726F723A12
:10EDA0005368656C6C207468726561642063616E81
:10EDB0006E6F742062652073757370656E64656430
:10EDC0000A00546872656164202570207375737041
:10EDD000656E6465640A006B65726E656C207468AC
:10EDE000726561642073757370656E64203C74682D
:10EDF000726561645F69643E004572726F723A5376
:10EE000068656C6C207468726561642063616E6E05
:10EE10006F7420626520726573756D65640A0054B5
:10EE2000687265616420257020726573756D656414
:10EE30000A00726573756D65006B65726E656C2096
:10EE400074687265616420726573756D65203C74C9
:10EE500068726561645F69643E004572726F723A00
:10EE60005368656C6C207468726561642063616EC0
:10EE70006E6F74206265206B696C6C65640A000AB1
:10EE800020546872656164202570206B696C6C6524
:10EE9000640A006B696C6C006B65726E656C207443
:10EEA0006872656164206B696C6C203C7468726583
:10EEB00061645F69643E0044657669636520756ED0
:10EEC0006B6E6F776E20282573290A00446576697A
:10EED0006365202825732920646F6573206E6F7425
:10EEE00020686176652072756E74696D6520706F3B
:10EEF000776572206D616E6167656D656E740A007D
:10EF0000706D5F6465766963655F72756E74696D57
:10EF1000655F707574282573290A00706D5F6465DC
:10EF2000766963655F72756E74696D655F67657438
:10EF3000282573290A005B25705D00202072657109
:10EF400075697265733A2025730A004465766963B2
:10EF50006520257320697320726571756972656417
:10EF60002C20627574206E6F742072656164790A5A
:10EF70000052454144590044495341424C454400E4
:10EF8000646576696365733A0A002D202573002055
:10EF90002825732C2075736167653D2564290A0057
:10EFA00020204454206E6F6465206C6162656C7330
:10EFB0003A00446576696365202573206973206192
:10EFC0006C726561647920696E697469616C697AD3
:10EFD00065640A0044657669636520257320696E5F
:10EFE000697469616C697A6174696F6E20666169C0
:10EFF0006C65642077697468206572723D25640AC7
:10F000000044657669636520257320696E697469BB
:10F01000616C697A65642073756363657373667583
:10F020006C6C790A0044657669636520636F6D6D69
:10F03000616E647300696E6974004D616E75616C18
:10F040006C7920696E697469616C697A65206120E8
:10F0500064657669636500706D5F746F67676C6582
:10F0600000546F67676C652064657669636520701E
:10F070006F7765722028706D206765742F707574C6
:10F0800029004C69737420636F6E666967757265D9
:10F090006420646576696365732C207769746820E1
:10F0A000616E206F7074696F6E616C2066696C743C
:10F0B0006572005B3C6465766963652066696C74A3
:10F0C00065723E5D00496E76616C696420686F759B
:10F0D000720A00496E76616C6964206D696E7574A0
:10F0E000650A00496E76616C6964207365636F6EB2
:10F0F000640A00496E76616C6964206D6F6E746895
:10F100000A00496E76616C6964206461790A004680
:10F1100061696C656420746F2063616C63756C61F8
:10F120007465207365636F6E64732073696E6365C5
:10F130002045706F63680A00436F756C64206E6FC2
:10F14000742073657420646174652025640A002549
:10F15000642D253032752D253032752025303275DD
:10F160003A253032753A25303275205554430A001D
:10F1700064617465004461746520636F6D6D616ED8
:10F180006473005B592D6D2D645D203C483A4D3A07
:10F19000533E00676574005B6E6F6E655D0055736E
:10F1A000696E6720646174612077696474682025E2
:10F1B000640A00496E636F727265637420646174DF
:10F1C000612077696474680A005265616420766121
:10F1D0006C7565203078256C6C780A0057726974FC
:10F1E000696E672076616C7565203078256C6C7867
:10F1F0000A00696E76616C6964206164647220271C
:10F200002573270A00696E76616C69642073697AD8
:10F210006520272573270A00696E76616C69642072
:10F22000776964746820272573270A00613A733A66
:10F23000773A00272D61203C616464726573733EE8
:10F2400027206973206D616E6461746F72790A00A2
:10F25000272D73203C73697A653E27206973206DE2
:10F26000616E6461746F72790A00496E636F7272C5
:10F2700065637420646174612077696474683A20FE
:10F2800025750A006465766D656D206C6F6164207C
:10F29000737570706F7274732073657474696E67C0
:10F2A00020627970617373206F6E20612073696EC4
:10F2B000676C6520696E7374616E63652E0A004C1D
:10F2C0006F6164696E672E2E2E0A707265737320EB
:10F2D0006374726C2D78206374726C2D7120746F5E
:10F2E000206573636170650A004E756D62657220FA
:10F2F0006F6620627974657320726561643A2025B7
:10F30000640A002D2D002D6500556E6B6E6F776EB3
:10F31000206F7074696F6E20222573220A00646565
:10F32000766D656D00526561642F77726974652032
:10F33000706879736963616C206D656D6F72790AAD
:10F3400055736167653A0A52656164206D656D6F3A
:10F3500072792061742061646472657373207769C7
:10F360007468206F7074696F6E616C207769647463
:10F37000683A0A6465766D656D203C616464726507
:10F3800073733E205B3C77696474683E5D0A577214
:10F39000697465206D656D6F727920617420616498
:10F3A00064726573732077697468206D616E64613F
:10F3B000746F727920776964746820616E64207656
:10F3C000616C75653A0A6465766D656D203C6164B3
:10F3D00064726573733E203C77696474683E203CB8
:10F3E00076616C75653E0064756D7000557361677C
:10F3F000653A0A6465766D656D2064756D70202DC3
:10F4000061203C616464726573733E202D73203CFF
:10F4100073697A653E205B2D77203C776964746858
:10F420003E5D0A006C6F61640055736167653A0A5E
:10F430006465766D656D206C6F6164205B6F7074C0
:10F44000696F6E735D205B616464726573735D0ADE
:10F450004F7074696F6E733A0A2D65096C69747424
:10F460006C652D656E6469616E20706172736500F4
:10F470003132653232383036313935610A00302E5A
:10F48000312E302D6465762B300A00302E312E302F
:10F490002D6465760A00617070004170706C69635C
:10F4A0006174696F6E2076657273696F6E20696E24
:10F4B000666F726D6174696F6E20636F6D6D616EE2
:10F4C0006473004170706C69636174696F6E20765B
:10F4D000657273696F6E2E202865782E2022312E7A
:10F4E000322E332D756E737461626C652E35222950
:10F4F0000076657273696F6E2D657874656E6465EC
:10F5000064004170706C69636174696F6E20766528
:10F510007273696F6E20657874656E6465642E2001
:10F520002865782E2022312E322E332D756E73747D
:10F5300061626C652E352B342229006275696C641A
:10F540002D76657273696F6E004170706C696361CE
:10F5500074696F6E206275696C6420766572736978
:10F560006F6E2E202865782E202276332E332E3093
:10F570002D31382D67326338356439323234666361
:10F5800061222900574553545F544F504449522F2C
:10F590007A65706879722F7375627379732F7368E7
:10F5A000656C6C2F6261636B656E64732F73686545
:10F5B0006C6C5F756172742E63007368656C6C2E81
:10F5C0007368656C6C5F7561727400756172743A12
:10F5D0007E2420007368656C6C5F756172745F6275
:10F5E00061636B656E6400537562636F6D6D616E10
:10F5F00064733A0A00574553545F544F504449527C
:10F600002F7A65706879722F7375627379732F73AF
:10F6100068656C6C2F7368656C6C2E63006E6F741C
:10F62000207465726D696E617465643A2025630AA1
:10F6300000506C656173652073706563696679203D
:10F640006120737562636F6D6D616E642E0A003A9E
:10F6500020636F6D6D616E64206E6F7420666F75D0
:10F660006E6400546F6F206D616E792061726775F2
:10F670006D656E747320696E2074686520636F6DAC
:10F680006D616E642E0A0025733A2077726F6E6783
:10F6900020706172616D6574657220636F756E7440
:10F6A0000A005741524E494E473A20412070726934
:10F6B0006E74207265717565737420776173206450
:10F6C00065746563746564206F6E206E6F7420616D
:10F6D0006374697665207368656C6C206261636B26
:10F6E000656E642E0A000A2573257300506C6561EF
:10F6F000736520707265737320746865203C546173
:10F70000623E20627574746F6E20746F207365653D
:10F7100020616C6C20617661696C61626C6520634C
:10F720006F6D6D616E64732E0A00596F7520636191
:10F730006E20616C736F2075736520746865203C62
:10F740005461623E20627574746F6E20746F207015
:10F75000726F6D7074206F72206175746F2D636F9E
:10F760006D706C65746520616C6C20636F6D6D618C
:10F770006E6473206F722069747320737562636F97
:10F780006D6D616E64732E0A00596F752063616E32
:10F790002074727920746F2063616C6C20636F6DCC
:10F7A0006D616E64732077697468203C2D683E201B
:10F7B0006F72203C2D2D68656C703E207061726107
:10F7C0006D6574657220666F72206D6F7265206959
:10F7D0006E666F726D6174696F6E2E0A000A5368EF
:10F7E000656C6C20737570706F72747320666F6CCB
:10F7F0006C6F77696E67206D6574612D6B657973C9
:10F800003A0A20204374726C202B202861206B65FB
:10F81000792066726F6D3A206162636465666B6C15
:10F820006E70747577290A2020416C7420202B207B
:10F830002861206B65792066726F6D3A20626629B7
:10F840000A506C6561736520726566657220746F1D
:10F85000207368656C6C20646F63756D656E746190
:10F8600074696F6E20666F72206D6F7265206465BB
:10F870007461696C732E0A000A417661696C616279
:10F880006C6520636F6D6D616E64733A0A0025309C
:10F8900038583A20007C0A005072696E74732074E4
:10F8A00068652068656C70206D6573736167652E8F
:10F8B00000574553545F544F504449522F7A657056
:10F8C0006879722F7375627379732F7368656C6CC6
:10F8D0002F7368656C6C5F7574696C732E63001BA5
:10F8E0005B2564256300574553545F544F5044498A
:10F8F000522F7A65706879722F7375627379732FDE
:10F900007368656C6C2F7368656C6C5F6F70732EB9
:10F9100063001B5B313B3325646D001B5B3430336C
:10F9200025646D0055736167653A202573200025B5
:10F9300073252D2A73002D68002D2D68656C7000CD
:10F940004C6F7374206C6F67733A20256C750A00D6
:10F950005B2533645D2025730A0020756E6B6E6F26
:10F96000776E20706172616D657465723A20002552
:10F97000733A257325730A004563686F20737461B9
:10F980007475733A2025730A0041637469766520A3
:10F990007368656C6C206261636B656E64733A0AB0
:10F9A0000020202532642E203A2573202825732933
:10F9B0000A00574553545F544F504449522F7A65BB
:10F9C000706879722F7375627379732F7368656CC1
:10F9D0006C2F7368656C6C5F636D64732E63004E8F
:10F9E0006F20726573706F6E73652066726F6D2025
:10F9F000746865207465726D696E616C2C2061732A
:10FA000073756D65642038307832342073637265A5
:10FA1000656E2073697A650A0072657476616C00A0
:10FA20005072696E742072657475726E2076616CA6
:10FA30007565206F66206D6F737420726563656EE7
:10FA40007420636F6D6D616E6400726573697A65B1
:10FA500000436F6E736F6C65206765747320746507
:10FA6000726D696E616C2073637265656E20736977
:10FA70007A65206F7220617373756D65732064659C
:10FA80006661756C7420696E2063617365207468AB
:10FA90006520726561646F7574206661696C732E90
:10FAA000204974206D7573742062652065786563E4
:10FAB0007574656420616674657220656163682091
:10FAC0007465726D696E616C207769647468206317
:10FAD00068616E676520746F20656E73757265204E
:10FAE000636F7272656374207465787420646973DF
:10FAF000706C61792E00686973746F727900436F5E
:10FB00006D6D616E6420686973746F72792E005533
:10FB1000736566756C2C206E6F7420556E69782D38
:10FB20006C696B65207368656C6C20636F6D6D61CB
:10FB30006E64732E00636C65617200436C65617264
:10FB40002073637265656E2E0072656D0049676E85
:10FB50006F7265206C696E657320626567696E6E91
:10FB6000696E672077697468202772656D202700A9
:10FB700064656661756C7400417373756D652038DA
:10FB8000302063686172732073637265656E2077DD
:10FB90006964746820616E642073656E64207468A3
:10FBA00069732073657474696E6720746F2074685C
:10FBB00065207465726D696E616C2E006261636BA5
:10FBC000656E6473004C6973742061637469766553
:10FBD000207368656C6C206261636B656E64732E64
:10FBE0000A006261636B73706163655F6D6F64656A
:10FBF00000546F67676C65206261636B737061634B
:10FC000065206B6579206D6F64652E0A536F6D6595
:10FC1000207465726D696E616C7320617265206E0F
:10FC20006F742073656E64696E67207365706172AE
:10FC30006174652065736361706520636F6465201E
:10FC4000666F72206261636B737061636520616EC1
:10FC5000642064656C65746520627574746F6E2EC3
:10FC6000205468697320636F6D6D616E6420666FE8
:10FC700072636573207368656C6C20746F20696EA5
:10FC8000746572707265742064656C657465206B50
:10FC90006579206173206261636B73706163652EA7
:10FCA00000636F6C6F727300546F67676C652063DD
:10FCB0006F6C6F7265642073796E7461782E007654
:10FCC0007431303000546F67676C65207674313062
:10FCD0003020636F6D6D616E64732E0070726F6D96
:10FCE000707400546F67676C652070726F6D70740C
:10FCF0002E006563686F00546F67676C65207368DA
:10FD0000656C6C206563686F2E007374617473009A
:10FD10005368656C6C207374617469737469637380
:10FD20002E006261636B73706163650053657420BC
:10FD3000646966666572656E74206573636170657B
:10FD400020636F646520666F72206261636B7370FD
:10FD500061636520616E642064656C657465206B09
:10FD600065792E0064656C65746500536574207454
:10FD700068652073616D65206573636170652063DC
:10FD80006F646520666F72206261636B737061637C
:10FD90006520616E642064656C657465206B6579AF
:10FDA0002E00726573657400526573657420736804
:10FDB000656C6C2073746174697374696373206615
:10FDC0006F7220746865204C6F67676572206D6F75
:10FDD00064756C652E0073686F77004765742073D7
:10FDE00068656C6C207374617469737469637320E3
:10FDF000666F7220746865204C6F67676572206D4E
:10FE00006F64756C652E0044697361626C65207364
:10FE100068656C6C206563686F2E20456469746941
:10FE20006E67206B65797320616E64206D65746107
:10FE30002D6B65797320617265206E6F7420686127
:10FE40006E646C656400456E61626C652073686504
:10FE50006C6C206563686F2E0044697361626C6529
:10FE60002070726F6D70742E00456E61626C65203B
:10FE700070726F6D70742E0044697361626C6520DE
:10FE8000767431303020636F6D6D616E64732E0057
:10FE9000456E61626C6520767431303020636F6D21
:10FEA0006D616E64732E0044697361626C652063DA
:10FEB0006F6C6F7265642073796E7461782E004583
:10FEC0006E61626C6520636F6C6F7265642073791C
:10FED0006E7461782E002A2A2A20426F6F74696E30
:10FEE000672053657269616C204D6F64656D2048B1
:10FEF0006F73742039336D312028415429207630B6
:10FF00002E312E302D6465762D3132653232383007
:10FF10003631393561202A2A2A0A002A2A2A205510
:10FF200073696E67206E524620436F6E6E65637410
:10FF30002053444B2076332E332E39392D313662FF
:10FF4000396662393130303137202A2A2A0A002AAC
:10FF50002A2A205573696E67205A65706879722065
:10FF60004F532076342E342E302D373861313066A1
:10FF7000356136663766202A2A2A0A0072302F61D8
:10FF8000313A2020307825303878202072312F61A6
:10FF9000323A2020307825303878202072322F6194
:10FFA000333A20203078253038780072332F61348E
:10FFB0003A2020307825303878207231322F69701D
:10FFC0003A2020307825303878207231342F6C7206
:10FFD0003A20203078253038780020787073723AD3
:10FFE0002020307825303878004661756C74696E51
:10FFF0006720696E737472756374696F6E206164D3
:02000004000CEE
:10000000647265737320287231352F7063293A202A
:1000100030782530387800556E68616E646C6564A0
:10002000204952516E3A202564002A2A2A2A2A2081
:100030005553414745204641554C54202A2A2A2AE7
:100040002A0020204469766973696F6E20627920E6
:100050007A65726F002020556E616C69676E656409
:10006000206D656D6F727920616363657373002025
:1000700020537461636B206F766572666C6F7720B6
:1000800028636F6E746578742061726561206E6F8D
:10009000742076616C6964290020204E6F20636FA4
:1000A00070726F636573736F7220696E73747275AB
:1000B0006374696F6E73002020496C6C6567616CB6
:1000C000206C6F6164206F66204558435F52455431
:1000D00055524E20696E746F205043002020496CA9
:1000E0006C6567616C20757365206F662074686548
:1000F0002045505352002020417474656D70742067
:10010000746F206578656375746520756E646566C7
:10011000696E656420696E737472756374696F6E5D
:10012000002A2A2A2A2A204D5055204641554C544F
:10013000202A2A2A2A2A002020537461636B696EC0
:1001400067206572726F722028636F6E74657874B1
:100150002061726561206D69676874206265206E38
:100160006F742076616C696429002020556E737469
:1001700061636B696E67206572726F720020204444
:10018000617461204163636573732056696F6C61AC
:1001900074696F6E0020204D4D46415220416464C9
:1001A000726573733A2030782578002020496E7389
:1001B0007472756374696F6E204163636573732035
:1001C00056696F6C6174696F6E002020466C6F61B8
:1001D00074696E672D706F696E74206C617A792016
:1001E0007374617465207072657365727661746989
:1001F0006F6E206572726F7200574553545F544F93
:10020000504449522F7A65706879722F6172636821
:100210002F61726D2F636F72652F636F72746578D3
:100220005F6D2F6661756C742E63002A2A2A2A2A54
:1002300020425553204641554C54202A2A2A2A2A26
:10024000002020537461636B696E67206572726F62
:100250007200202050726563697365206461746167
:1002600020627573206572726F72002020424641D1
:100270005220416464726573733A203078257800A7
:100280002020496D707265636973652064617461D3
:1002900020627573206572726F72002020496E7340
:1002A0007472756374696F6E206275732065727203
:1002B0006F72005265736572766564204578636578
:1002C0007074696F6E20280053707572696F757352
:1002D00020696E74657272757074202849525120BD
:1002E00000457863657074696F6E206F6363757223
:1002F00072656420696E205365637572652053745E
:10030000617465002A2A2A2A2A204841524420463C
:1003100041554C54202A2A2A2A2A0020204275734B
:10032000206661756C74206F6E20766563746F72E1
:10033000207461626C6520726561640020204465F0
:10034000627567206576656E740020204661756C65
:100350007420657363616C6174696F6E20287365C6
:10036000652062656C6F772900415243485F4558AC
:1003700043455054207769746820726561736F6ECD
:100380002025780A002A2A2A2A2A204465627567CD
:10039000206D6F6E69746F72206578636570746923
:1003A0006F6E202A2A2A2A2A002A2A2A2A2A202567
:1003B0007320256429202A2A2A2A2A0057455354C3
:1003C0005F544F504449522F7A65706879722F619B
:1003D0007263682F61726D2F636F72652F636F7226
:1003E0007465785F6D2F6972715F6D616E616765AD
:1003F0002E63006D7075004661696C656420746FD2
:1004000020616C6C6F63617465206E6577204D5060
:100410005520726567696F6E2025750A00506172FC
:10042000746974696F6E2025753A20636F68657210
:10043000656E636520636865636B206661696C65E2
:10044000642E00496E76616C696420756E64657215
:100450006C79696E6720726567696F6E20696E647A
:10046000657820257500574553545F544F504449D3
:10047000522F7A65706879722F617263682F61728A
:100480006D2F636F72652F6D70752F61726D5F6D6B
:1004900070752E6300464C4153485F300053524103
:1004A0004D5F3000574553545F544F504449522FCD
:1004B0007A65706879722F6C69622F6E65745F62FD
:1004C00075662F6275662E63006E65745F62756671
:1004D00000574553545F544F504449522F7A65702A
:1004E0006879722F6C69622F6E65745F6275662F12
:1004F0006275665F73696D706C652E63006E6574FE
:100500005F6275665F73696D706C65006E65775FBD
:1005100073746174652063616E6E6F742062652010
:100520004E554C4C0043616C6C696E6720257320FE
:1005300066726F6D206578697420616374696F6E8F
:1005400000736D6600736F6300574553545F544FDB
:10055000504449522F7A65706879722F696E636CC6
:100560007564652F7A65706879722F647269766533
:1005700072732F656E74726F70792E68006D6F6480
:10058000656D5F776F726B71004661696C656420A1
:10059000746F2025732025752062797465732E2071
:1005A00028256429007472616E736D697400257367
:1005B0003A2061626F727465640025733A20746931
:1005C0006D6564206F75740072656365697665207A
:1005D000627566666572206F76657272756E00610F
:1005E00072677620627566666572206F76657272D4
:1005F000756E00574553545F544F504449522F7AFB
:1006000065706879722F7375627379732F6D6F647B
:10061000656D2F6D6F64656D5F636861742E630037
:100620006D6F64656D5F636861740044726F7070B4
:100630006564206672616D6500574553545F544F81
:10064000504449522F7A65706879722F73756273BE
:1006500079732F6D6F64656D2F6D6F64656D5F636A
:100660006D75782E6300574553545F544F5044497D
:10067000522F7A65706879722F696E636C75646544
:100680002F7A65706879722F7379732F72696E672C
:100690005F6275666665722E6800434D4420627520
:1006A00066666572206F766572666C6F7700505370
:1006B000432074696D656F75742C206E6F742065AE
:1006C0006E746572696E6720706F776572207361F2
:1006D00076696E67206D6F646500436F6D6D616E46
:1006E000642061636B6E6F776C656467652062750B
:1006F00066666572206F76657272756E00556E65FE
:100700007870656374656420636C6F736520646FD3
:10071000776E00444C434920257520636C6F7365E8
:10072000206661696C656420616674657220257558
:10073000207265747269657300444C4349202575C5
:10074000206F70656E206661696C656420616674F7
:100750006572202575207265747269657300434D5A
:10076000555820636F6E6E656374696F6E206661A5
:10077000696C6564206166746572202575207265F8
:100780007472696573004661696C656420746F20DA
:100790006F70656E207069706520666F722077617A
:1007A0006B6520757020282564290057616B6520D2
:1007B00075702074696D6564206F75742C206C6988
:1007C0006E6B206465616400546F6F206C617267AA
:1007D00065206672616D6500496E64696361746568
:1007E00064206672616D652064617461206C656E61
:1007F0006774682025752065786365656473207269
:1008000065636569766520627566666572207369E1
:100810007A65202575004672616D65204643532038
:100820006572726F722065787065637420256868E0
:100830007820776173202568687800496E76616C4E
:10084000696420636F6D6D616E6400556E657870CC
:100850006563746564204D534320636F6D6D616EF5
:1008600064206C656E67746820256400556E6B6E3D
:100870006F776E202573206672616D6520747970C4
:1008800065202564004672616D6520696E74656E31
:1008900064656420666F7220756E636F6E6669674B
:1008A0007572656420444C43492025752E00444CE4
:1008B00043492025752072656365697665206275F8
:1008C00066666572206F76657272756E2028647236
:1008D0006F70706564202575206F7574206F6620B9
:1008E00025752062797465732900444C434920259D
:1008F00075207265636569766520627566666572E6
:10090000206C6F772C2073657420666C6F77206382
:100910006F6E74726F6C00556E6B6E6F776E202504
:1009200073206672616D6520747970652028256476
:100930002C20444C43492025642900444C43490061
:100940005069706520726563656976696E672065B8
:1009500072726F723A202564006D6F64656D5F631B
:100960006D757800574553545F544F504449522F8A
:100970007A65706879722F7375627379732F6D6FF2
:1009800064656D2F6D6F64656D5F706970652E6352
:10099000000D0A4E4F20434152524945520D0A0064
:1009A000526563656976656420274E4F2043415246
:1009B0005249455227206576656E740044726F7007
:1009C000706564206672616D652C206E6F206E65A7
:1009D000745F706B7420617661696C61626C650034
:1009E0004E657420706B7420636F756C64206E6F3D
:1009F000742062652070726F63657373656400466E
:100A000061696C656420746F20616C6C6F63206237
:100A100075666665720044726F7070656420505030
:100A200050206672616D6500556E737570706F72DF
:100A30007465642070726F746F636F6C006D6F64A7
:100A4000656D5F70707000574553545F544F50444C
:100A500049522F7A65706879722F73756273797352
:100A60002F6D6F64656D2F6261636B656E64732FAC
:100A70006D6F64656D5F6261636B656E645F756108
:100A800072742E63007374617274206173796E6383
:100A9000207472616E736D697420666F72005745C1
:100AA00053545F544F504449522F7A65706879729D
:100AB0002F696E636C7564652F7A65706879722F23
:100AC000647269766572732F6770696F2E6800466D
:100AD00061696C656420746F20706F776572206F38
:100AE0006E20554152543A202564004661696C6578
:100AF0006420746F20706F776572206F6666205572
:100B00004152543A202564005472616E736D6974C9
:100B10002061626F727465642028257A7520736580
:100B20006E742900756172745F72785F6275665FBA
:100B30007273703A2025640052582071756575658E
:100B4000206F766572666C6F773A20256420286482
:100B5000726F707065642025752900526563656940
:100B600076652073746F7070656420666F72207292
:100B70006561736F6E733A20257500574553545F56
:100B8000544F504449522F7A65706879722F7375AB
:100B9000627379732F6D6F64656D2F6261636B652E
:100BA0006E64732F6D6F64656D5F6261636B656EFC
:100BB000645F756172745F6173796E635F68776695
:100BC000632E63006D6F64656D5F6261636B656E5C
:100BD000645F756172745F6173796E635F68776675
:100BE0006300496E7465726661636520696E646551
:100BF00078206973206D697373696E672E0A0049E6
:100C00006E76616C696420696E6465782025730A6C
:100C100000496E76616C696420696E646578202590
:100C2000640A003C696E76616C6964207479706551
:100C30003E003C696E76616C696420737461746512
:100C40003E0025733A25640041465F554E5350459A
:100C5000430041465F5041434B45540041465F438A
:100C6000414E0041465F554E4B28256429003C7596
:100C70006E6B6E6F776E20747970653E003D3D3D02
:100C80003D3D3D3D3D3D3D3D3D3D3D003C756E6B3B
:100C90006E6F776E2073746174653E0074656E7458
:100CA000617469766500707265666572726564006C
:100CB00064657072656361746564006175746F6307
:100CC0006F6E660044484350006D616E75616C0044
:100CD0006F76657272696461626C65004E657477E7
:100CE0006F726B696E6720636F6D6D616E64730008
:100CF0006E65745F7368656C6C006E65745F706BB5
:100D00007420616C6C6F636174696F6E00434F4E49
:100D10004649475F4E45545F44454255475F4E45FF
:100D2000545F504B545F414C4C4F4300536574200B
:100D3000257320746F20656E61626C6520257320B9
:100D4000737570706F72742E0A00616C6C6F6373D0
:100D5000005072696E74206E6574776F726B206DCF
:100D6000656D6F727920616C6C6F636174696F6E11
:100D7000732E0041525000434F4E4649475F4E4547
:100D8000545F4E41544956452C20434F4E464947E7
:100D90005F4E45545F4152502C20434F4E464947C9
:100DA0005F4E45545F4950563420616E6420434F76
:100DB0004E4649475F4E45545F4C325F4554484567
:100DC000524E455400617270005072696E74206911
:100DD0006E666F726D6174696F6E2061626F75749B
:100DE0002049507634204152502063616368652E5B
:100DF00000666C7573680052656D6F766520616C76
:100E00006C20656E74726965732066726F6D204127
:100E1000525020636163686500434F4E4649475F07
:100E20004E45545F4341505455524500436F6E66E2
:100E30006967757265206E6574776F726B2070617B
:100E4000636B657420636170747572652E007365E1
:100E500074757000636C65616E757000656E6162BB
:100E60006C650064697361626C65004469736162FA
:100E70006C65206E6574776F726B207061636B6553
:100E800074206361707475726500456E61626C6593
:100E9000206E6574776F726B207061636B65742070
:100EA0006361707475726520666F72206120676976
:100EB00076656E206E6574776F726B20696E7465EF
:100EC000726661636500436C65616E7570206E6566
:100ED00074776F726B207061636B657420636170EF
:100EE00074757265005365747570206E6574776FE4
:100EF000726B207061636B657420636170747572CE
:100F000065003C72656D6F74652D69702D61646458
:100F1000723E203C6C6F63616C2D616464723E2094
:100F20003C706565722D616464723E0A3C72656D49
:100F30006F74653E2069732074686520286F75742E
:100F400065722920656E64706F696E742049502047
:100F5000616464726573732C0A3C6C6F63616C3EF0
:100F6000206973207468652028696E6E6572292077
:100F70006C6F63616C2049502061646472657373A7
:100F80002C0A3C706565723E206973207468652088
:100F900028696E6E6572292070656572204950203F
:100FA000616464726573730A4C6F63616C20616E77
:100FB0006420506565722061646472657373657343
:100FC0002063616E20686176652055445020706F03
:100FD0007274206E756D62657220696E207468652A
:100FE0006D20286F7074696F6E616C290A6C696B73
:100FF00065203139382E302E35312E323A393030A5
:1010000030206F72205B323030313A6462383A31CE
:1010100030303A3A325D3A343234320020202020E7
:1010200020436F6E746578742020200949666163DF
:10103000652020466C61677320202020202020201E
:10104000202020204C6F63616C2020202020202055
:1010500020202020202052656D6F74650A004E6F9D
:1010600020636F6E6E656374696F6E730A000A2089
:101070002020202048616E646C657220202020436F
:10108000616C6C6261636B202050726F746F202002
:10109000202020202020202020204C6F63616C2005
:1010A0002020202020202020202020202020202040
:1010B0002052656D6F74650A004E6F20636F6E6E0F
:1010C000656374696F6E2068616E646C657273200D
:1010D000666F756E642E0A005B2532645D20257094
:1010E00020257020202573092531367309253136D6
:1010F000730A00574553545F544F504449522F7A56
:1011000065706879722F696E636C7564652F7A6596
:10111000706879722F6E65742F6E65745F636F6E81
:10112000746578742E68005B2532645D2025700933
:10113000256420202020202025632563256320208E
:10114000202531367309253136730A005072696ED5
:101150007420696E666F726D6174696F6E20616272
:101160006F7574206E6574776F726B20636F6E6E2F
:10117000656374696F6E732E004448435076340083
:10118000434F4E4649475F4E45545F44484350568F
:10119000340044484350763420736572766572009B
:1011A000434F4E4649475F4E45545F44484350566F
:1011B000345F53455256455200646863707634007C
:1011C0004D616E61676520444850437634207365F5
:1011D0007276696365730044484350763420636CCB
:1011E00069656E74206D616E6167656D656E740012
:1011F0004448435076342073657276657220736577
:101200007276696365206D616E6167656D656E7488
:101210000073746172740073746F700053746F7034
:10122000207468652044484350763420636C6965B7
:101230006E74206F7065726174696F6E206F6E20BE
:1012400074686520696E74657266616365005374C5
:10125000617274207468652044484350763420637A
:101260006C69656E74206F7065726174696F6E2051
:101270006F6E2074686520696E746572666163655F
:1012800000737461747573005072696E74207468B1
:101290006520444843507634207365727665722029
:1012A000737461747573206F6E2074686520696E45
:1012B000746572666163650053746F70207468654D
:1012C0002044484350763420736572766572206FEF
:1012D0007065726174696F6E206F6E20746865202E
:1012E000696E74657266616365005374617274201F
:1012F000746865204448435076342073657276657F
:1013000072206F7065726174696F6E206F6E2074E9
:10131000686520696E74657266616365003C696E1C
:101320006465783E203C6261736520616464726527
:1013300073733E0A3C626173652061646472657315
:10134000733E206973207468652066697273742027
:101350006164647265737320666F722074686520BF
:101360006164647265737320706F6F6C00446863AE
:1013700070763600434F4E4649475F4E45545F44B2
:10138000484350563600646863707636004D616E8F
:1013900061676520444850437636207365727669EC
:1013A0006365732E0044686370763620636C6965EC
:1013B0006E74206D616E6167656D656E7400537447
:1013C0006F70207468652044686370763620636CA3
:1013D00069656E74206F7065726174696F6E206FDD
:1013E0006E2074686520696E74657266616365005D
:1013F0005374617274207468652044686370763633
:1014000020636C69656E74206F7065726174696FBA
:101410006E206F6E2074686520696E7465726661F7
:10142000636500444E53207265736F6C766572007D
:10143000434F4E4649475F444E535F5245534F4CCE
:1014400056455200444E5320736572766963652099
:10145000646973636F7665727900646E73005368B4
:101460006F7720686F7720444E5320697320636F35
:101470006E666967757265642E204F7074696F6E51
:10148000616C6C7920646F206120717565727920C0
:101490007573696E67206120676976656E206E617D
:1014A0006D652E0062726F7773650063616E6365B0
:1014B0006C00736572766963650045786563757461
:1014C0006520444E532073657276696365206469B4
:1014D00073636F76657279207175657279003C73FC
:1014E0006572766963652D6465736372697074698A
:1014F0006F6E3E004C697374206C6F63616C2044A6
:101500004E532073657276696365207265636F72EE
:101510006473005175657269657320495076342093
:1015200061646472657373202864656661756C74A8
:1015300029206F7220495076362061646472657389
:101540007320666F72206120686F7374206E616D06
:1015500065003C686F73746E616D653E205B412071
:101560006F7220414141415D0043616E63656C20B3
:10157000616C6C2070656E64696E67207265717550
:10158000657374730042726F77736520444E532005
:101590007365727669636573005B3C736572766927
:1015A00063652D6465736372697074696F6E3E5D07
:1015B000004E6574776F726B206D616E6167656D4B
:1015C000656E74206576656E747320617265206E39
:1015D0006F7420737570706F727465642E2053651C
:1015E0007420434F4E4649475F4E45545F4D474D2B
:1015F000545F4556454E545F4D4F4E49544F52200F
:10160000746F20656E61626C652069742E0A0065D6
:1016100076656E7473004D6F6E69746F72206E65BF
:1016200074776F726B206D616E6167656D656E7446
:10163000206576656E74732E005475726E206F6629
:1016400066206E6574776F726B206576656E7420A8
:101650006D6F6E69746F72696E67005475726E207B
:101660006F6E206E6574776F726B206576656E7431
:10167000206D6F6E69746F72696E670046545020FA
:10168000636C69656E7400434F4E4649475F46542C
:10169000505F434C49454E540066747000465450A8
:1016A00020636C69656E7420636F6D6D616E647329
:1016B00000707764006364006D6B64697200726D22
:1016C0006469720072656E616D65007075740061A9
:1016D0007070656E640053656C656374207472612C
:1016E0006E7366657220747970652E003C61736359
:1016F00069692F62696E6172793E00417070656E32
:101700006420612066696C652E003C66696C655FCB
:101710006E616D653E00577269746520746F20615B
:101720002066696C652E00526561642066696C658F
:1017300020636F6E74656E742E0044656C6574650D
:1017400020612066696C652E0052656E616D6520B2
:10175000612066696C652E003C6F6C645F6E616D24
:10176000653E203C6E65775F6E616D653E00446549
:101770006C657465206469726563746F72792E009C
:101780003C6469725F6E616D653E004372656174B1
:1017900065206469726563746F72792E00436861B5
:1017A0006E676520776F726B696E6720646972651A
:1017B00063746F72792E003C706174683E004C69EE
:1017C000737420696E666F726D6174696F6E2061EB
:1017D000626F757420666F6C646572206F7220662C
:1017E000696C652E005B3C6F7074696F6E733E2090
:1017F0003C706174683E5D005072696E7420776F52
:10180000726B696E67206469726563746F72792E9A
:10181000005072696E7420636F6E6E656374696FD9
:101820006E207374617475732E00446973636F6EF8
:101830006E6563742066726F6D2046545020736528
:10184000727665722E00436F6E6E65637420746FDE
:1018500020465450207365727665722E003C757375
:1018600065726E616D653E203C70617373776F7257
:10187000643E203C686F73746E616D653E205B3C16
:10188000706F72743E203C7365635F7461673E5D88
:10189000006750545000434F4E4649475F4E4554F1
:1018A0005F475054500067707470005072696E74D6
:1018B00020696E666F726D6174696F6E2061626F10
:1018C0007574206750545020737570706F72742E49
:1018D000005072696E74732064657461696C65642C
:1018E00020696E666F726D6174696F6E2061626FE0
:1018F0007574206750545020706F7274005B3C7098
:101900006F72743E5D004854545020696E666F7269
:101910006D6174696F6E00434F4E4649475F48548E
:1019200054505F53455256455200687474700053CA
:10193000686F7720485454502073657276696365E8
:10194000732E00556E737570706F727465642063CA
:101950006F6D6D616E642C20706C656173652065C0
:101960006E61626C6520434F4E4649475F4E455459
:101970005F4C325F45544845524E455420616E6479
:1019800020434F4E4649475F4E45545F4C325F45BA
:10199000544845524E45545F4D474D540A00504FF0
:1019A000494E544F504F494E542C0050524F4D49C0
:1019B00053432C004E4F5F4155544F5F5354415297
:1019C000542C004D434153545F464F5257415244AB
:1019D0002C00495076342C00495076362C004E4F5E
:1019E0005F4E442C004E4F5F4D4C442C003C3F3E1C
:1019F0000055500020696E66696E6974650020208C
:101A00003C6E6F74206A6F696E65643E000A496EB1
:101A1000746572666163652025732028257029200E
:101A200028257329205B25645D0A00496E74657260
:101A30006661636520697320646F776E2E0A0057B4
:101A40004553545F544F504449522F7A657068791A
:101A5000722F696E636C7564652F7A657068797230
:101A60002F6E65742F6E65745F69662E68004C6911
:101A70006E6B2061646472203A2025730A004D5415
:101A800055202020202020203A2025640A00466C82
:101A900061677320202020203A2025730A004465C6
:101AA00076696365202020203A2025732028257040
:101AB000290A00537461747573202020203A206F26
:101AC0007065723D25732C2061646D696E3D2573D0
:101AD0002C20636172726965723D25730A00656E20
:101AE00061626C65640049507634002573206E6F26
:101AF0007420257320666F72207468697320696E84
:101B0000746572666163652E0A00495076342075EB
:101B10006E69636173742061646472657373657365
:101B200020286D6178202564293A0A000925732F41
:101B3000257320257320257325730A00093C6E6FD9
:101B40006E653E0A0049507634206D756C74696389
:101B50006173742061646472657373657320286DAA
:101B60006178202564293A0A0009257325730A0043
:101B7000495076342067617465776179203A202571
:101B8000730A004E6F207375636820696E74657206
:101B90006661636520696E20696E646578202564DE
:101BA0000A00496E74657266616365202564206968
:101BB0007320616C72656164792075702E0A004330
:101BC000616E6E6F742074616B6520696E746572EE
:101BD0006661636520256420757020282564290AC4
:101BE00000496E74657266616365202564206973BF
:101BF0002075700A0043616E6E6F742074616B65AE
:101C000020696E7465726661636520256420646F67
:101C1000776E20282564290A00496E746572666112
:101C2000636520256420697320646F776E0A004E17
:101C30006F2064656661756C7420696E7465726688
:101C40006163650A0044656661756C7420696E7431
:101C50006572666163653A2025640A004661696CB5
:101C6000656420746F207365742064656661756CAB
:101C70007420696E7465726661636520746F2025D7
:101C8000640A0044656661756C7420696E746572DF
:101C9000666163653A2025640A0A002573205B2586
:101CA000735D2028257029006966616365005072A4
:101CB000696E7420696E666F726D6174696F6E20F3
:101CC00061626F7574206E6574776F726B20696ED8
:101CD00074657266616365732E007365745F6D6110
:101CE0006300446973706C617973206F722073654F
:101CF0007473207468652064656661756C74206E09
:101D00006574776F726B20696E7465726661636566
:101D1000005B3C696E6465783E5D005365747320BA
:101D20004D4143206164647265737320666F722055
:101D3000746865206E6574776F726B20696E746568
:101D40007266616365003C696E6465783E203C4D57
:101D500041433E0053686F7773206E6574776F72EE
:101D60006B20696E7465726661636520696E666F6B
:101D7000726D6174696F6E0054616B6573206E657E
:101D800074776F726B20696E74657266616365202B
:101D9000646F776E0054616B6573206E6574776F46
:101DA000726B20696E746572666163652075700080
:101DB000494E56414C494400506C6561736520732F
:101DC00070656369667920746865207461726765FF
:101DD0007420696661636520696E6465782E0A0007
:101DE00022257322206973206E6F74206120766132
:101DF0006C696420696661636520696E6465782E2C
:101E00000A006966616365207769746820696E6499
:101E10006578202225732220646F6573206E6F74AD
:101E20002065786973742E0A0056616C69642074A9
:101E30006172676574207370656369666965727342
:101E4000206172652027696669205B696E64657828
:101E50005D272C20276966205B6E616D655D272CF0
:101E6000206F7220275B696E6465785D272E0A00FB
:101E7000756E6E616D656400256420282570202DC7
:101E8000202573202D202573290069666163652054
:101E90002573206E6F772069676E6F7265642E0AF6
:101EA000006966616365202573206E6F7720776116
:101EB00074636865642E0A00506C656173652073F5
:101EC00070656369667920676574206F7220736539
:101ED000740A0049507634202B2049507636006E23
:101EE0006F2049500069676E6F7265640077617496
:101EF00063686564006E6F7420626F756E64006F56
:101F00007065722D7570006F7065722D646F776EDD
:101F1000006E6F7420636F6E6E6563746564006934
:101F200066616365202573206E6F7420747261632F
:101F30006B65642E0A0069666163652025732073F2
:101F400074617475733A2025732C2025732C202519
:101F5000732C2025732C2025732C2025732E0A002A
:101F6000616C6C006E6F6E6500506C65617365200E
:101F7000737065636966792074686520746172673F
:101F80006574206966616365206E616D652E0A0067
:101F900069666163652077697468206E616D65208C
:101FA0002225732220646F6573206E6F742065781C
:101FB0006973742E0A0069666900257320697320AD
:101FC0006E6F7420612076616C6964207461726741
:101FD00065742074797065206F7220746172676512
:101FE00074207370656369666965722E0A00546FA8
:101FF0006F206D616E7920617267732E0A00496EE1
:1020000076616C6964207461726765742073656CB5
:1020100065637465642E0A00506C65617365207396
:102020007065636966792061207461726765742EDA
:102030000A0049676E6F72696E6720616C6C206977
:1020400066616365732E0A005761746368696E6721
:1020500020616C6C206966616365732E0A00496EAD
:10206000737472756374696E6720616C6C206E6F37
:102070006E2D69676E6F7265642069666163657352
:1020800020746F20636F6E6E6563742E0A0069663C
:10209000616365202573206973206E6F7420626F01
:1020A000756E6420746F206120636F6E6E6563745B
:1020B000697669747920696D706C656D656E74619F
:1020C00074696F6E2C2063616E6E6F7420636F6E27
:1020D0006E6563742E0A00496E7374727563746959
:1020E0006E6720696661636520257320746F2063C5
:1020F0006F6E6E6563742E0A00496E737472756339
:1021000074696E6720616C6C206E6F6E2D69676EEE
:102110006F7265642069666163657320746F206403
:102120006973636F6E6E6563742E0A00696661631E
:1021300065202573206973206E6F7420626F756E41
:102140006420746F206120636F6E6E6563746976BE
:1021500069747920696D706C656D656E7461746900
:102160006F6E2C2063616E6E6F7420646973636F91
:102170006E6E6563742E0A00496E737472756374B3
:10218000696E6720696661636520257320746F201E
:102190006469736F6E6E6563742E0A0054616B69B7
:1021A0006E6720616C6C206E6F6E2D69676E6F724A
:1021B0006564206966616365732061646D696E2D75
:1021C00075702E0A0054616B696E672069666163E1
:1021D000652025732061646D696E2D75702E0A006F
:1021E0005468697320636F6D6D616E6420647570EF
:1021F0006C69636174657320276E6574206966611C
:10220000636520757027206966205B74617267655D
:10221000745D20213D20616C6C2E0A0054616B6955
:102220006E6720616C6C206E6F6E2D69676E6F72C9
:102230006564206966616365732061646D696E2DF4
:10224000646F776E2E0A0054616B696E6720696651
:102250006163652025732061646D696E2D646F77FD
:102260006E2E0A005468697320636F6D6D616E6431
:10227000206475706C69636174657320276E657482
:1022800020696661636520646F776E272069662028
:102290005B7461726765745D20213D20616C6C2EFA
:1022A0000A0043616E6E6F74206765742F736574E6
:1022B00020666C61677320666F7220616C6C2069A8
:1022C00066616365732E0A00506C656173652073E7
:1022D000706563696679206120666C61672E0A000B
:1022E00056616C696420666C6167206B6579776FF5
:1022F000726473206172653A0A000925732C0A0022
:1023000050455253495354454E54004E4F5F41552A
:10231000544F5F434F4E4E454354004E4F5F41551F
:10232000544F5F444F574E002573206973206E6FE2
:102330007420612076616C696420666C61672E0A86
:10234000007965730074727565006E6F0066616C6C
:10235000736500506C6561736520737065636966B1
:10236000792074727565206F722066616C73652EBA
:102370000A006966616365202573206973206E6FAA
:102380007420626F756E6420746F206120636F6EBD
:102390006E656374697669747920696D706C656DBA
:1023A000656E746174696F6E2C2063616E6E6F74FC
:1023B000206765742F73657420636F6E6E65637438
:1023C000697669747920666C61672E0A00536574BA
:1023D0002074686520636F6E6E65637469766974D6
:1023E0007920257320666C616720746F2025732027
:1023F0006F6E2069666163652025732E0A0054683C
:10240000652063757272656E742076616C756520E7
:102410006F662074686520257320636F6E6E656338
:1024200074697669747920666C6167206F6E2069C3
:10243000666163652025732069732025732E0A0069
:1024400020286E6F2074696D656F75742900207384
:1024500065636F6E64730043616E6E6F74206765B1
:10246000742F7365742074696D656F757420666F61
:102470007220616C6C206966616365732E0A00507E
:102480006C6561736520737065636966792061208E
:1024900074696D656F75742028696E207365636F4C
:1024A0006E6473292E0A002573206973206E6F7481
:1024B00020612076616C69642074696D656F757444
:1024C0002E0A006966616365202573206973206E9A
:1024D0006F7420626F756E6420746F206120636F6B
:1024E0006E6E656374697669747920696D706C6568
:1024F0006D656E746174696F6E2C2063616E6E6FB2
:1025000074206765742F73657420636F6E6E6563E6
:102510007469766974792074696D656F75742E0AB3
:10252000005365742074686520636F6E6E65637414
:1025300069766974792074696D656F757420666F4A
:102540007220696661636520257320746F2025649D
:1025500025732E0A0054686520636F6E6E65637480
:1025600069766974792074696D656F757420666F1A
:102570007220696661636520257320697320256474
:1025800025732E0A00636D00436F6E74726F6C20AA
:10259000636F6E6E5F6D67722E0069676E6F726536
:1025A00000776174636800666C61670074696D65CB
:1025B0006F75740047657473206F72207365747350
:1025C000207468652074696D656F757420666F721C
:1025D0002074686520737065636966696564206945
:1025E0006E74657266616365005B746172676574C1
:1025F0005D205B6765742F7365745D205B76616C2D
:1026000075655D0047657473206F72207365747320
:10261000206120666C616720666F72207468652097
:1026200073706563696669656420696E7465726656
:10263000616365005B7461726765745D205B6765EB
:10264000742F7365745D205B666C61675D205B76DB
:10265000616C75655D0054616B65732074686520FD
:1026600073706563696669656420696E7465726616
:102670006163652061646D696E2D646F776E005BC8
:102680007461726765745D0054616B657320746872
:10269000652073706563696669656420696E746539
:1026A00072666163652061646D696E2D75700044AA
:1026B0006973636F6E6E65637473207468652073ED
:1026C000706563696669656420696E7465726661C8
:1026D000636500436F6E6E65637473207468652074
:1026E00073706563696669656420696E7465726696
:1026F0006163650057617463686573207468652061
:1027000073706563696669656420696E7465726675
:102710006163650049676E6F726573207468652038
:1027200073706563696669656420696E7465726655
:102730006163650053686F77732074686520636F09
:102740006E6E6563746976697479207374617475EB
:1027500073206F66207468652073706563696669AD
:10276000656420696E7465726661636500495076C0
:102770003420737570706F72742020202020202008
:102780002020202020202020202020202020202049
:10279000202020202020203A2025730A006469731D
:1027A00061626C6564004950763420667261676DC1
:1027B000656E746174696F6E20737570706F72747A
:1027C0002020202020202020202020202020202009
:1027D0003A2025730A004950763420636F6E666C88
:1027E00069637420646574656374696F6E207375C2
:1027F00070706F7274202020202020202020202044
:102800003A2025730A0050617468204D54552044C5
:102810006973636F766572792028504D545529206D
:1028200020202020202020202020202020202020A8
:102830003A2025730A004D6178206E756D626572CD
:10284000206F662049507634206E6574776F726B06
:1028500020696E746572666163657320696E2074A9
:1028600068652073797374656D20202020202020F6
:102870002020203A2025640A004D6178206E756D75
:10288000626572206F6620756E696361737420499A
:10289000507634206164647265737365732070656B
:1028A00072206E6574776F726B20696E74657266E4
:1028B0006163652020203A2025640A004D6178205C
:1028C0006E756D626572206F66206D756C746963DC
:1028D0006173742049507634206164647265737347
:1028E000657320706572206E6574776F726B2069F6
:1028F0006E74657266616365203A2025640A004340
:102900006F72726563742075736167653A206E65D6
:102910007420697076342067617465776179203C32
:10292000696E6465783E203C676174657761795FA4
:1029300069703E0A00496E76616C69642061646466
:10294000726573733A2025730A00436F7272656370
:10295000742075736167653A206E657420697076BE
:102960003420616464203C696E6465783E203C617B
:102970006464726573733E205B3C6E65746D617355
:102980006B3E5D0A006A6F696E0043616E6E6F7424
:10299000202573206D756C74696361737420677290
:1029A0006F757020257320666F7220696E74657272
:1029B0006661636520256420282564290A004E6528
:1029C000746D61736B206973206D697373696E67D1
:1029D0002E0A0043616E6E6F74206164642061642E
:1029E000647265737320257320746F20696E74653B
:1029F00072666163652025640A00496E76616C69C0
:102A000064206E65746D61736B3A20257300436FAB
:102A100072726563742075736167653A206E6574C0
:102A200020697076342064656C203C696E6465783A
:102A30003E203C616464726573733E006C65617630
:102A400065004661696C656420746F2064656C651F
:102A500074652025730A000A495076342061646445
:102A600072657373657320666F7220696E74657228
:102A70006661636520256420282570292028257338
:102A8000290A003D3D3D3D3D3D3D3D3D3D3D3D3DFA
:102A90003D3D3D3D3D3D3D3D3D3D3D3D3D3D3D3D66
:102AA0003D3D3D3D3D3D3D3D3D3D3D3D3D3D3D256E
:102AB000730A004E6F204950763420636F6E66694A
:102AC0006720666F756E6420666F72207468697324
:102AD00020696E746572666163652E0A00556E69C1
:102AE000636173743A0A0A005479706520202020CB
:102AF00020200953746174652020202009526566E6
:102B000009416464726573730A00257320200925E6
:102B1000732020202009256C640925732F25730A52
:102B2000000A4D756C7469636173743A0A0A004A4D
:102B30006F696E6564095265660941646472657304
:102B4000730A00257309256C640925730A00507205
:102B5000696E7420696E666F726D6174696F6E2044
:102B600061626F75742049507634207370656369B3
:102B700066696320696E666F726D6174696F6E203D
:102B8000616E6420636F6E66696775726174696FE8
:102B90006E2E006164640064656C00676174657723
:102BA00061790053657473204950763420676174ED
:102BB0006577617920666F722074686520696E742C
:102BC000657266616365003C696E6465783E203CB1
:102BD000676174657761795F69703E0044656C6513
:102BE0007465732074686520616464726573732012
:102BF00066726F6D2074686520696E7465726661B7
:102C00006365004164647320746865206164647264
:102C100065737320746F2074686520696E746572C3
:102C200066616365003C696E6465783E203C616462
:102C300064726573733E205B3C6E65746D61736B8B
:102C40003E5D004950763620737570706F72742047
:102C50002020202020202020202020202020202074
:102C6000202020202020202020202020203A202545
:102C7000730A00434F4E4649475F4E45545F4950E3
:102C800056360053657420257320616E64202573C9
:102C900020746F20656E61626C65206E6174697668
:102CA0006520257320737570706F72742E0A006929
:102CB000707636005072696E7420696E666F726D40
:102CC0006174696F6E2061626F7574204950763649
:102CD00020737065636966696320696E666F726DE3
:102CE0006174696F6E20616E6420636F6E666967E0
:102CF00075726174696F6E2E004164642F64656C37
:102D0000657465204950763620616464726573731A
:102D100020746F2F66726F6D2066696C7465722007
:102D20006C69737400616464205B616C6C6F777CA8
:102D300064656E795D203C49507636207072656618
:102D400069783E0A70652064656C203C495076368F
:102D5000207072656669783E0A54686520616C6C03
:102D60006F772F64656E7920706172616D6574652F
:102D7000722074656C6C73206966207468697320B6
:102D8000697320616C6C6F77206C69737465642063
:102D900028616363657074656429206F72206465BF
:102DA0006E79206C697374656420286465636C694E
:102DB0006E656429207072656669782E0A446566BE
:102DC00061756C7420697320746F20616C6C6F770F
:102DD000206C697374207468652070726566697808
:102DE00000467261676D656E74206C656E6774680D
:102DF0002025642062797465730A004E6574776FCC
:102E0000726B2062756666657220706F6F6C733AC4
:102E10000A00416464726573730909546F74616CCC
:102E2000094E616D650A0025700925640952580A2A
:102E30000025700925640954580A00257009256485
:102E400009525820444154410A002570092564095B
:102E5000545820444154410A006E65745F6275669F
:102E600020616C6C6F636174696F6E00434F4E46F6
:102E700049475F4E45545F4255465F504F4F4C5F48
:102E80005553414745005072696E7420696E666FF4
:102E9000726D6174696F6E2061626F7574206E650A
:102EA00074776F726B206D656D6F727920757361C9
:102EB00067652E004E61746976652049507636202C
:102EC0006E6F7420656E61626C65642E0A006E62BE
:102ED00072005072696E74206E65696768626F7205
:102EE00020696E666F726D6174696F6E2E00526537
:102EF0006D6F766573206E65696768626F722066B4
:102F0000726F6D2063616368650030780050617294
:102F10007365206572726F723A2025730A00556ED0
:102F20007265636F676E697A656420617267756D3B
:102F3000656E743A2025730A0054617267657420C7
:102F4000686F7374206D697373696E670A004361FB
:102F50006E6E6F7420696E697469616C697A652040
:102F600049434D5020636F6E7465787420666F72AC
:102F70002025730A00496E76616C696420495020EF
:102F8000616464726573730A0050494E472025736B
:102F90000A0074696D653D2564206D730025642009
:102FA00062797465732066726F6D20257320746F6B
:102FB0002025733A2069636D705F7365713D2564E8
:102FC0002074746C3D25642025730A0050696E6777
:102FD0002074696D656F75740A004661696C65647B
:102FE00020746F2073656E642070696E672C206595
:102FF00072723A2025640050696E672061206E6508
:1030000074776F726B20686F73742E0053656E64F3
:103010002049434D507634206F722049434D5076FD
:1030200036204563686F2D52657175657374207421
:103030006F2061206E6574776F726B20686F737498
:10304000005B2D6320636F756E745D205B2D6920BE
:10305000696E74657276616C206D735D205B2D49BD
:10306000203C696661636520696E6465783E5D0A2F
:103070005B2D5120746F735D205B2D73207061791F
:103080006C6F61642073697A655D205B2D702070C0
:1030900072696F726974795D203C686F73743E0069
:1030A000496E76616C6964207074722076616C750B
:1030B0006520282573292E204578616D706C653A4E
:1030C00020307830313032303330340A00506F697C
:1030D0006E746572206973206E6F74207265636F01
:1030E000676E697A6564206173206E65745F706BCA
:1030F0007420282573292E0A006E65745F706B7426
:103100002025702062756666657220636861696E4D
:103110003A0A0025705B256C645D002D3E00257029
:103120005B256C642F2575202825752F2575295D55
:10313000006E65745F706B74202570206275666622
:10314000657220636861696E2068657864756D706A
:103150003A0A006E65745F6275665B25645D2025C2
:10316000700A006E65745F706B7420696E666F72B2
:103170006D6174696F6E2E005072696E7420696E95
:10318000666F726D6174696F6E2061626F75742015
:10319000676976656E206E65745F706B74003C7055
:1031A000747220696E206865783E007061636B659B
:1031B000742066696C74657220696E666F726D61E9
:1031C00074696F6E00434F4E4649475F4E45545FEA
:1031D000504B545F46494C544552005072696E74CE
:1031E00020696E666F726D6174696F6E2061626FC7
:1031F0007574206E6574776F726B207061636B6598
:10320000742066696C746572732E00434F4E464994
:10321000475F4E45545F495056365F504D545520D8
:103220006F7220434F4E4649475F4E45545F4950A9
:1032300056345F504D545500706D74750053686F6F
:103240007720504D545520696E666F726D617469B8
:103250006F6E2E0052656D6F766520616C6C206517
:103260006E74726965732066726F6D20504D54558F
:103270002064657374696E6174696F6E2063616345
:10328000686500434F4E4649475F4E45545F4C3298
:103290005F50505020616E6420434F4E4649475F57
:1032A0004E45545F50505000434F4E4649475F4E85
:1032B00045545F4C325F5050500050505020696E62
:1032C000666F726D6174696F6E2E005072696E74F4
:1032D0007320696E666F726D6174696F6E206162D2
:1032E0006F7574205050500053656E6473204563B1
:1032F000686F2D7265717565737420746F205050FE
:103300005020696E7465726661636500596F75203F
:103310006E6565642061206E6574776F726B2064E2
:10332000726976657220737570706F7274696E67FA
:1033300020506F776572204D616E6167656D656EB7
:10334000742E0A00526573756D652061206E657478
:10335000776F726B20696E74657266616365006E6B
:103360006574776F726B20726F75746500434F4E92
:103370004649475F4E45545F524F5554450053658B
:103380007420257320616E6420257320746F20657E
:103390006E61626C65206E617469766520257320AC
:1033A000737570706F72742E20416E6420656E614B
:1033B000626C6520434F4E4649475F4E45545F520D
:1033C0004F5554450A0053657420257320616E647F
:1033D00020257320746F20656E61626C65206E61BC
:1033E0007469766520257320737570706F72742E02
:1033F00020416E6420656E61626C6520434F4E46CD
:1034000049475F4E45545F524F5554452E0A00536D
:10341000686F77206E6574776F726B20726F75744A
:10342000652E0044656C6574657320746865207250
:103430006F75746520746F2074686520646573749B
:10344000696E6174696F6E003C696E6465783E20D8
:103450003C64657374696E6174696F6E3E004164AB
:1034600064732074686520726F75746520746F20B2
:103470007468652064657374696E6174696F6E0049
:103480003C696E6465783E203C64657374696E6166
:1034900074696F6E3E203C676174657761793E00A8
:1034A000736F636B657420696E666F726D617469AA
:1034B0006F6E00434F4E4649475F4F424A5F434F4E
:1034C000524520616E6420434F4E4649475F4E454A
:1034D000545F534F434B4554535F4F424A5F434FF2
:1034E000524500536F636B65742073657276696330
:1034F00065206E6F7420737570706F727465642EC2
:103500000A00736F636B6574730053686F77206E86
:103510006574776F726B20736F636B6574732E00C5
:10352000434F4E4649475F4E45545F5354415449BB
:1035300053544943530053686F77206E6574776F17
:10354000726B20737461746973746963732E0053B2
:10355000686F7773206E6574776F726B2073746118
:103560007469737469637320666F72206F6E65206F
:103570007370656369666963206E6574776F726BDB
:1035800020696E74657266616365003C696E64658E
:10359000783E205B6F7074696F6E735D0A5479704A
:1035A000652066696C7465723A0A636F6D6D6F6E43
:1035B0003A204F6E6C7920636F6D6D6F6E2073745F
:1035C0006174732028736B6970732046572071757E
:1035D000657279290A76656E646F723A204F6E6C57
:1035E000792076656E646F722D73706563696669A4
:1035F000632073746174730A616C6C3A202020201C
:10360000416C6C2073746174732028646566617505
:103610006C74290A56656E646F72207374617473DA
:1036200020666F726D617420286F6E6C79206170F6
:10363000706C696573207768656E2076656E646F5F
:10364000722073746174732073686F776E293A0AFD
:103650006B65792D76616C75653A204B65792D76B1
:10366000616C75652070616972732028646566619C
:10367000756C74290A6865782D626C6F623A202037
:1036800048657820626C6F6220666F72207061728C
:1036900073696E670A626F74683A202020202020C8
:1036A000426F746820666F726D6174730053686F47
:1036B00077206E6574776F726B20737461746973B1
:1036C0007469637320666F7220616C6C206E657420
:1036D000776F726B20696E746572666163657300E3
:1036E0005B636F6D6D6F6E7C76656E646F727C610F
:1036F0006C6C5D205B6B65792D76616C75657C68A3
:1037000065782D626C6F627C626F74685D005375C2
:103710007370656E642061206E6574776F726B20C4
:10372000696E7465726661636500434F4E46494732
:103730005F4E45545F54435020616E6420434F4EAA
:103740004649475F4E45545F4E41544956450074C3
:10375000637000436F6E6E6563742F73656E642FC4
:10376000636C6F73652054435020636F6E6E6563A6
:1037700074696F6E2E0073656E6400726563760007
:10378000636C6F736500436C6F73657320544350B3
:1037900020636F6E6E656374696F6E00526563655A
:1037A000697665732064617461207573696E672042
:1037B0005443500053656E647320646174612074D7
:1037C0006F2070656572207573696E672054435071
:1037D000003C646174613E00436F6E6E6563747398
:1037E00020746F205443502070656572003C616402
:1037F00064726573733E203C706F72743E00526554
:1038000063656976656420554450207061636B651B
:10381000743A20004D6573736167652073656E743B
:103820000A004E6574776F726B20636F6E746578F3
:1038300074206973206E6F7420757365642E204345
:10384000616E6E6F7420636C6F73652E0A00436146
:103850006E6E6F7420636C6F7365205544502070DA
:103860006F727420282564290A004E6F7420656EDB
:103870006F75676820617267756D656E7473206718
:103880006976656E20666F72207564702073656E50
:103890006420636F6D6D616E640A00496E76616CC1
:1038A000696420706F7274206E756D6265720A00B3
:1038B00043616E6E6F7420676574205544502063B9
:1038C0006F6E7465787420282564290A0049507643
:1038D0003620616E64204950763420617265206420
:1038E000697361626C65642C2063616E6E6F742015
:1038F00025732E0A004E6F20696E746572666163CF
:103900006520746F2073656E6420746F206769761C
:10391000656E20686F73740A0053657474696E670E
:10392000207263762063616C6C6261636B206661F8
:10393000696C656420282564290A0053656E6469F2
:103940006E67207061636B6574206661696C656485
:1039500020282564290A00554450207061636B6556
:10396000742073656E64696E67206661696C656456
:103970000A0043616E6E6F74207075742055445058
:1039800020636F6E7465787420282564290A004EC0
:103990006F7420656E6F75676820617267756D65FD
:1039A0006E747320676976656E20666F7220756429
:1039B000702062696E6420636F6D6D616E640A00D1
:1039C0004E6574776F726B20636F6E7465787420C8
:1039D000616C726561647920696E207573650A0097
:1039E00062696E640042696E64696E6720746F205C
:1039F00055445020706F7274206661696C65642054
:103A0000282564290A00526563656976696E672016
:103A100066726F6D2055445020706F72742066611D
:103A2000696C656420282564290A0053656E642F3B
:103A30007265637620554450207061636B65740035
:103A400053656E647320554450207061636B6574D8
:103A500020746F2061206E6574776F726B20686FC1
:103A60007374003C686F73743E203C706F72743ED8
:103A7000203C7061796C6F61643E00436C6F7365CC
:103A8000732070726576696F75736C7920626F75DB
:103A90006E6420706F72740042696E647320746F7C
:103AA00020554450206C6F63616C20706F727400FD
:103AB0003C616464723E203C706F72743E007669B3
:103AC000727475616C206E6574776F726B20696EAD
:103AD0007465726661636500434F4E4649475F4EA9
:103AE00045545F4C325F5649525455414C007669FB
:103AF000727475616C0053686F772F6D616E6970B9
:103B0000756C617465207669727475616C206E6580
:103B100074776F726B20696E74657266616365732A
:103B20002E00617474616368006465746163680089
:103B300053686F77207669727475616C20696E7452
:103B400065726661636520696E666F726D61746926
:103B50006F6E004465746163682061206E657477E0
:103B60006F726B20696E7465726661636520667240
:103B70006F6D20616E6F7468657220696E74657216
:103B800066616365003C7570706572207669727459
:103B900075616C20696661636520696E6465783E55
:103BA000004174746163682061206E6574776F7280
:103BB0006B20696E7465726661636520746F206145
:103BC0006E6F7468657220696E7465726661636594
:103BD000003C7570706572207669727475616C2036
:103BE000696661636520696E6465783E203C6C6F30
:103BF00077657220696661636520696E6465783EE9
:103C000000434F4E4649475F4E45545F564C414E28
:103C100000766C616E0053686F7720564C414E20E1
:103C2000696E666F726D6174696F6E2E0044656CAB
:103C30006574657320564C414E207461672066722E
:103C40006F6D20746865206E6574776F726B206984
:103C50006E74657266616365003C7461673E004125
:103C600064647320564C414E2074616720746F2049
:103C7000746865206E6574776F726B20696E746509
:103C80007266616365003C7461673E203C696E64E6
:103C900065783E00576562736F636B657400434FD0
:103CA0004E4649475F574542534F434B45545F4348
:103CB0004C49454E5400776562736F636B657400C1
:103CC0005072696E7420696E666F726D6174696F8F
:103CD0006E2061626F757420576562536F636B6508
:103CE0007420636F6E6E656374696F6E732E0071FE
:103CF000627600434F4E4649475F4E45545F5142FE
:103D0000560053657420257320746F20656E6162C0
:103D10006C6520257320737570706F72742E0A0A9B
:103D20000045746865726E6574206E6574776F7295
:103D30006B206D616E6167656D656E7420696E7470
:103D400065726661636500434F4E4649475F4E4565
:103D5000545F4C325F45544845524E45545F4D4781
:103D60004D540051627620636F6D6D616E64730017
:103D70007365745F636F6E666967007365745F6710
:103D800063006765745F696E666F004765742069DC
:103D90006E666F726D6174696F6E00536574206733
:103DA00061746520636F6E74726F6C003C696E6441
:103DB00065783E203C726F773E203C676174655F9A
:103DC000636F6E74726F6C3E203C696E74657276C0
:103DD000616C3E005365742051627620636F6E669D
:103DE000696775726174696F6E003C696E646578AD
:103DF0003E203C626173655F74696D652873293E7E
:103E0000203C626173655F74696D6528322A282DD4
:103E10003136296E73293E0A3C6379636C655F74A1
:103E2000696D652873293E203C6379636C655F7416
:103E3000696D65286E73293E203C6379636C655F0C
:103E400074696D655F657874286E73293E203C6CDB
:103E50006973745F6C656E3E00456E61626C6520CF
:103E6000516276003C696E6465783E203C6F6E2C32
:103E7000206F66663E0057697265677561726420DF
:103E800056504E00576972656775617264205650CE
:103E90004E207374617469737469637300434F4E89
:103EA0004649475F4E45545F535441544953544922
:103EB00043535F56504E2C20434F4E4649475F4E6A
:103EC00045545F535441544953544943535F5553E8
:103ED00045525F41504920616E6420434F4E464930
:103EE000475F574952454755415244007767005351
:103EF000686F7720696E666F726D6174696F6E208E
:103F000061626F75742074686520576972656775A2
:103F10006172642056504E20636F6E6E65637469E3
:103F20006F6E732E006B656570616C69766500530A
:103F3000686F77207374617469737469637320693F
:103F40006E666F726D6174696F6E2061626F7574F9
:103F500020746865205769726567756172642056C0
:103F6000504E20636F6E6E656374696F6E732E20A2
:103F70005468652073746174697374696373206332
:103F8000616E2062652072657365742062792075A8
:103F900073696E672074686520277265736574277E
:103FA00020636F6D6D616E64005B72657365745D37
:103FB000005365747570206C6F63616C2056504EB1
:103FC000206E6574776F726B20696E7465726661BE
:103FD0006365005B2D692C202D2D69666163653D4D
:103FE0003C696E7465726661636520696E646578AC
:103FF0003E5D3A20496E7465726661636520696E44
:104000006465780A2D6B2C202D2D70726976617491
:10401000652D6B6579203C6B65793E3A205072695D
:1040200076617465206B657920696E2062617365C5
:10403000363420666F726D61740053686F77206943
:104040006E666F726D6174696F6E2061626F7574F8
:1040500020746865205769726567756172642056BF
:10406000504E20636F6E6E656374696F6E732E20A1
:10407000546F206765742064657461696C656420A1
:10408000696E666F726D6174696F6E2061626F75C3
:1040900074206120737065636966696320636F6E65
:1040A0006E656374696F6E2C207573652074686526
:1040B000202773686F77203C69643E2720636F6D0B
:1040C0006D616E64005B3C69643E5D0053656E64C7
:1040D0002061206B656570616C697665206D657324
:1040E0007361676520746F20706565720044656C4C
:1040F000657465206120706565722E20416E79209F
:104100006578697374696E6720636F6E6E6563743A
:10411000696F6E206973207465726D696E61746574
:1041200064005B2D692C202D2D6964203C70656531
:10413000722D69643E5D0041646420612070656594
:104140007220696E206F7264657220746F206573CF
:104150007461626C69736820612056504E20636FF1
:104160006E6E656374696F6E002D6B2C202D2D7043
:1041700075626C69632D6B6579203C6B65793E0ACD
:104180002D652C202D2D656E64706F696E74203C3A
:104190006970206164647265737320616E6420705D
:1041A0006F72743E0A5B2D612C202D2D616C6C6F3B
:1041B0007765642D697073203C6970616464722F47
:1041C0006D61736B2D6C656E3E5D0A5B2D742C20EA
:1041D0002D2D6B656570616C697665203C73656338
:1041E0006F6E64733E5D0A5B3C7065657220656E40
:1041F00064706F696E7420495076342F3620616484
:1042000064726573733E3A3C706F72743E5D0A501F
:10421000656572207075626C69632F707269766172
:104220007465206B6579206D7573742062652069F3
:104230006E2062617365363420666F726D61742E14
:104240000A416C6C6F77656420495076342F3620B4
:104250006164647265737365732063616E20626567
:104260002073706563696669656420776974682086
:104270006F7074696F6E616C206D61736B206C651B
:104280006E677468202864656661756C74203332CB
:1042900020666F72204950763420616E642031327E
:1042A0003820666F722049507636292E205365706B
:1042B0006172617465206D756C7469706C652061E4
:1042C000646472657373657320627920636F6D6DCA
:1042D00061206F722073706163650A50656572209A
:1042E000656E64706F696E742069732073706563A6
:1042F000696669656420696E2074686520666F72FE
:104300006D61740A3C49507634206164647265734F
:10431000733E3A3C706F72743E206F72205B3C4972
:1043200050763620616464726573733E5D3A3C700A
:104330006F72743E0A4B656570616C6976652074B6
:10434000696D65206973207370656369666965646A
:1043500020696E207365636F6E64732E204966203A
:1043600073657420746F2030202864656661756CF5
:1043700074292C206E6F206B656570616C697665A1
:10438000206D657373616765732061726520736565
:104390006E742E0A4578616D706C65733A0A6E65AD
:1043A0007420776720616464202D6B20626D393042
:1043B00049484E6C64413D3D202D61203139382EF5
:1043C00035312E3130302E312F32342C32303031E5
:1043D0003A6462383A3130303A3A312F3634202D4F
:1043E00065205B323030313A6462383A3A325D3AB5
:1043F0003531383230202D742036300A6E65742005
:10440000776720616464202D6B205A4756324947F4
:1044100035316247773D202D61203139382E3531D5
:104420002E3130302E312F3234202D65203139326B
:104430002E302E322E323A3531383230004C322086
:1044400044697361626C6564007070705F747800B9
:10445000574553545F544F504449522F7A65706802
:1044600079722F7375627379732F6E65742F6C3246
:104470002F7070702F7070705F6C322E63005468F4
:1044800065726520617265206E6F205050502070FB
:10449000726F746F636F6C7320636F6E666967759C
:1044A00072656421004E6F204C435020666F756E1C
:1044B00064210074785F68616E646C65725F746813
:1044C00072656164006E65745F6C325F707070005D
:1044D000574553545F544F504449522F7A65706882
:1044E00079722F7375627379732F6E65742F6C32C6
:1044F0002F7070702F66736D2E63006661696C6536
:104500006420746F20616C6C6F63617465206275E8
:104510006666657200574553545F544F5044495284
:104520002F7A65706879722F7375627379732F6E45
:1045300065742F6C322F7070702F6C696E6B2E63E8
:10454000004E6F206E6574776F726B2070726F749F
:104550006F636F6C73206F70656E00416C6C206EC2
:104560006574776F726B7320646F776E004C435085
:1045700020646F776E00574553545F544F50444941
:10458000522F7A65706879722F7375627379732F01
:104590006E65742F6C322F7070702F6E6574776F2C
:1045A000726B2E63004E6F7420616C6C206E6574AC
:1045B000776F726B2070726F746F636F6C7320779C
:1045C00065726520636C6F7365642028256429001B
:1045D000574553545F544F504449522F7A65706881
:1045E00079722F7375627379732F6E65742F6C32C5
:1045F0002F7070702F6D6973632E6300436F756C3D
:1046000064206E6F74207365742049502061646467
:10461000726573732025730005626C616E6B0562B1
:104620006C616E6B006E65745F636F7265004E6FD8
:104630002064656661756C7420696E74657266616C
:10464000636520666F756E642100574553545F544F
:104650004F504449522F7A65706879722F73756292
:104660007379732F6E65742F69702F6E65745F692F
:10467000662E63004D756C746963617374206164A8
:104680006472657373202570206973206672656596
:104690006420616C7265616479004661696C65646F
:1046A00020746F20757064617465206F706572206E
:1046B000737461746520746F2025640043616E6EAD
:1046C0006F74206A6F696E206D636173742061641A
:1046D000647265737320257320666F7220256420D1
:1046E0002825642900536B69707065642025642057
:1046F0006D65737361676573006966616365202525
:104700006420706B742025702073656E6420666170
:10471000696C75726520737461747573202564000B
:104720003C696E76616C69643E0049666163652030
:104730002570206472697665722041504920696E47
:104740006974204E554C4C007070702564006E6585
:104750007425640043616E6E6F7420736574206409
:10476000656661756C74206E616D6520666F722080
:10477000696E746572666163652025642028257002
:1047800029202825642900546865726520697320F2
:104790006E6F206E6574776F726B20696E746572D0
:1047A0006661636520746F20776F726B2077697420
:1047B000682100596F75206861766520257A75201B
:1047C00049507634206E65745F6966206164647256
:1047D000657373657320627574202564206E65743B
:1047E000776F726B20696E746572666163657300C2
:1047F000436F6E736964657220696E63726561737D
:10480000696E6720434F4E4649475F4E45545F49A6
:10481000465F4D41585F495056345F434F554E54A3
:104820002076616C75652E00554E4B4E4F574E00ED
:104830004E4F5450524553454E54004C4F574552DD
:104840004C41594552444F574E0054455354494EDC
:104850004700444F524D414E54006E65745F696687
:10486000004E45545F4F4B004E45545F434F4E54EE
:10487000494E5545004E45545F44524F50003C75DB
:104880006E6B6E6F776E3E0049434D507634005527
:1048900044500049434D5076360043414E5F5241EB
:1048A0005700554E4B5F50524F544F0041465F49A1
:1048B0004E45540041465F494E455436006E65747E
:1048C0005F7574696C7300574553545F544F50447F
:1048D00049522F7A65706879722F73756273797394
:1048E0002F6E65742F69702F6E65745F6D676D74C0
:1048F0002E63004576656E74203078256C6C7820C8
:10490000696E666F206C656E67746820257A752005
:104910003E206D61782073697A6520257A7500469E
:1049200061696C75726520746F207075736820659D
:1049300076656E7420283078256C6C78292C20746C
:10494000727920696E6372656173696E672074683D
:10495000652027434F4E4649475F4E45545F4D47BC
:104960004D545F4556454E545F51554555455F532F
:10497000495A4527206F722027434F4E4649475FCB
:104980004E45545F4D474D545F4556454E545F511B
:10499000554555455F54494D454F555427206F7037
:1049A00074696F6E732E006E65745F6D676D740051
:1049B000574553545F544F504449522F7A6570689D
:1049C00079722F7375627379732F6E65742F6970A6
:1049D0002F6E65745F636F6E746578742E63004329
:1049E000616E6E6F742062696E6420746F2025732F
:1049F00000506F727420256420697320696E2075E1
:104A00007365210044524F503A20737263206164F1
:104A1000647220697320756E737065636966696579
:104A200064004661696C656420746F20616C6C6F12
:104A300063617465206E65745F706B7400417661AC
:104A4000696C61626C65207061796C6F6164206271
:104A500075666665722028257A7529206973206E2F
:104A60006F7420656E6F75676820666F722072655F
:104A70007175657374656420444752414D20282543
:104A80007A752900434F4E4E454354494E470043E3
:104A90004F4E4E4543544544004C495354454E49AE
:104AA0004E47006E65745F6374780052657175657A
:104AB0007374656420746F6F206C61726765206623
:104AC0007261676D656E742E20496E6372656173E5
:104AD0006520434F4E4649475F4E45545F42554619
:104AE0005F444154415F53495A452E00446174610B
:104AF000206275666665722028257A752920616CAA
:104B00006C6F636174696F6E206661696C65642E99
:104B100000556E636F6E746967756F75732064619D
:104B200074612063616E6E6F74206265206C696EC3
:104B3000656172697A65640043616E6E6F742063AB
:104B400072656174652054432068616E646C65729F
:104B5000207468726561642025640072785F715BFF
:104B600025645D006E65745F7463005072696F72D6
:104B700069747920256420697320746F6F206C61DB
:104B80007267652C206D6178696D756D20616C6C44
:104B90006F7765642069732025640057726F6E67B4
:104BA00020616464726573732066616D696C79005D
:104BB0006E65745F69636D70004C6F63616C20613A
:104BC0006464726573732066616D696C79206E6FC1
:104BD00074207365740052656D6F74652061646440
:104BE000726573732066616D696C79206E6F7420D5
:104BF000736574004964656E746963616C20636FEA
:104C00006E6E656374696F6E2068616E646C657248
:104C100020257020616C726561647920666F756E05
:104C2000642E004E6F7420656E6F75676820636F29
:104C30006E6E656374696F6E20636F6E74657874F1
:104C4000732E20436F6E736964657220696E6372A0
:104C5000656173696E6720434F4E4649475F4E4515
:104C6000545F4D41585F434F4E4E2E004164647275
:104C70006573732066616D696C696573206469662C
:104C8000666572656E74006E65745F636F6E6E004C
:104C900043616E6E6F74207265676973746572200C
:104CA00025732068616E646C657220282564290074
:104CB00038006E65745F69636D707634006E65747C
:104CC0005F69707634006E65745F75647000636F41
:104CD0006E6E5F6D67725F6D6F6E69746F72006389
:104CE0006F6E6E5F6D677200574553545F544F503F
:104CF0004449522F7A65706879722F696E636C75BA
:104D000064652F7A65706879722F6E65742F636F92
:104D10006E6E5F6D67725F636F6E6E6563746976EA
:104D20006974795F696D706C2E680069666163658E
:104D3000206175746F2D636F6E6E6563742066619C
:104D4000696C65643A20256400696E76616C6964FB
:104D5000006E65745F69665F75700025732066611B
:104D6000696C656420666F722069666163652025E1
:104D70006420282570292E204572726F723A2025F2
:104D80006400466174616C20636F6E6E6563746964
:104D900076697479206572726F72206F6E20696611
:104DA00061636520256420282570292E20526561C5
:104DB000736F6E3A2025642E00556E6B6E6F776EA2
:104DC00020666174616C20636F6E6E6563746976D2
:104DD000697479206572726F72206F6E20696661E6
:104DE000636520256420282570292E00436F6E6E90
:104DF000656374697669747920696D706C656D6539
:104E00006E746174696F6E20686173204E554C4CEE
:104E1000204150492C20616E642077696C6C2062BF
:104E2000652074726561746564206173206E6F6EB5
:104E30002D6578697374656E742E00574553545F01
:104E4000544F504449522F7A65706879722F7375A8
:104E5000627379732F6E65742F636F6E6E5F6D670B
:104E6000722F636F6E6E5F6D67725F636F6E6E65DC
:104E7000637469766974792E63006E65745F696620
:104E80005F646F776E00636F6E6E5F6D67725F69F0
:104E9000665F636F6E6E65637400636F6E6E5F6DE9
:104EA00067725F69665F646973636F6E6E65637472
:104EB00000636F6E6E5F6D67725F636F6E6E00573B
:104EC0004553545F544F504449522F7A6570687966
:104ED000722F7375627379732F7A6275732F7A628A
:104EE00075732E6300574553545F544F50444952D5
:104EF0002F7A65706879722F696E636C7564652F9F
:104F00007A65706879722F7A6275732F7A62757319
:104F10002E6800636F756C64206E6F742064656C1E
:104F200069766572206E6F74696669636174696F12
:104F30006E20746F206F62736572766572202573C0
:104F40002E204572726F7220636F646520256400A5
:104F50007A62757300574553545F544F5044495219
:104F60002F7A65706879722F647269766572732F13
:104F7000636C6F636B5F636F6E74726F6C2F636CC7
:104F80006F636B5F636F6E74726F6C5F6E72662EB1
:104F90006300636C6F636B403130653030300063A9
:104FA0006C6F636B006866636C6B006C66636C6B44
:104FB00000636C6F636B5F636F6E74726F6C00572E
:104FC0004553545F544F504449522F7A6570687965
:104FD000722F647269766572732F636C6F636B5F97
:104FE000636F6E74726F6C2F6E72665F636C6F634B
:104FF0006B5F63616C6962726174696F6E2E6300CE
:105000007073612D726E67007073615F726E6700FE
:10501000574553545F544F504449522F7A65706836
:1050200079722F696E636C7564652F7A6570687923
:10503000722F647269766572732F6770696F2F675C
:1050400070696F5F7574696C732E680057455354AF
:105050005F544F504449522F6D6F64756C65732FC8
:1050600068616C2F6E6F726469632F6E7266782F41
:1050700068616C2F6E72665F6770696F2E6800578B
:105080004553545F544F504449522F7A65706879A4
:10509000722F647269766572732F6770696F2F67FC
:1050A00070696F5F6E7266782E63006770696F302B
:1050B000006770696F31006770696F32004750494F
:1050C0004F20706F7274202573206E6F742072658C
:1050D000616479006661696C656420746F20636F38
:1050E0006E666967757265204750494F20686F6723
:1050F00020666F7220706F72742025732070696E45
:105100002025752028657272202564290067706942
:105110006F5F686F677300693263004E6565642076
:10512000746F207573652074686520696E7465728C
:105130006E616C2064726976657220627566666560
:105140007220627574206974732073697A652069AE
:105150007320696E73756666696369656E7420286D
:105160002575202B202575203E202575292E2041D0
:10517000646A75737420746865207A6570687972E2
:105180002C636F6E6361742D6275662D73697A6529
:10519000206F72207A65706879722C666C61736812
:1051A0002D6275662D6D61782D73697A6520707238
:1051B0006F70657274792028746865206F6E652041
:1051C0007769746820677265617465722076616CB6
:1051D00075652920696E2074686520222573222058
:1051E0006E6F64652E006932634063373030300083
:1051F0006932633231006932635F6E7266785F7460
:1052000077696D00756E737570706F727465642068
:10521000737065656400547279696E6720746F20DD
:105220007472616E73666572206D6F72652074684A
:10523000616E20746865206D6178696D756D20738D
:10524000697A6520666F7220746869732064657678
:105250006963653A202564203E2025640046616923
:105260006C656420746F20696E697469616C697A19
:1052700065206465766963653A202573006E706DFC
:105280003133303040366200706D69635F6D616943
:105290006E006D6F64656D5F7070705F7070705FD1
:1052A0006E6F726469635F6E726639336D313000A0
:1052B0006E6F726469635F6E726639336D315F73EE
:1052C000687574646F776E5F636861745F7363722F
:1052D00069707400415425504F57443D31006E6F42
:1052E000726469635F6E726639336D315F646961E0
:1052F0006C5F636861745F736372697074004154BA
:10530000442A39392A2A2A3123006E6F726469636C
:105310005F6E726639336D315F6E6574776F726B75
:105320005F636861745F7363726970740041542BCA
:1053300043455245473D310041542B4346554E3D70
:1053400031006E6F726469635F6E726639336D31FE
:105350005F696E69745F636861745F7363726970BB
:105360007400415445300041542B4946433D322C92
:10537000320041542B434D55583D302C302C352CA8
:10538000313237002B435245473A20002B434552D8
:1053900045473A20002B43475245473A20002B43CC
:1053A0004745563A2000415050205244590052651A
:1053B00061647900504F574552454420444F574E41
:1053C0000042555359004E4F20414E53574552000D
:1053D0004E4F2043415252494552004E4F204449BE
:1053E000414C544F4E45006F70656E696E6720707A
:1053F000697065007069706520636F6E6E656374B7
:105400006564007069706520646973636F6E6E65B2
:10541000637465640070697065206F70656E6564A3
:1054200000636861742072656C6561736564006314
:10543000686174206174746163686564006D6F6491
:10544000656D5F61745F757365725F70697065002B
:105450004661696C656420746F20676574205541EE
:10546000525420636F6E66696775726174696F6EFE
:105470002028256429004661696C656420746F20CA
:10548000736574206E6577206261756472617465FE
:1054900020282564290041542B434744434F4E5450
:1054A0003D312C224950222C22257322006661694D
:1054B0006C656420746F20656E746572207374610E
:1054C0007465206572726F723A20256900666169A1
:1054D0006C656420746F206C6561766520737461FF
:1054E00074652C206572726F723A202569004661DE
:1054F000696C656420746F20736574206C696E6BD1
:105500002061646472657373206F6E205050502068
:10551000696E74657266616365202825642900469A
:1055200061696C656420746F2061747461636820C4
:1055300050505020746F20444C434932004D6178E4
:10554000696D756D20736372697074206661696C32
:105550007572657320726561636865642C2072657D
:105560007374617274696E67206D6F64656D00207D
:105570004143540044455441434800444541435449
:1055800000574553545F544F504449522F7A657029
:105590006879722F647269766572732F6D6F6465B6
:1055A0006D2F6D6F64656D5F63656C6C756C61729A
:1055B0002E63004661696C656420746F20636F6EB2
:1055C0006669677572652072696E67204750494F3A
:1055D0002028256429004661696C656420746F2069
:1055E0006164642072696E67204750494F2063618F
:1055F0006C6C6261636B2028256429004661696CCC
:10560000656420746F20636F6E66696775726520CC
:1056100072696E67204750494F20696E74657272D7
:10562000757074202825642900696E7465726E6532
:1056300074006D6F64656D5F63656C756C6C617231
:105640005F7365745F61706E006765745F7369672F
:105650006E616C5F636573715F636861745F7363D0
:10566000726970740041542B43455351006765744F
:105670005F7369676E616C5F6373715F63686174A8
:105680005F7363726970740041542B435351002B54
:10569000434553513A20002B4353513A20006D6F3C
:1056A00064656D5F63656C6C756C61720047504931
:1056B0004F20706F7274202573206973206E6F7491
:1056C00020726561647900426C6F636B696E67205C
:1056D000616374696F6E732063616E6E6F742072A4
:1056E000756E20696E207468697320636F6E7465CF
:1056F0007874002573206973206E6F77204F4E00F9
:105700002573206973206E6F77204F4646006D6FBA
:1057100064656D5F6463646300706F7765725F6476
:105720006F6D61696E5F6770696F004C444F310047
:105730006C646F315F337633004255434B320076F1
:1057400064645F64626772004255434B3100766463
:10575000645F6E726600726567756C61746F7273F8
:1057600000726567756C61746F7240313230303031
:105770003000574553545F544F504449522F7A6577
:10578000706879722F647269766572732F73656EB3
:10579000736F722F6E6F726469632F74656D702FF3
:1057A00074656D705F6E7266352E630074656D7022
:1057B0004064373030300074656D700074656D7012
:1057C0005F6E72663500574553545F544F504449DD
:1057D000522F7A65706879722F6472697665727378
:1057E0002F73656E736F722F6E6F726469632F6EA5
:1057F000706D313378785F636861726765722F6EA0
:10580000706D313378785F636861726765722E639B
:10581000006E706D313330305F636861726765723E
:1058200000574553545F544F504449522F7A657086
:105830006879722F647269766572732F7365726905
:10584000616C2F756172745F6173796E635F7278DA
:105850002E6300574553545F544F504449522F7A9A
:1058600065706879722F647269766572732F7365DB
:105870007269616C2F756172745F6E7266785F75A4
:10588000617274652E63007561727440313034301A
:10589000303000756172743330007561727431009C
:1058A00075617274323000756172745F6E72667801
:1058B0005F756172746500574553545F544F50448F
:1058C00049522F7A65706879722F647269766572B1
:1058D000732F74696D65722F6E72665F6772746381
:1058E0005F74696D65722E63007761746368646FBD
:1058F00067403130393030300077647433310077AD
:1059000064745F6E7266780054462D4D206E6F6E23
:105910002D7365637572652063616C6C6261636B86
:1059200020696E697469616C697A6174696F6E204F
:105930006661696C65642C206572726F723A20250D
:1059400064002A2A2A2A2A205345435552452046D4
:1059500041554C54202A2A2A2A2A002020416464D6
:10596000726573733A2030782578002020496E766E
:10597000616C696420656E74727920706F696E74F1
:10598000002020496E76616C696420696E746567D9
:1059900072697479207369676E617475726500202D
:1059A00020496E76616C69642065786365707469FE
:1059B0006F6E2072657475726E002020417474726F
:1059C00069627574696F6E20756E69742076696F8F
:1059D0006C6174696F6E002020496E76616C696439
:1059E000207472616E736974696F6E0020204C615F
:1059F0007A7920737461746520707265736572764C
:105A00006174696F6E0020204C617A792073746133
:105A10007465206572726F72002A2A2A2A2A20531E
:105A2000505520494E54455252555054202A2A2A46
:105A30002A2A00202053656375726974792076697B
:105A40006F6C6174696F6E20666F72207468652078
:105A5000666C617368206D656D6F7279207370611B
:105A600063650020205365637572697479207669D7
:105A70006F6C6174696F6E20666F72207468652048
:105A800052414D206D656D6F727920737061636551
:105A900000202053656375726974792076696F6C94
:105AA0006174696F6E206F6E206F6E65206F72205B
:105AB0007365766572616C20706572697068657275
:105AC000616C732E00574553545F544F50444952F4
:105AD0002F6E72662F6D6F64756C65732F7472759F
:105AE000737465642D6669726D776172652D6D2FB3
:105AF0006661756C742E6300574553545F544F5064
:105B00004449522F6D6F64756C65732F68616C2FFB
:105B10006E6F726469632F6E7266782F6472697635
:105B20006572732F7372632F6E7266785F636C6F2A
:105B3000636B2E6300574553545F544F5044495292
:105B40002F6D6F64756C65732F68616C2F6E6F724B
:105B50006469632F6E7266782F64726976657273FA
:105B60002F7372632F6E7266785F636C6F636B5F07
:105B70006C66636C6B2E6300574553545F544F50F3
:105B80004449522F6D6F64756C65732F68616C2F7B
:105B90006E6F726469632F6E7266782F64726976B5
:105BA0006572732F7372632F6E7266785F636C6FAA
:105BB000636B5F786F2E6300574553545F544F50AB
:105BC0004449522F6D6F64756C65732F68616C2F3B
:105BD0006E6F726469632F6E7266782F6472697675
:105BE0006572732F7372632F6E7266785F67706968
:105BF0006F74652E6300574553545F544F504449AA
:105C0000522F6D6F64756C65732F68616C2F6E6FAA
:105C1000726469632F6E7266782F68616C2F6E7282
:105C2000665F6770696F74652E6800574553545FEF
:105C3000544F504449522F6D6F64756C65732F68D3
:105C4000616C2F6E6F726469632F6E7266782F6855
:105C5000616C2F6E72665F677274632E68005745C1
:105C600053545F544F504449522F6D6F64756C65A7
:105C7000732F68616C2F6E6F726469632F6E72662A
:105C8000782F647269766572732F7372632F6E72E8
:105C900066785F677274632E6300574553545F5490
:105CA0004F504449522F6D6F64756C65732F686156
:105CB0006C2F6E6F726469632F6E7266782F6472D8
:105CC00069766572732F7372632F6E7266785F7474
:105CD00077696D2E6300574553545F544F504449C4
:105CE000522F6D6F64756C65732F68616C2F6E6FCA
:105CF000726469632F6E7266782F6472697665725A
:105D0000732F7372632F6E7266785F7764742E637D
:105D100000574553545F544F504449522F7A657091
:105D20006879722F6B65726E656C2F646576696336
:105D3000652E630048616C74696E672073797374B3
:105D4000656D00556E6B6E6F776E206572726F7247
:105D500000756E6B6E6F776E003E3E3E205A45506A
:105D600048595220464154414C204552524F5220EE
:105D700025643A202573206F6E20435055202564FA
:105D8000004661756C7420647572696E6720696E77
:105D9000746572727570742068616E646C696E6788
:105DA0000A0043757272656E74207468726561646E
:105DB0003A202570202825732900574553545F54F5
:105DC0004F504449522F7A65706879722F6B657213
:105DD0006E656C2F666174616C2E630043505520B4
:105DE000657863657074696F6E00556E68616E6486
:105DF0006C656420696E746572727570740053749A
:105E000061636B206F766572666C6F77004B6572AD
:105E10006E656C206F6F7073004B65726E656C20E1
:105E200070616E696300574553545F544F50444945
:105E3000522F7A65706879722F6B65726E656C2F60
:105E4000696E69742E630069646C65006F73005736
:105E50004553545F544F504449522F7A65706879C6
:105E6000722F6B65726E656C2F6B686561702E6347
:105E700000574553545F544F504449522F7A657030
:105E80006879722F6B65726E656C2F6D656D5F73CF
:105E90006C61622E6300574553545F544F50444920
:105EA000522F7A65706879722F6B65726E656C2FF0
:105EB000696E636C7564652F6B73636865642E68C7
:105EC00000574553545F544F504449522F7A6570E0
:105ED0006879722F6B65726E656C2F69646C652EC4
:105EE0006300574553545F544F504449522F7A65CD
:105EF000706879722F6B65726E656C2F6D73675F5A
:105F0000712E6300574553545F544F504449522FEC
:105F10007A65706879722F6B65726E656C2F6D751E
:105F20007465782E6300574553545F544F5044496D
:105F3000522F7A65706879722F6B65726E656C2F5F
:105F400073656D2E6300574553545F544F50444959
:105F5000522F7A65706879722F6B65726E656C2F3F
:105F6000776F726B2E63002B00574553545F544F6D
:105F7000504449522F7A65706879722F6B65726E42
:105F8000656C2F7468726561642E630064756D6D55
:105F90007900736C656570696E670061626F727419
:105FA000696E670073757370656E64696E67007102
:105FB000756575656400574553545F544F504449A7
:105FC000522F7A65706879722F6B65726E656C2FCF
:105FD00073636865642E6300574553545F544F5094
:105FE0004449522F7A65706879722F6B65726E65BD
:105FF0006C2F696E636C7564652F6B746872656174
:10600000642E6800574553545F544F504449522FF3
:106010007A65706879722F6B65726E656C2F696E28
:10602000636C7564652F6B737761702E68005745DC
:1060300053545F544F504449522F7A6570687972B7
:106040002F6B65726E656C2F74696D65736C696317
:10605000696E672E6300574553545F544F5044494F
:10606000522F7A65706879722F6B65726E656C2F2E
:106070007468726561645F6D6F6E69746F722E63B0
:1060800000574553545F544F504449522F7A65701E
:106090006879722F6B65726E656C2F74696D656FB0
:1060A00075742E6300574553545F544F5044495202
:1060B0002F7A65706879722F6B65726E656C2F70C0
:1060C0006F6C6C2E6300574553545F544F504449D6
:1060D000522F7A65706879722F6B65726E656C2FBE
:1060E0006576656E74732E6300574553545F544F45
:1060F000504449522F7A65706879722F6B65726EC1
:10610000656C2F6D656D706F6F6C2E6300737973A6
:10611000776F726B71006E616E00286E756C6C2902
:1061200000206D657373616765732064726F7070B2
:106130006564202D2D2D0D0A1B5B306D001B5B311E
:106140003B33316D2D2D2D20000001010301000393
:1061500001202D20002020001B5B366E00736D6631
:106160005F7365745F737461746500001C3824701C
:106170006C4854E0FCD8C4908CA8B4F9F9F9F9F94A
:1061800000000000000000000A100A200E010E02AC
:106190001201120212081601160222012202220422
:1061A0002208221000010405020608090F02000758
:1061B00018232323232323232323232323230001FF
:1061C0000200000000000000A1EC08000000000038
:1061D00000010000000000000000000000000000BE
:1061E00000000000000000000000000000000000AF
:1061F0000000000000000000A9F4080000000000FA
:10620000000100000000000000000000000000008D
:10621000000000000000000000000000000000007E
:10622000000000000000000000000000F1630B000F
:1062300000000000000000000000000078000220C4
:106240007800022001000000010000008800022008
:106250008800022090000220900002200000000030
:10626000000000000000000000000000000000002E
:10627000000000000000000000000000000000001E
:10628000000000000000000000000000000000000E
:10629000000000000000000000000000F1630B009F
:1062A000000000000000000000000000E8000220E4
:1062B000E80002200100000001000000F8000220B8
:1062C000F80002200001022000010220000000006E
:1062D00000000000000000000000000000000000BE
:1062E00000000000000000000000000000000000AE
:1062F000000000000000000000000000000000009E
:10630000000000000000000000000000F1630B002E
:106310000000000000000000000000005801022002
:106320005801022001000000010000006801022065
:1063300068010220700102207001022000000000AC
:10634000000000000000000000000000000000004D
:10635000000000000000000000000000000000003D
:10636000000000000000000000000000000000002D
:10637000000000008000000000000000FD510A0045
:1063800000000000948C0B0000000000C8010220F7
:10639000C80102200100000001000000D801022015
:1063A000D8010220E0010220E001022000000000EC
:1063B00000000000000000000000000000000000DD
:1063C00000000000000000000000000000000000CD
:1063D00000000000000000000000000000000000BD
:1063E00000000000000000000000000000000000AD
:1063F000000000000000000000000000000000009D
:10640000000000000000000000000000000000008C
:10641000000000000000000000000000000000007C
:10642000000000000000000000000000000000006C
:10643000000000000000000000000000000000005C
:10644000000000000000000000000000000000004C
:10645000000000000000000000000000000000003C
:10646000000000000000000000000000000000002C
:10647000000000000000000000000000000000001C
:10648000000000000000000000000000000000000C
:1064900000000000000000000000000000000000FC
:1064A0000000000003000000166A02200004000043
:1064B00000000000685C02200000000000000000F6
:1064C00000000000000000000000000000000000CC
:1064D00000000000000000000000000000000000BC
:1064E00000000000000000000000000000000000AC
:1064F000000000000000000000000000000000009C
:10650000000000000000000000000000000000008B
:10651000000000000000000000000000000000007B
:10652000000000000000000000000000000000006B
:10653000000000000000000000000000000000005B
:10654000000000000000000000000000000000004B
:10655000000000000000000000000000000000003B
:10656000000000000000000000000000000000002B
:106570000000000000000000000000000400000017
:10658000166602200004000000000000545C022097
:1065900000000000000000000000000000000000FB
:1065A00000000000000000000000000000000000EB
:1065B00000000000000000000000000000000000DB
:1065C00000000000000000000000000000000000CB
:1065D00000000000000000000000000000000000BB
:1065E00000000000000000000000000000000000AB
:1065F000000000000000000000000000000000009B
:10660000000000000000000000000000000000008A
:10661000000000000000000000000000000000007A
:10662000000000000000000000000000000000006A
:10663000000000000000000000000000000000005A
:10664000000000000000000000000000000000004A
:10665000000000000000000000000000000000003A
:10666000000000000000000000000000000000002A
:10667000000000000000000000000000000000001A
:10668000000000000000000000000000000000000A
:1066900000000000000000000000000000000000FA
:1066A00000000000000000000000000000000000EA
:1066B00000000000000000000000000000000000DA
:1066C00000000000000000000000000000000000CA
:1066D00000000000000000000000000000000000BA
:1066E00000000000000000000000000000000000AA
:1066F000000000000000000000000000000000009A
:106700000000000000000000000000000000000089
:106710000000000000000000000000000000000079
:106720000000000000000000000000000000000069
:106730000000000000000000000000000000000059
:106740000000000000000000000000000000000049
:106750000000000000000000000000000000000039
:106760000000000000000000000000000000000029
:106770000000000000000000000000000000000019
:106780000000000000000000000000000000000009
:1067900000000000000000000000000000000000F9
:1067A00000000000000000000000000000000000E9
:1067B00000000000000000000000000000000000D9
:1067C00000000000000000000000000000000000C9
:1067D00000000000000000000000000000000000B9
:1067E00000000000000000000000000000000000A9
:1067F0000000000000000000000000000000000099
:106800000000000000000000000000000000000088
:106810000000000000000000000000000000000078
:106820000000000000000000000000000000000068
:106830000000000000000000000000000000000058
:106840000000000000000000000000000000000048
:106850000000000000000000000000000000000038
:106860000000000000000000000000000000000028
:106870000000000000000000000000000000000018
:106880000000000000000000000000000000000008
:1068900000000000000000000000000000000000F8
:1068A00000000000000000000000000000000000E8
:1068B00000000000000000000000000000000000D8
:1068C00000000000000000000000000000000000C8
:1068D00000000000000000000000000000000000B8
:1068E00000000000000000000000000000000000A8
:1068F0000000000000000000000000000000000098
:106900000000000000000000000000000000000087
:106910000000000000000000000000000000000077
:106920000000000000000000000000000000000067
:106930000000000000000000000000000000000057
:106940000000000000000000000000000000000047
:106950000000000000000000000000000000000037
:106960000000000000000000000000000000000027
:106970000000000000000000000000000000000017
:106980000000000000000000000000000000000007
:1069900000000000000000000000000000000000F7
:1069A00000000000000000000000000000000000E7
:1069B00000000000000000000000000000000000D7
:1069C00000000000000000000000000000000000C7
:1069D00000000000000000000000000000000000B7
:1069E00000000000000000000000000000000000A7
:1069F0000000000000000000000000000000000097
:106A00000000000000000000000000000000000086
:106A10000000000000000000000000000000000076
:106A20000000000000000000000000000000000066
:106A30000000000000000000000000000000000056
:106A40000000000000000000000000000000000046
:106A50000000000000000000000000000000000036
:106A60000000000000000000000000000000000026
:106A70000000000000000000000000000000000016
:106A80000000000000000000000000000000000006
:106A900000000000000000000000000000000000F6
:106AA00000000000000000000000000000000000E6
:106AB00000000000000000000000000000000000D6
:106AC00000000000000000000000000000000000C6
:106AD00000000000000000000000000000000000B6
:106AE00000000000000000000000000000000000A6
:106AF0000000000000000000000000000000000096
:106B00000000000000000000000000000000000085
:106B10000000000000000000000000000000000075
:106B20000000000000000000000000000000000065
:106B30000000000000000000000000000000000055
:106B40000000000000000000000000000000000045
:106B50000000000000000000000000000000000035
:106B60000000000000000000000000000000000025
:106B70000000000000000000000000000000000015
:106B80000000000000000000000000000000000005
:106B900000000000000000000000000000000000F5
:106BA00000000000000000000000000000000000E5
:106BB00000000000000000000000000000000000D5
:106BC00000000000000000000000000000000000C5
:106BD00000000000000000000000000000000000B5
:106BE00000000000000000000000000000000000A5
:106BF0000000000000000000000000000000000095
:106C00000000000000000000000000000000000084
:106C10000000000000000000000000000000000074
:106C20000000000000000000000000000000000064
:106C30000000000000000000000000000000000054
:106C40000000000000000000000000000000000044
:106C50000000000000000000000000000000000034
:106C60000000000000000000000000000000000024
:106C70000000000000000000000000000000000014
:106C80000000000000000000000000000000000004
:106C900000000000000000000000000000000000F4
:106CA00000000000000000000000000000000000E4
:106CB00000000000000000000000000000000000D4
:106CC00000000000000000000000000000000000C4
:106CD00000000000000000000000000000000000B4
:106CE00000000000000000000000000000000000A4
:106CF0000000000000000000000000000000000094
:106D00000000000000000000000000000000000083
:106D10000000000000000000000000000000000073
:106D20000000000000000000000000000000000063
:106D30000000000000000000000000000000000053
:106D40000000000000000000000000000000000043
:106D50000000000000000000000000000000000033
:106D60000000000000000000000000000000000023
:106D70000000000000000000000000000000000013
:106D80000000000000000000000000000000000003
:106D900000000000000000000000000000000000F3
:106DA00000000000000000000000000000000000E3
:106DB00000000000000000000000000000000000D3
:106DC00000000000000000000000000000000000C3
:106DD00000000000000000000000000000000000B3
:106DE00000000000000000000000000000000000A3
:106DF0000000000000000000000000000000000093
:106E00000000000000000000000000000000000082
:106E10000000000000000000000000000000000072
:106E20000000000000000000000000000000000062
:106E30000000000000000000000000000000000052
:106E40000000000000000000000000000000000042
:106E50000000000000000000000000000000000032
:106E60000000000000000000000000000000000022
:106E70000000000000000000000000000000000012
:106E80000000000000000000000000000000000002
:106E900000000000000000000000000000000000F2
:106EA00000000000000000000000000000000000E2
:106EB00000000000000000000000000000000000D2
:106EC00000000000000000000000000000000000C2
:106ED00000000000000000000000000000000000B2
:106EE00000000000000000000000000000000000A2
:106EF0000000000000000000000000000000000092
:106F00000000000000000000000000000000000081
:106F10000000000000000000000000000000000071
:106F20000000000000000000000000000000000061
:106F30000000000000000000000000000000000051
:106F40000000000000000000000000000000000041
:106F50000000000000000000000000000000000031
:106F60000000000000000000000000000000000021
:106F70000000000000000000000000000000000011
:106F80000000000000000000000000000000000001
:106F900000000000000000000000000000000000F1
:106FA00000000000000000000000000000000000E1
:106FB00000000000000000000000000000000000D1
:106FC00000000000000000000000000000000000C1
:106FD00000000000000000000000000000000000B1
:106FE00000000000000000000000000000000000A1
:106FF0000000000000000000000000000000000091
:107000000000000000000000000000000000000080
:107010000000000000000000000000000000000070
:107020000000000000000000000000000000000060
:107030000000000000000000000000000000000050
:107040000000000000000000000000000000000040
:107050000000000000000000000000000000000030
:107060000000000000000000000000000000000020
:107070000000000000000000000000000000000010
:107080000000000000000000000000000000000000
:1070900000000000000000000000000000000000F0
:1070A00000000000000000000000000000000000E0
:1070B00000000000000000000000000000000000D0
:1070C00000000000000000000000000000000000C0
:1070D00000000000000000000000000000000000B0
:1070E00000000000000000000000000000000000A0
:1070F0000000000000000000000000000000000090
:10710000000000000000000000000000000000007F
:10711000000000000000000000000000000000006F
:10712000000000000000000000000000000000005F
:10713000000000000000000000000000000000004F
:10714000000000000000000000000000000000003F
:10715000000000000000000000000000000000002F
:10716000000000000000000000000000000000001F
:10717000000000000000000000000000000000000F
:1071800000000000000000000000000000000000FF
:1071900000000000000000000000000000000000EF
:1071A00000000000000000000000000000000000DF
:1071B00000000000000000000000000000000000CF
:1071C00000000000000000000000000000000000BF
:1071D00000000000000000000000000000000000AF
:1071E000000000000000000000000000000000009F
:1071F000000000000000000000000000000000008F
:10720000000000000000000000000000000000007E
:10721000000000000000000000000000000000006E
:10722000000000000000000000000000000000005E
:10723000000000000000000000000000000000004E
:10724000000000000000000000000000000000003E
:10725000000000000000000000000000000000002E
:10726000000000000000000000000000000000001E
:10727000000000000000000000000000000000000E
:1072800000000000000000000000000000000000FE
:1072900000000000000000000000000000000000EE
:1072A00000000000000000000000000000000000DE
:1072B00000000000000000000000000000000000CE
:1072C00000000000000000000000000000000000BE
:1072D00000000000000000000000000000000000AE
:1072E000000000000000000000000000000000009E
:1072F000000000000000000000000000000000008E
:10730000000000000000000000000000000000007D
:10731000000000000000000000000000000000006D
:10732000000000000000000000000000000000005D
:10733000000000000000000000000000000000004D
:10734000000000000000000000000000000000003D
:10735000000000000000000000000000000000002D
:10736000000000000000000000000000000000001D
:10737000000000000000000000000000000000000D
:1073800000000000000000000000000000000000FD
:1073900000000000000000000000000000000000ED
:1073A00000000000000000000000000000000000DD
:1073B00000000000000000000000000000000000CD
:1073C00000000000000000000000000000000000BD
:1073D00000000000000000000000000000000000AD
:1073E000000000000000000000000000000000009D
:1073F000000000000000000000000000000000008D
:10740000000000000000000000000000000000007C
:10741000000000000000000000000000000000006C
:10742000000000000000000000000000000000005C
:10743000000000000000000000000000000000004C
:10744000000000000000000000000000000000003C
:10745000000000000000000000000000000000002C
:10746000000000000000000000000000000000001C
:10747000000000000000000000000000000000000C
:1074800000000000000000000000000000000000FC
:1074900000000000000000000000000000000000EC
:1074A00000000000000000000000000000000000DC
:1074B00000000000000000000000000000000000CC
:1074C00000000000000000000000000000000000BC
:1074D00000000000000000000000000000000000AC
:1074E000000000000000000000000000000000009C
:1074F000000000000000000000000000000000008C
:10750000000000000000000000000000000000007B
:10751000000000000000000000000000000000006B
:10752000000000000000000000000000000000005B
:10753000000000000000000000000000000000004B
:10754000000000000000000000000000000000003B
:10755000000000000000000000000000000000002B
:10756000000000000000000000000000000000001B
:10757000000000000000000000000000000000000B
:1075800000000000000000000000000000000000FB
:1075900000000000000000000000000000000000EB
:1075A00000000000000000000000000000000000DB
:1075B00000000000000000000000000000000000CB
:1075C00000000000000000000000000000000000BB
:1075D00000000000000000000000000000000000AB
:1075E000000000000000000000000000000000009B
:1075F000000000000000000000000000000000008B
:10760000000000000000000000000000000000007A
:10761000000000000000000000000000000000006A
:10762000000000000000000000000000000000005A
:10763000000000000000000000000000000000004A
:10764000000000000000000000000000000000003A
:10765000000000000000000000000000000000002A
:10766000000000000000000000000000000000001A
:10767000000000000000000000000000000000000A
:1076800000000000000000000000000000000000FA
:1076900000000000000000000000000000000000EA
:1076A00000000000000000000000000000000000DA
:1076B00000000000000000000000000000000000CA
:1076C00000000000000000000000000000000000BA
:1076D00000000000000000000000000000000000AA
:1076E000000000000000000000000000000000009A
:1076F000000000000000000000000000000000008A
:107700000000000000000000000000000000000079
:107710000000000000000000000000000000000069
:107720000000000000000000000000000000000059
:107730000000000000000000000000000000000049
:107740000000000000000000000000000000000039
:107750000000000000000000000000000000000029
:107760000000000000000000000000000000000019
:107770000000000000000000000000000000000009
:1077800000000000000000000000000000000000F9
:1077900000000000000000000000000000000000E9
:1077A00000000000000000000000000000000000D9
:1077B00000000000000000000000000000000000C9
:1077C00000000000000000000000000000000000B9
:1077D00000000000000000000000000000000000A9
:1077E0000000000000000000000000000000000099
:1077F0000000000000000000000000000000000089
:107800000000000000000000000000000000000078
:107810000000000000000000000000000000000068
:107820000000000000000000000000000000000058
:107830000000000000000000000000000000000048
:107840000000000000000000000000000000000038
:107850000000000000000000000000000000000028
:107860000000000000000000000000000000000018
:107870000000000000000000000000000000000008
:1078800000000000000000000000000000000000F8
:1078900000000000000000000000000000000000E8
:1078A00000000000000000000000000000000000D8
:1078B00000000000000000000000000000000000C8
:1078C00000000000000000000000000000000000B8
:1078D00000000000000000000000000000000000A8
:1078E0000000000000000000000000000000000098
:1078F0000000000000000000000000000000000088
:107900000000000000000000000000000000000077
:107910000000000000000000000000000000000067
:107920000000000000000000000000000000000057
:107930000000000000000000000000000000000047
:107940000000000000000000000000000000000037
:107950000000000000000000000000000000000027
:107960000000000000000000000000000000000017
:107970000000000000000000000000000000000007
:1079800000000000000000000000000000000000F7
:1079900000000000000000000000000000000000E7
:1079A00000000000000000000000000000000000D7
:1079B00000000000000000000000000000000000C7
:1079C00000000000000000000000000000000000B7
:1079D00000000000000000000000000000000000A7
:1079E0000000000000000000000000000000000097
:1079F0000000000000000000000000000000000087
:107A00000000000000000000000000000000000076
:107A1000000000009D090C000000000000000000B4
:107A20000000000000000000000000000000000056
:107A30000000000000000000000000000000000046
:107A40000000000000000000000000000000000036
:107A50000000000000000000000000000000000026
:107A60000000000000000000000000000000000016
:107A70000000000000000000000000000000000006
:107A800000000000000000000000000000000000F6
:107A900000000000000000000000000000000000E6
:107AA00000000000000000000000000000000000D6
:107AB00000000000000000000000000000000000C6
:107AC00000000000000000000000000000000000B6
:107AD00000000000000000000000000000000000A6
:107AE0000000000000000000000000000000000096
:107AF0000000000000000000000000000000000086
:107B00000000000000000000000000000000000075
:107B10000000000000000000000000000000000065
:107B20000000000000000000000000000000000055
:107B30000000000000000000000000000000000045
:107B40000000000000000000000000000000000035
:107B50000000000000000000000000000000000025
:107B60000000000000000000000000000000000015
:107B70000000000000000000000000000000000005
:107B800000000000000000000000000000000000F5
:107B900000000000000000000000000000000000E5
:107BA00000000000000000000000000000000000D5
:107BB00000000000000000000000000000000000C5
:107BC00000000000000000000000000000000000B5
:107BD00000000000000000000000000000000000A5
:107BE0000000000000000000000000000000000095
:107BF0000000000000000000000000000000000085
:107C00000000000000000000000000000000000074
:107C10000000000000000000000000000000000064
:107C20000000000000000000000000000000000054
:107C30000000000000000000000000000000000044
:107C40000000000000000000000000000000000034
:107C50000000000000000000000000000000000024
:107C60000000000000000000000000000000000014
:107C70000000000000000000000000000000000004
:107C8000201F022000000000000000000000000093
:107C900000000000000000000000000000000000E4
:107CA00000000000000000000000000000000000D4
:107CB00000000000000000000000000000000000C4
:107CC00000000000000000000000000000000000B4
:107CD00000000000000000000000000000000000A4
:107CE0000000000000000000000000000000000094
:107CF0000000000000000000000000000000000084
:107D00000000000000000000000000000000000073
:107D10000000000000000000000000000000000063
:107D20000000000000000000000000000000000053
:107D30000000000000000000000000000000000043
:107D40000000000000000000000000000000000033
:107D50000000000000000000000000000000000023
:107D60000000000000000000000000000000000013
:107D700000000000C9690A000000000000000000C7
:107D800000000000C01B0220C01B022001000000F8
:107D900001000000D01B0220D01B0220D81B0220B3
:107DA000D81B0220000000000000000000000000BE
:107DB00000000000000000000000000000000000C3
:107DC00000000000000000000000000000000000B3
:107DD00000000000000000000000000000000000A3
:107DE000670000000000000000000000000000002C
:107DF0000000000000000000000000000000000083
:107E00000000000000000000000000000000000072
:107E10000000000000000000000000000000000062
:107E20000000000000000000000000000000000052
:107E30000000000000000000000000000000000042
:107E40000000000000000000000000000000000032
:107E50000000000000000000000000000000000022
:107E60000000000000000000000000000100000011
:107E70000E000000FFFFFFFFB41C0220B41C022014
:107E80000100000001000000C41C0220C41C0220EC
:107E90000E000000010000000E000000FFFFFFFFC9
:107EA000DC1C0220DC1C022001000000010000009C
:107EB000EC1C0220EC1C02200E000000010000005F
:107EC0000E000000FFFFFFFF041D0220041D022022
:107ED0000100000001000000141D0220141D0220FA
:107EE0000E000000010000000E000000FFFFFFFF79
:107EF0002C1D02202C1D02200100000001000000AA
:107F00003C1D02203C1D02200E000000010000006C
:107F10000E000000FFFFFFFF541D0220541D022031
:107F20000100000001000000641D0220641D022009
:107F30000E000000E3080B0001000000010000003B
:107F400000000000000000000000000075EC0B00C5
:107F50000100000001000000650D0B0000000000A2
:107F60000100000058220220A41D0220A41D0220AE
:107F700000000000A8BC0B002456022000000000F6
:107F80008D220B00000000000000000000C0104027
:107F900000000000000000000000000000000000E1
:107FA00000000000000000000000000000000000D1
:107FB00000000000000000000000000000000000C1
:107FC00000000000000000000000000000000000B1
:107FD00000000000000000000000000000000000A1
:107FE0000000000000000000000000000000000091
:107FF0000000000000000000000000000000000081
:108000000001000000A00D40000000000000000082
:108010000000000000000000000000000000000060
:108020000000000000000000000000000000000050
:108030000000000000000000000000000000000040
:108040000000000000000000000000000000000030
:108050000000000000000000000000000000000020
:108060000000000000000000000000000000000010
:108070000000000000000000000000000000000000
:10808000510C0A0000000000000000000000000089
:10809000F5400A0000000000000000008001000020
:1080A0000000000009650B00000000000000000057
:1080B00000000000000000000000000000808101BE
:1080C00000000101F9630B000001000075480A007F
:1080D00018D00B0016650220FFFF00000000000012
:1080E0000000000000000000000000000000000090
:1080F000F2730220166E0220DC0500000000000072
:10810000000000000000000000000000000000006F
:10811000000000000000000000000000000000005F
:10812000000000000000000000000000000000004F
:10813000000000000000000000000000000000003F
:10814000000000000000000000000000000000002F
:10815000000000000000000000000000000000001F
:10816000000000008001000000000000717A0A0099
:1081700000000000000000000000000000C201003C
:1081800000010301904D02200000000000000000EB
:108190000001000000000000717A0A0000000000E9
:1081A000000000000000000000C201000001030008
:1081B000504E02200000000000000000797F0A00FD
:1081C00000000000FF0000000090104000000000D0
:1081D000000000000000000000000000000000009F
:1081E000000000000000000000000000000000008F
:1081F000000000000000000000000000000000007F
:10820000000000004020022040200220000000006A
:108210000100000050200220502002200090D003D6
:10822000FF0000000F000000710200006820022023
:10823000682002200000C07FBD3786359A99993E9C
:108240006F12833AA69B443B01010000000000002E
:10825000000000000000000000000000000000001E
:10826000000000000000000000000000000000000E
:1082700000000000000000000000000000000000FE
:1082800000000000000000000000000000000000EE
:1082900000000000000000000000000000000000DE
:1082A00000000000000000000000000000000000CE
:1082B00000000000000000000000000000000000BE
:1082C00000000000000000000000000000000000AE
:1082D000000000000000000000000000000000009E
:1082E000000000000000000000000000000000008E
:1082F000000000000000000000000000000000007E
:10830000000000000000000000000000000000006D
:10831000000000000000000000000000000000005D
:10832000000000000000000000000000000000004D
:10833000000000000000000000000000000000003D
:10834000000000000000000000000000000000002D
:10835000000000000000000000000000000000001D
:10836000000000000000000000000000000000000D
:1083700000000000000000000000000000000000FD
:1083800000000000000000000000000000000000ED
:108390000000000039E70A000000000000000000B3
:1083A00000000000E0210220E021022081630B0098
:1083B00000000000000000000000000000000000BD
:1083C0000000000000220220002202200000000025
:1083D00018370320000000000800000040000000E3
:1083E00000000000202202202022022000000000C5
:1083F00018350320000000000800000040000000C5
:10840000000000000000000030F002204C200000BE
:10841000000000000000000000000000000000005C
:10842000F0B1022000020000000000000000000087
:1084300000000000702202207022022000000000D4
:10844000000000000E00000084220220842202208E
:1084500000000000000000000E0000009822022032
:108460009822022000000000000000000E00000022
:10847000AC220220AC22022000000000000000001C
:108480000E000000C0220220C022022000000000D6
:10849000000000000E000000D4220220D42202209E
:1084A00000000000000000000E000000E822022092
:1084B000E822022000000000000000000E00000082
:1084C000FC220220FC2202200000000038000000F4
:1084D0000500000080200320982103208020032035
:1084E00080200320000000002423022024230220F7
:1084F0000000000030230220302302200100000091
:1085000001000000402302204023022048230220D3
:108510004823022000000000010000005823022030
:108520005823022060230220602302200000000064
:1085300001000000702302207023022000000000D0
:108540000000000000000000842302208423022099
:108550008C2302208C230220000000000000000079
:1085600000000000A0230220A0230220A823022054
:10857000A82302200000000000000000000000000E
:10858000BC230220BC230220C4230220C4230220D7
:10859000000000000000000000000000D8230220BE
:1085A000D8230220E0230220E02302200000000064
:1085B0000000000000000000F4230220F423022049
:1085C000FC230220FC230220000000000000000029
:1085D0000000000010240220102402201824022091
:1085E000182402200000000000000000000000002D
:1085F0002C2402202C2402203424022034240220A3
:108600000000000010001000040000000000000046
:10861000ECBF0B0018390320000000000000000030
:108620000000000060240220602402206824022050
:108630006824022000000000100010000400000068
:1086400000000000F8CE0B005833032000000000AB
:108650000000000000000000942402209424022066
:108660009C2402209C240220000000001000100026
:108670000400000000000000E4CE0B009829032055
:1086800000250220000000000000000000000000A3
:1086900000000000000000000000000000000000DA
:1086A00000000000000000000000000000000000CA
:1086B00000000000000000000000000000000000BA
:1086C400E48C0B0028250220684A022000020000E6
:1086D40000000000000000000000DC0500000000B5
:1086E400000000000000000069E40900E3330B000F
:1086F4003DE50900B9330B00000000000000000054
:02870400000073
:0487080015E015E083
:00000001FF
